date,adj_close
2018-03-27,13.44
2018-03-26,12.89
2018-03-23,13.07
2018-03-22,13.35
2018-03-21,13.88
2018-03-20,13.64
2018-03-19,14.07
2018-03-16,14.31
2018-03-15,14.36
2018-03-14,14.27
2018-03-13,14.43
2018-03-12,15.1
2018-03-09,14.94
2018-03-08,14.52
2018-03-07,14.51
2018-03-06,14.64
2018-03-05,14.42
2018-03-02,14.12
2018-03-01,14.02
2018-02-28,14.11
2018-02-27,14.5
2018-02-26,14.65
2018-02-23,14.49
2018-02-22,14.62
2018-02-21,14.49
2018-02-20,14.74
2018-02-16,15.05
2018-02-15,14.85
2018-02-14,14.9
2018-02-13,14.67
2018-02-12,14.82
2018-02-09,14.94
2018-02-08,14.45
2018-02-07,15.25
2018-02-06,15.27
2018-02-05,14.91
2018-02-02,15.64
2018-02-01,16.02
2018-01-31,16.17
2018-01-30,15.95
2018-01-29,16.28
2018-01-26,16.13
2018-01-25,16.18
2018-01-24,16.44
2018-01-23,16.89
2018-01-22,16.17
2018-01-19,16.26
2018-01-18,16.77
2018-01-17,17.35
2018-01-16,18.21
2018-01-12,18.76
2018-01-11,19.02
2018-01-10,18.929
2018-01-09,18.56
2018-01-08,18.28
2018-01-05,18.54
2018-01-04,18.53
2018-01-03,18.15
2018-01-02,17.98
2017-12-29,17.45
2017-12-28,17.36
2017-12-27,17.38
2017-12-26,17.43
2017-12-22,17.5
2017-12-21,17.47
2017-12-20,17.45
2017-12-19,17.59
2017-12-18,17.76
2017-12-15,17.82
2017-12-14,17.64
2017-12-13,17.76
2017-12-12,17.91
2017-12-11,17.65
2017-12-08,17.71
2017-12-07,17.71
2017-12-06,17.66
2017-12-05,17.76
2017-12-04,17.95
2017-12-01,17.88
2017-11-30,18.29
2017-11-29,18.48
2017-11-28,18.41
2017-11-27,18.12
2017-11-24,18.19
2017-11-22,18.15
2017-11-21,17.83
2017-11-20,17.98
2017-11-17,18.21
2017-11-16,18.25
2017-11-15,18.26
2017-11-14,17.9
2017-11-13,19.02
2017-11-10,20.49
2017-11-09,19.99
2017-11-07,20.21
2017-11-06,20.13
2017-11-03,20.14
2017-11-02,19.94
2017-11-01,20.02
2017-10-31,20.16
2017-10-30,20.41
2017-10-27,20.79
2017-10-26,21.32
2017-10-25,21.525
2017-10-24,21.89
2017-10-23,22.32
2017-10-20,23.83
2017-10-19,23.58
2017-10-18,23.12
2017-10-17,23.19
2017-10-16,23.36
2017-10-13,22.98
2017-10-12,23.05
2017-10-11,23.07
2017-10-10,23.36
2017-10-09,23.43
2017-10-06,24.39
2017-10-05,24.54
2017-10-04,24.48
2017-10-03,24.8
2017-10-02,24.57
2017-09-29,24.18
2017-09-28,24.24
2017-09-27,24.37
2017-09-26,24.93
2017-09-25,25.11
2017-09-22,24.87
2017-09-21,24.75
2017-09-20,24.32
2017-09-19,24.2
2017-09-18,24.46
2017-09-15,23.93
2017-09-14,24.019106330161
2017-09-13,23.870595779892
2017-09-12,23.672581712867
2017-09-11,23.484468349193
2017-09-08,23.583475382706
2017-09-07,23.781489449731
2017-09-06,24.672552751345
2017-09-05,24.514141497724
2017-09-01,24.890368225072
2017-08-31,24.306226727348
2017-08-30,24.038907736864
2017-08-29,24.197318990484
2017-08-28,24.227021100538
2017-08-25,24.24682250724
2017-08-24,24.058709143566
2017-08-23,24.147815473728
2017-08-22,24.355730244104
2017-08-21,24.24682250724
2017-08-18,24.306226727348
2017-08-17,24.504240794373
2017-08-16,24.850765411667
2017-08-15,24.890368225072
2017-08-14,25.1081836988
2017-08-11,24.94977244518
2017-08-10,25.048779478693
2017-08-09,25.454708316094
2017-08-08,25.306197765825
2017-08-07,25.375502689284
2017-08-04,25.524013239553
2017-08-03,25.504211832851
2017-08-02,25.26659495242
2017-08-01,25.18738932561
2017-07-31,25.355701282582
2017-07-28,25.276495655772
2017-07-27,25.533913942904
2017-07-26,25.335899875879
2017-07-25,25.18738932561
2017-07-24,25.177488622259
2017-07-21,25.65272238312
2017-07-20,26.424977244518
2017-07-19,26.6724948283
2017-07-18,26.622991311543
2017-07-17,26.553686388084
2017-07-14,26.514083574679
2017-07-13,26.523984278031
2017-07-12,26.316069507654
2017-07-11,26.118055440629
2017-07-10,25.781431526686
2017-07-07,25.89033926355
2017-07-06,26.04875051717
2017-07-05,27.078423665701
2017-07-03,27.177430699214
2017-06-30,26.741799751758
2017-06-29,26.75170045511
2017-06-28,26.811104675217
2017-06-27,26.939813818784
2017-06-26,27.335841952834
2017-06-23,27.296239139429
2017-06-22,27.276437732727
2017-06-21,27.504153909806
2017-06-20,27.8506785271
2017-06-19,28.514025651634
2017-06-16,28.712039718659
2017-06-15,28.652635498552
2017-06-14,28.171491173868
2017-06-13,27.935828647492
2017-06-12,28.416972972176
2017-06-09,27.435045778942
2017-06-08,27.091371261311
2017-06-07,27.179744708702
2017-06-06,27.42522650701
2017-06-05,27.474322866672
2017-06-02,27.376130147348
2017-06-01,27.219021796431
2017-05-31,26.885166550732
2017-05-30,26.865528006867
2017-05-26,26.953901454258
2017-05-25,26.993178541987
2017-05-24,27.327033787687
2017-05-23,27.768901024642
2017-05-22,27.670708305318
2017-05-19,27.543057770198
2017-05-18,26.983359270055
2017-05-17,26.914624366529
2017-05-16,27.533238498266
2017-05-15,27.670708305318
2017-05-12,27.759081752709
2017-05-11,28.34823806865
2017-05-10,28.1813104458
2017-05-09,28.407153700244
2017-05-08,28.544623507296
2017-05-05,28.691912586281
2017-05-04,28.672274042417
2017-05-03,28.701731858214
2017-05-02,28.466069331838
2017-05-01,28.416972972176
2017-04-28,28.466069331838
2017-04-27,28.554442779229
2017-04-26,28.731189674011
2017-04-25,28.917755840725
2017-04-24,29.015948560048
2017-04-21,29.015948560048
2017-04-20,29.722936139176
2017-04-19,29.457815797003
2017-04-18,29.300707446086
2017-04-17,29.104322007439
2017-04-13,29.025767831981
2017-04-12,29.23197254256
2017-04-11,29.497092884733
2017-04-10,29.467635068936
2017-04-07,29.447996525071
2017-04-06,29.389080893477
2017-04-05,29.428357981206
2017-04-04,29.477454340868
2017-04-03,29.339984533815
2017-03-31,29.261430358357
2017-03-30,29.330165261883
2017-03-29,29.143599095169
2017-03-28,29.084683463575
2017-03-27,28.907936568793
2017-03-24,29.182876182898
2017-03-23,29.084683463575
2017-03-22,28.996310016184
2017-03-21,28.858840209131
2017-03-20,29.202514726763
2017-03-17,29.339984533815
2017-03-16,29.212333998695
2017-03-15,29.222153270627
2017-03-14,29.006129288116
2017-03-13,29.320345989951
2017-03-10,29.732755411109
2017-03-09,29.123960551304
2017-03-08,29.261430358357
2017-03-07,29.320345989951
2017-03-06,29.457815797003
2017-03-03,29.575647060191
2017-03-02,29.644381963718
2017-03-01,29.644381963718
2017-02-28,29.271249630289
2017-02-27,29.398900165409
2017-02-24,29.644381963718
2017-02-23,29.477454340868
2017-02-22,29.545644089839
2017-02-21,29.730730551332
2017-02-17,29.58460966068
2017-02-16,29.662540802361
2017-02-15,29.565126875259
2017-02-14,29.496937126288
2017-02-13,29.263143701245
2017-02-10,28.951419134521
2017-02-09,28.824781029289
2017-02-08,28.668918745927
2017-02-07,28.795556851159
2017-02-06,28.89297077826
2017-02-03,28.9319363491
2017-02-02,28.91245356368
2017-02-01,28.92219495639
2017-01-31,28.9319363491
2017-01-30,29.185212559564
2017-01-27,29.233919523115
2017-01-26,29.535902697129
2017-01-25,29.58460966068
2017-01-24,29.224178130405
2017-01-23,28.980643312651
2017-01-20,29.740471944042
2017-01-19,30.402886648331
2017-01-18,30.422369433751
2017-01-17,30.461335004592
2017-01-13,30.549007538983
2017-01-12,30.578231717113
2017-01-11,30.656162858794
2017-01-10,30.558748931693
2017-01-09,30.646421466084
2017-01-06,30.792542356736
2017-01-05,30.704869822345
2017-01-04,30.880214891127
2017-01-03,30.870473498417
2016-12-30,30.782800964026
2016-12-29,30.889956283838
2016-12-28,30.880214891127
2016-12-27,31.07504274533
2016-12-23,31.05555995991
2016-12-22,30.997111603649
2016-12-21,31.064790886626
2016-12-20,31.180812514588
2016-12-19,30.861753037694
2016-12-16,30.697389064749
2016-12-15,30.223634083907
2016-12-14,30.45567733983
2016-12-13,30.687720595752
2016-12-12,30.803742223714
2016-12-09,30.726394471739
2016-12-08,30.48468274682
2016-12-07,30.552362029798
2016-12-06,30.136617862936
2016-12-05,30.078607048956
2016-12-02,30.300981835882
2016-12-01,30.349324180865
2016-11-30,29.740210634069
2016-11-29,30.020596234975
2016-11-28,30.213965614911
2016-11-25,30.397666525849
2016-11-23,30.300981835882
2016-11-22,30.146286331933
2016-11-21,29.846563793033
2016-11-18,29.653194413098
2016-11-17,29.769216041059
2016-11-16,29.720873696075
2016-11-15,29.730542165072
2016-11-14,29.498498909149
2016-11-11,29.691868289085
2016-11-10,29.401814219182
2016-11-09,28.647673637434
2016-11-08,28.444635788501
2016-11-07,28.338282629537
2016-11-04,27.497125826818
2016-11-03,27.342430322869
2016-11-02,27.545468171802
2016-11-01,27.922538462676
2016-10-31,28.135244780605
2016-10-28,28.251266408566
2016-10-27,27.680826737756
2016-10-26,27.912869993679
2016-10-25,27.70016367575
2016-10-24,27.961212338663
2016-10-21,28.019223152643
2016-10-20,28.106239373614
2016-10-19,28.096570904618
2016-10-18,28.019223152643
2016-10-17,27.893533055685
2016-10-14,27.932206931673
2016-10-13,27.816185303711
2016-10-12,27.941875400669
2016-10-11,27.961212338663
2016-10-10,27.903201524682
2016-10-07,28.115907842611
2016-10-06,28.29960875355
2016-10-05,28.521983540476
2016-10-04,28.521983540476
2016-10-03,28.65734210643
2016-09-30,28.638005168437
2016-09-29,28.550988947466
2016-09-28,28.908722300346
2016-09-27,28.889385362353
2016-09-26,28.560657416463
2016-09-23,28.89905383135
2016-09-22,29.044080866301
2016-09-21,28.860379955363
2016-09-20,28.686347513421
2016-09-19,28.454304257498
2016-09-16,28.696015982417
2016-09-15,28.763695265395
2016-09-14,28.495055016085
2016-09-13,28.638969435358
2016-09-12,29.253004290924
2016-09-09,28.888421095432
2016-09-08,29.780690494925
2016-09-07,29.799879084162
2016-09-06,29.790284789543
2016-09-02,30.02054786038
2016-09-01,29.934199208817
2016-08-31,29.972576387289
2016-08-30,30.097302217326
2016-08-29,30.087707922708
2016-08-26,29.962982092671
2016-08-25,29.943793503435
2016-08-24,29.953387798053
2016-08-23,29.962982092671
2016-08-22,30.049330744235
2016-08-19,29.982170681908
2016-08-18,30.154867985035
2016-08-17,30.02054786038
2016-08-16,29.924604914198
2016-08-15,29.972576387289
2016-08-12,29.972576387289
2016-08-11,30.02054786038
2016-08-10,30.001359271144
2016-08-09,30.030142154999
2016-08-08,30.001359271144
2016-08-05,30.010953565762
2016-08-04,29.905416324962
2016-08-03,29.867039146489
2016-08-02,29.790284789543
2016-08-01,29.886227735725
2016-07-29,29.876633441107
2016-07-28,29.982170681908
2016-07-27,30.010953565762
2016-07-26,30.193245163508
2016-07-25,30.356348172018
2016-07-22,30.759308545983
2016-07-21,31.267806160748
2016-07-20,31.450097758494
2016-07-19,31.594012177767
2016-07-18,31.574823588531
2016-07-15,31.546040704676
2016-07-14,31.306183339221
2016-07-13,31.047137384529
2016-07-12,30.951194438347
2016-07-11,30.903222965256
2016-07-08,30.893628670638
2016-07-07,30.529045475146
2016-07-06,30.4522911182
2016-07-05,30.174056574272
2016-07-01,30.212433752745
2016-06-30,30.202839458126
2016-06-29,29.310570058633
2016-06-28,28.725318086922
2016-06-27,28.130471820593
2016-06-24,28.610186551503
2016-06-23,29.924604914198
2016-06-22,29.531238834852
2016-06-21,29.684747548743
2016-06-20,29.579210307943
2016-06-17,29.358541531724
2016-06-16,29.396918710197
2016-06-15,29.130279991737
2016-06-14,28.987437821133
2016-06-13,28.406546327346
2016-06-10,28.606525366191
2016-06-09,28.796981593662
2016-06-08,28.863641273277
2016-06-07,28.701753479926
2016-06-06,28.682707857179
2016-06-03,28.511297252455
2016-06-02,28.616048177564
2016-06-01,28.673185045806
2016-05-31,28.787458782289
2016-05-27,28.682707857179
2016-05-26,28.587479743444
2016-05-25,28.654139423059
2016-05-24,28.425591950093
2016-05-23,28.082770740645
2016-05-20,28.14943042026
2016-05-19,27.958974192788
2016-05-18,28.197044477127
2016-05-17,28.292272590863
2016-05-16,28.530342875202
2016-05-13,28.225612911248
2016-05-12,28.654139423059
2016-05-11,28.892209707398
2016-05-10,29.025529066628
2016-05-09,28.44463757284
2016-05-06,28.682707857179
2016-05-05,28.463683195587
2016-05-04,28.635093800312
2016-05-03,29.168371237231
2016-05-02,29.415964332944
2016-04-29,29.282644973714
2016-04-28,29.425487144317
2016-04-27,29.454055578438
2016-04-26,29.425487144317
2016-04-25,29.215985294099
2016-04-22,29.292167785088
2016-04-21,29.501669635306
2016-04-20,29.663557428657
2016-04-19,29.663557428657
2016-04-18,29.577852126294
2016-04-15,29.549283692174
2016-04-14,29.5397608808
2016-04-13,29.501669635306
2016-04-12,29.339781841955
2016-04-11,29.24455372822
2016-04-08,29.320736219208
2016-04-07,29.168371237231
2016-04-06,29.425487144317
2016-04-05,29.501669635306
2016-04-04,29.739739919645
2016-04-01,30.406336715795
2016-03-31,30.273017356565
2016-03-30,30.311108602059
2016-03-29,29.977810203984
2016-03-28,29.987333015358
2016-03-24,29.625466183162
2016-03-23,29.587374937668
2016-03-22,29.577852126294
2016-03-21,29.606420560415
2016-03-18,29.444532767065
2016-03-17,29.482624012559
2016-03-16,28.730321914047
2016-03-15,28.835072839156
2016-03-14,28.825550027783
2016-03-11,28.892209707398
2016-03-10,28.511297252455
2016-03-09,28.616048177564
2016-03-08,28.625570988938
2016-03-07,28.84459565053
2016-03-04,29.006483443881
2016-03-03,28.777935970915
2016-03-02,28.739844725421
2016-03-01,28.454160384214
2016-02-29,27.74947234257
2016-02-26,27.997065438283
2016-02-25,27.835177644932
2016-02-24,27.362754399091
2016-02-23,27.608414486928
2016-02-22,27.787935320348
2016-02-19,27.419445188592
2016-02-18,27.476135978093
2016-02-17,27.72179606593
2016-02-16,27.268269749923
2016-02-12,26.701361854914
2016-02-11,25.936036196653
2016-02-10,26.739155714582
2016-02-09,26.720258784748
2016-02-08,26.616325670663
2016-02-05,26.965918872585
2016-02-04,27.570620627261
2016-02-03,27.088748916504
2016-02-02,26.682464925081
2016-02-01,27.060403521753
2016-01-29,27.495032907927
2016-01-28,26.65411953033
2016-01-27,26.455701767077
2016-01-26,26.748604179498
2016-01-25,26.493495626745
2016-01-22,26.682464925081
2016-01-21,27.013161197169
2016-01-20,26.455701767077
2016-01-19,26.918676548001
2016-01-15,26.918676548001
2016-01-14,27.457239048259
2016-01-13,26.682464925081
2016-01-12,27.060403521753
2016-01-11,27.003712732252
2016-01-08,26.880882688334
2016-01-07,27.372202864008
2016-01-06,28.58160637336
2016-01-05,29.044581154284
2016-01-04,29.016235759534
2015-12-31,29.431968215873
2015-12-30,29.337483566705
2015-12-29,29.554798259792
2015-12-28,29.195756592953
2015-12-24,29.129617338535
2015-12-23,29.242998917537
2015-12-22,28.808369531364
2015-12-21,28.723333347112
2015-12-18,28.609951768111
2015-12-17,28.865060320865
2015-12-16,29.052617567914
2015-12-15,28.433678652652
2015-12-14,28.377411478537
2015-12-11,28.377411478537
2015-12-10,28.743148110283
2015-12-09,28.574346587938
2015-12-08,28.31176644207
2015-12-07,28.480567964414
2015-12-04,28.593102312643
2015-12-03,28.16172064443
2015-12-02,28.105453470316
2015-12-01,28.293010717365
2015-11-30,28.077319883258
2015-11-27,28.471190102061
2015-11-25,28.471190102061
2015-11-24,28.752525972635
2015-11-23,28.686880936168
2015-11-20,28.752525972635
2015-11-19,28.386789340889
2015-11-18,28.621235899701
2015-11-17,28.433678652652
2015-11-16,28.471190102061
2015-11-13,28.396167203242
2015-11-12,28.283632855012
2015-11-11,28.761903834988
2015-11-10,28.246121405602
2015-11-09,27.899140498562
2015-11-06,28.058564158553
2015-11-05,27.795984012684
2015-11-04,27.70220538916
2015-11-03,27.749094700922
2015-11-02,27.570915316226
2015-10-30,27.120777923308
2015-10-29,27.514648142111
2015-10-28,27.561537453873
2015-10-27,27.62718249034
2015-10-26,27.711583251512
2015-10-23,27.674071802103
2015-10-22,27.73971683857
2015-10-21,27.05513288684
2015-10-20,26.989487850373
2015-10-19,27.186422959775
2015-10-16,27.177045097422
2015-10-15,26.286148173939
2015-10-14,25.882900092783
2015-10-13,26.136102376299
2015-10-12,26.342415348054
2015-10-09,26.323659623349
2015-10-08,26.286148173939
2015-10-07,26.042323752775
2015-10-06,25.592186359857
2015-10-05,25.151426829291
2015-10-02,23.88541541171
2015-10-01,23.622835265841
2015-09-30,23.650968852898
2015-09-29,23.041407799988
2015-09-28,22.797583378825
2015-09-25,23.369632982324
2015-09-24,23.360255119972
2015-09-23,23.575945954079
2015-09-22,23.547812367021
2015-09-21,23.529056642316
2015-09-18,23.257098634095
2015-09-17,23.77288106348
2015-09-16,24.098155042066
2015-09-15,23.512661880612
2015-09-14,23.020104141611
2015-09-11,23.187387902026
2015-09-10,22.936462261403
2015-09-09,22.815646212214
2015-09-08,23.196681444271
2015-09-04,22.304501388723
2015-09-03,22.778472043233
2015-09-02,22.834233296705
2015-09-01,22.192978881779
2015-08-31,23.066571852837
2015-08-28,23.382552289178
2015-08-27,23.243149155498
2015-08-26,22.313794930968
2015-08-25,21.626072804816
2015-08-24,22.183685339534
2015-08-21,22.852820381195
2015-08-20,23.410432915913
2015-08-19,23.91228419716
2015-08-18,24.2282646335
2015-08-17,24.358374224934
2015-08-14,24.237558175745
2015-08-13,23.968045450631
2015-08-12,24.033100246349
2015-08-11,23.893697112669
2015-08-10,24.38625485167
2015-08-07,23.968045450631
2015-08-06,24.191090464519
2015-08-05,24.256145260236
2015-08-04,24.07027441533
2015-08-03,24.042393788594
2015-07-31,24.256145260236
2015-07-30,24.274732344726
2015-07-29,24.404841936161
2015-07-28,24.256145260236
2015-07-27,24.116742126556
2015-07-24,23.93087128165
2015-07-23,24.404841936161
2015-07-22,24.748702999237
2015-07-21,24.953160928633
2015-07-20,25.222673653747
2015-07-17,25.3156090762
2015-07-16,25.129738231294
2015-07-15,24.878812590671
2015-07-14,24.776583625973
2015-07-13,24.600006323312
2015-07-10,24.414135478406
2015-07-09,24.181796922273
2015-07-08,24.060980873084
2015-07-07,24.600006323312
2015-07-06,24.451309647387
2015-07-02,24.888106132916
2015-07-01,24.776583625973
2015-06-30,24.692941745765
2015-06-29,24.757996541482
2015-06-26,25.176205942521
2015-06-25,25.129738231294
2015-06-24,25.334196160691
2015-06-23,25.603708885804
2015-06-22,25.482892836616
2015-06-19,25.3156090762
2015-06-18,25.436425125389
2015-06-17,25.132293955412
2015-06-16,25.086213475112
2015-06-15,25.076997379052
2015-06-12,25.242887108131
2015-06-11,25.35348026085
2015-06-10,25.464073413569
2015-06-09,25.187590531771
2015-06-08,25.104645667232
2015-06-05,25.150726147531
2015-06-04,25.123077859352
2015-06-03,25.37191245297
2015-06-02,25.187590531771
2015-06-01,25.141510051471
2015-05-29,25.132293955412
2015-05-28,25.464073413569
2015-05-27,25.36269635691
2015-05-26,25.36269635691
2015-05-22,25.510153893868
2015-05-21,25.547018278108
2015-05-20,25.473289509629
2015-05-19,25.206022723891
2015-05-18,25.169158339651
2015-05-15,25.132293955412
2015-05-14,25.26131930025
2015-05-13,25.076997379052
2015-05-12,24.911107649973
2015-05-11,24.809730593314
2015-05-08,25.215238819951
2015-05-07,24.920323746033
2015-05-06,24.708353536655
2015-05-05,24.809730593314
2015-05-04,25.132293955412
2015-05-01,25.169158339651
2015-04-30,24.957188130273
2015-04-29,24.966404226333
2015-04-28,24.994052514513
2015-04-27,24.772866209075
2015-04-24,24.699137440595
2015-04-23,24.745217920895
2015-04-22,24.800514497254
2015-04-21,24.533247711517
2015-04-20,24.901891553913
2015-04-17,25.113861763292
2015-04-16,25.141510051471
2015-04-15,25.30739978055
2015-04-14,25.556234374168
2015-04-13,25.464073413569
2015-04-10,26.275089866842
2015-04-09,23.713015162183
2015-04-08,23.049456245869
2015-04-07,23.058672341929
2015-04-06,23.206129878888
2015-04-02,22.984943573449
2015-04-01,22.89278261285
2015-03-31,22.86513432467
2015-03-30,23.150833302528
2015-03-27,22.91121480497
2015-03-26,22.85591822861
2015-03-25,22.95729528527
2015-03-24,23.289074743427
2015-03-23,23.473396664625
2015-03-20,23.408883992206
2015-03-19,23.344371319786
2015-03-18,23.630070297644
2015-03-17,23.325939127667
2015-03-16,23.454964472505
2015-03-13,23.077104534049
2015-03-12,23.408883992206
2015-03-11,23.215345974947
2015-03-10,23.196913782828
2015-03-09,23.630070297644
2015-03-06,23.427316184326
2015-03-05,23.795960026723
2015-03-04,23.648502489764
2015-03-03,23.832824410962
2015-03-02,24.06322681246
2015-02-27,23.952633659741
2015-02-26,23.860472699142
2015-02-25,23.878904891262
2015-02-24,23.399667896146
2015-02-23,23.196913782828
2015-02-20,23.233778167067
2015-02-19,23.049456245869
2015-02-18,23.058588360071
2015-02-17,22.985531446455
2015-02-13,22.967267218051
2015-02-12,22.729832248799
2015-02-11,22.620246878374
2015-02-10,22.574586307364
2015-02-09,22.501529393748
2015-02-06,22.391944023324
2015-02-05,22.37367979492
2015-02-04,22.063187912052
2015-02-03,22.346283452314
2015-02-02,22.108848483062
2015-01-30,21.816620828598
2015-01-29,21.990130998436
2015-01-28,21.770960257588
2015-01-27,22.264094424496
2015-01-26,22.455868822738
2015-01-23,22.355415566516
2015-01-22,22.172773282476
2015-01-21,21.953602541628
2015-01-20,21.78009237179
2015-01-16,21.542657402537
2015-01-15,21.533525288335
2015-01-14,21.716167572376
2015-01-13,21.789224485992
2015-01-12,21.898809856416
2015-01-09,21.944470427426
2015-01-08,22.254962310294
2015-01-07,21.990130998436
2015-01-06,21.980998884234
2015-01-05,22.46500093694
2015-01-02,22.885078190233
2014-12-31,23.076852588475
2014-12-30,23.350816014535
2014-12-29,23.469533499161
2014-12-26,23.542590412777
2014-12-24,23.588250983787
2014-12-23,23.633911554797
2014-12-22,23.478665613363
2014-12-19,23.396476585545
2014-12-18,22.958135103849
2014-12-17,22.315633096607
2014-12-16,22.16179458783
2014-12-15,22.252287828287
2014-12-12,22.523767549657
2014-12-11,22.994332400031
2014-12-10,22.867641863392
2014-12-09,23.148170908808
2014-12-08,23.24771347331
2014-12-05,23.537291842771
2014-12-04,23.609686435137
2014-12-03,23.872116832461
2014-12-02,23.573489138954
2014-12-01,23.546341166817
2014-11-28,23.971659396963
2014-11-26,24.315533710698
2014-11-25,24.306484386653
2014-11-24,24.433174923292
2014-11-21,24.424125599246
2014-11-20,24.297435062607
2014-11-19,24.360780330927
2014-11-18,24.442224247338
2014-11-17,24.080251285511
2014-11-14,23.944511424826
2014-11-13,23.908314128643
2014-11-12,23.9988073691
2014-11-11,23.872116832461
2014-11-10,23.953560748872
2014-11-07,23.899264804598
2014-11-06,23.854018184369
2014-11-05,23.365354685904
2014-11-04,23.256762797356
2014-11-03,23.256762797356
2014-10-31,23.356305361858
2014-10-30,23.229614825219
2014-10-29,23.220565501173
2014-10-28,23.419650630178
2014-10-27,23.093874964534
2014-10-24,23.202466853082
2014-10-23,23.021480372168
2014-10-22,22.795247271027
2014-10-21,23.030529696214
2014-10-20,22.650458086296
2014-10-17,22.460422281337
2014-10-16,21.944610810734
2014-10-15,21.971758782871
2014-10-14,21.808870950049
2014-10-13,21.673131089365
2014-10-10,21.962709458826
2014-10-09,22.424224985155
2014-10-08,22.849543215301
2014-10-07,22.451372957292
2014-10-06,22.822395243164
2014-10-03,22.985283075986
2014-10-02,22.731902002707
2014-10-01,22.76809929889
2014-09-30,23.18436820499
2014-09-29,23.003381724077
2014-09-26,23.193417529036
2014-09-25,23.121022936671
2014-09-24,23.464897250406
2014-09-23,23.546341166817
2014-09-22,23.600637111091
2014-09-19,23.79067291605
2014-09-18,23.718278323685
2014-09-17,23.57469434594
2014-09-16,23.520850354286
2014-09-15,23.260604394624
2014-09-12,23.215734401578
2014-09-11,23.350344380714
2014-09-10,23.287526390451
2014-09-09,23.242656397406
2014-09-08,23.404188372368
2014-09-05,23.422136369586
2014-09-04,23.29650038906
2014-09-03,23.287526390451
2014-09-02,23.19778640436
2014-08-29,23.314448386278
2014-08-28,23.341370382105
2014-08-27,23.449058365413
2014-08-26,23.341370382105
2014-08-25,23.511876355677
2014-08-22,23.467006362631
2014-08-21,23.718278323685
2014-08-20,23.655460333421
2014-08-19,23.377266376541
2014-08-18,23.395214373759
2014-08-15,23.009332433571
2014-08-14,23.224708400187
2014-08-13,23.179838407142
2014-08-12,22.982410437743
2014-08-11,23.143942412706
2014-08-08,23.027280430789
2014-08-07,22.883696453044
2014-08-06,22.82985246139
2014-08-05,22.45294451981
2014-08-04,22.677294485036
2014-08-01,22.749086473909
2014-07-31,22.569606501728
2014-07-30,23.009332433571
2014-07-29,22.838826459999
2014-07-28,22.964462440525
2014-07-25,23.143942412706
2014-07-24,23.278552391842
2014-07-23,23.251630396015
2014-07-22,23.350344380714
2014-07-21,23.314448386278
2014-07-18,23.745200319512
2014-07-17,23.879810298647
2014-07-16,24.247744241618
2014-07-15,23.879810298647
2014-07-14,23.924680291692
2014-07-11,23.825966306993
2014-07-10,23.511876355677
2014-07-09,23.619564338985
2014-07-08,23.66443433203
2014-07-07,24.005446279174
2014-07-03,24.104160263873
2014-07-02,23.879810298647
2014-07-01,23.691356327857
2014-06-30,23.583668344549
2014-06-27,23.718278323685
2014-06-26,23.592642343158
2014-06-25,23.709304325075
2014-06-24,23.85288830282
2014-06-23,23.94262828891
2014-06-20,24.202874248573
2014-06-19,24.166978254136
2014-06-18,23.935544944889
2014-06-17,23.917742382639
2014-06-16,23.873235977014
2014-06-13,24.069064161762
2014-06-12,23.997853912763
2014-06-11,24.166978254136
2014-06-10,24.398411563384
2014-06-09,24.425115406759
2014-06-06,24.193682097511
2014-06-05,23.82872957139
2014-06-04,23.632901386642
2014-06-03,23.84653213364
2014-06-02,23.882137258139
2014-05-30,23.84653213364
2014-05-29,23.802025728015
2014-05-28,23.730815479016
2014-05-27,23.650703948891
2014-05-23,23.597296262142
2014-05-22,23.597296262142
2014-05-21,23.579493699892
2014-05-20,23.410369358519
2014-05-19,23.686309073391
2014-05-16,23.739716760141
2014-05-15,23.677407792266
2014-05-14,23.819828290265
2014-05-13,23.962248788263
2014-05-12,23.899939820389
2014-05-09,23.517184732018
2014-05-08,23.534987294268
2014-05-07,23.615098824392
2014-05-06,23.312455266145
2014-05-05,23.659605230016
2014-05-02,23.748618041265
2014-05-01,23.82872957139
2014-04-30,23.935544944889
2014-04-29,23.819828290265
2014-04-28,23.837630852515
2014-04-25,23.677407792266
2014-04-24,23.552789856517
2014-04-23,23.517184732018
2014-04-22,23.659605230016
2014-04-21,23.668506511141
2014-04-17,23.641802667767
2014-04-16,23.25014629827
2014-04-15,22.983107864523
2014-04-14,22.885193772149
2014-04-11,22.635957900651
2014-04-10,22.769477117525
2014-04-09,23.098824519147
2014-04-08,22.920798896649
2014-04-07,23.009811707898
2014-04-04,23.161133487021
2014-04-03,23.348060390644
2014-04-02,23.178936049271
2014-04-01,23.027614270148
2014-03-31,23.045416832397
2014-03-28,23.036515551273
2014-03-27,22.974206583398
2014-03-26,22.805082242025
2014-03-25,22.876292491024
2014-03-24,22.618155338402
2014-03-21,22.609254057277
2014-03-20,22.493537402653
2014-03-19,22.502438683778
2014-03-18,22.8317860854
2014-03-17,22.635957900651
2014-03-14,22.351116904654
2014-03-13,22.555846370527
2014-03-12,22.929700177774
2014-03-11,23.054318113522
2014-03-10,23.178936049271
2014-03-07,23.259047579395
2014-03-06,23.33915910952
2014-03-05,23.081021956897
2014-03-04,22.8317860854
2014-03-03,22.360018185779
2014-02-28,22.671563025151
2014-02-27,22.698266868526
2014-02-26,22.520241246028
2014-02-25,22.493537402653
2014-02-24,22.511339964903
2014-02-21,22.199795125531
2014-02-20,22.360018185779
2014-02-19,22.412962190955
2014-02-18,22.633562212519
2014-02-14,22.712978220282
2014-02-13,22.448258194405
2014-02-12,22.404138190092
2014-02-11,22.439434193542
2014-02-10,22.104122160764
2014-02-07,22.22765817284
2014-02-06,22.015882152139
2014-02-05,21.636450115048
2014-02-04,21.68057011936
2014-02-03,21.486442100384
2014-01-31,22.174714167665
2014-01-30,22.50120219958
2014-01-29,22.315898181466
2014-01-28,22.46590619613
2014-01-27,22.12177016249
2014-01-24,22.015882152139
2014-01-23,22.783570227183
2014-01-22,22.933578241847
2014-01-21,23.198298267724
2014-01-17,23.454194292739
2014-01-16,24.001282346219
2014-01-15,24.124818358295
2014-01-14,23.79833032638
2014-01-13,23.586554305678
2014-01-10,23.789506325517
2014-01-09,24.018930347944
2014-01-08,24.010106347082
2014-01-07,24.080698353982
2014-01-06,24.054226351395
2014-01-03,24.248354370371
2014-01-02,24.266002372097
2013-12-31,24.733674417813
2013-12-30,24.610138405737
