date,ticker,adj_close
2018-03-27,UAA,16.44
2018-03-26,UAA,16.67
2018-03-23,UAA,15.78
2018-03-22,UAA,15.73
2018-03-21,UAA,15.95
2018-03-20,UAA,16.0
2018-03-19,UAA,16.15
2018-03-16,UAA,16.19
2018-03-15,UAA,15.9
2018-03-14,UAA,16.08
2018-03-13,UAA,16.56
2018-03-12,UAA,17.18
2018-03-09,UAA,17.05
2018-03-08,UAA,17.16
2018-03-07,UAA,17.38
2018-03-06,UAA,17.62
2018-03-05,UAA,17.42
2018-03-02,UAA,17.02
2018-03-01,UAA,16.14
2018-02-28,UAA,16.58
2018-02-27,UAA,16.75
2018-02-26,UAA,17.25
2018-02-23,UAA,17.02
2018-02-22,UAA,16.62
2018-02-21,UAA,17.03
2018-02-20,UAA,17.14
2018-02-16,UAA,17.36
2018-02-15,UAA,18.41
2018-02-14,UAA,17.76
2018-02-13,UAA,16.7
2018-02-12,UAA,14.23
2018-02-09,UAA,13.75
2018-02-08,UAA,13.14
2018-02-07,UAA,13.26
2018-02-06,UAA,13.1
2018-02-05,UAA,12.92
2018-02-02,UAA,13.65
2018-02-01,UAA,13.95
2018-01-31,UAA,13.86
2018-01-30,UAA,14.11
2018-01-29,UAA,14.53
2018-01-26,UAA,14.62
2018-01-25,UAA,14.57
2018-01-24,UAA,14.93
2018-01-23,UAA,14.99
2018-01-22,UAA,14.55
2018-01-19,UAA,14.21
2018-01-18,UAA,13.7
2018-01-17,UAA,13.83
2018-01-16,UAA,13.81
2018-01-12,UAA,15.12
2018-01-11,UAA,15.3
2018-01-10,UAA,15.06
2018-01-09,UAA,15.11
2018-01-08,UAA,15.98
2018-01-05,UAA,15.87
2018-01-04,UAA,15.92
2018-01-03,UAA,15.72
2018-01-02,UAA,15.03
2017-12-29,UAA,14.43
2017-12-28,UAA,15.52
2017-12-27,UAA,15.73
2017-12-26,UAA,15.66
2017-12-22,UAA,15.5
2017-12-21,UAA,15.51
2017-12-20,UAA,15.17
2017-12-19,UAA,15.43
2017-12-18,UAA,15.65
2017-12-15,UAA,15.17
2017-12-14,UAA,13.82
2017-12-13,UAA,13.62
2017-12-12,UAA,13.59
2017-12-11,UAA,13.5
2017-12-08,UAA,13.63
2017-12-07,UAA,13.28
2017-12-06,UAA,12.89
2017-12-05,UAA,13.01
2017-12-04,UAA,13.35
2017-12-01,UAA,13.15
2017-11-30,UAA,13.29
2017-11-29,UAA,13.57
2017-11-28,UAA,12.88
2017-11-27,UAA,12.68
2017-11-24,UAA,12.99
2017-11-22,UAA,13.09
2017-11-21,UAA,12.85
2017-11-20,UAA,13.44
2017-11-17,UAA,13.08
2017-11-16,UAA,12.76
2017-11-15,UAA,12.41
2017-11-14,UAA,12.15
2017-11-13,UAA,12.17
2017-11-10,UAA,12.52
2017-11-09,UAA,12.01
2017-11-07,UAA,11.88
2017-11-06,UAA,12.02
2017-11-03,UAA,11.61
2017-11-02,UAA,11.78
2017-11-01,UAA,12.05
2017-10-31,UAA,12.52
2017-10-30,UAA,16.41
2017-10-27,UAA,16.04
2017-10-26,UAA,16.38
2017-10-25,UAA,15.99
2017-10-24,UAA,16.3
2017-10-23,UAA,16.85
2017-10-20,UAA,17.48
2017-10-19,UAA,16.45
2017-10-18,UAA,16.33
2017-10-17,UAA,16.31
2017-10-16,UAA,16.25
2017-10-13,UAA,16.19
2017-10-12,UAA,16.55
2017-10-11,UAA,16.52
2017-10-10,UAA,16.84
2017-10-09,UAA,16.65
2017-10-06,UAA,17.02
2017-10-05,UAA,16.53
2017-10-04,UAA,16.47
2017-10-03,UAA,16.71
2017-10-02,UAA,16.6
2017-09-29,UAA,16.48
2017-09-28,UAA,16.46
2017-09-27,UAA,16.42
2017-09-26,UAA,16.54
2017-09-25,UAA,16.74
2017-09-22,UAA,16.41
2017-09-21,UAA,16.49
2017-09-20,UAA,16.54
2017-09-19,UAA,16.81
2017-09-18,UAA,17.37
2017-09-15,UAA,17.79
2017-09-14,UAA,17.95
2017-09-13,UAA,18.12
2017-09-12,UAA,17.54
2017-09-11,UAA,17.42
2017-09-08,UAA,17.42
2017-09-07,UAA,17.33
2017-09-06,UAA,17.03
2017-09-05,UAA,16.76
2017-09-01,UAA,16.37
2017-08-31,UAA,16.15
2017-08-30,UAA,16.23
2017-08-29,UAA,16.43
2017-08-28,UAA,16.93
2017-08-25,UAA,17.18
2017-08-24,UAA,17.05
2017-08-23,UAA,16.99
2017-08-22,UAA,16.78
2017-08-21,UAA,16.59
2017-08-18,UAA,17.12
2017-08-17,UAA,17.81
2017-08-16,UAA,18.18
2017-08-15,UAA,18.22
2017-08-14,UAA,18.83
2017-08-11,UAA,18.55
2017-08-10,UAA,18.71
2017-08-09,UAA,19.1
2017-08-08,UAA,19.25
2017-08-07,UAA,18.56
2017-08-04,UAA,18.39
2017-08-03,UAA,18.31
2017-08-02,UAA,18.56
2017-08-01,UAA,18.3
2017-07-31,UAA,20.02
2017-07-28,UAA,19.44
2017-07-27,UAA,19.42
2017-07-26,UAA,19.65
2017-07-25,UAA,20.11
2017-07-24,UAA,20.27
2017-07-21,UAA,20.64
2017-07-20,UAA,20.64
2017-07-19,UAA,20.49
2017-07-18,UAA,20.22
2017-07-17,UAA,20.45
2017-07-14,UAA,20.39
2017-07-13,UAA,19.93
2017-07-12,UAA,19.96
2017-07-11,UAA,20.25
2017-07-10,UAA,20.6
2017-07-07,UAA,20.64
2017-07-06,UAA,20.65
2017-07-05,UAA,22.14
2017-07-03,UAA,22.28
2017-06-30,UAA,21.76
2017-06-29,UAA,21.31
2017-06-28,UAA,21.63
2017-06-27,UAA,21.77
2017-06-26,UAA,21.56
2017-06-23,UAA,21.2
2017-06-22,UAA,20.65
2017-06-21,UAA,20.31
2017-06-20,UAA,20.48
2017-06-19,UAA,21.02
2017-06-16,UAA,20.99
2017-06-15,UAA,21.71
2017-06-14,UAA,22.7
2017-06-13,UAA,22.95
2017-06-12,UAA,23.14
2017-06-09,UAA,21.88
2017-06-08,UAA,21.16
2017-06-07,UAA,20.54
2017-06-06,UAA,20.22
2017-06-05,UAA,20.28
2017-06-02,UAA,20.11
2017-06-01,UAA,19.72
2017-05-31,UAA,19.16
2017-05-30,UAA,19.56
2017-05-26,UAA,19.69
2017-05-25,UAA,19.49
2017-05-24,UAA,19.56
2017-05-23,UAA,19.49
2017-05-22,UAA,19.28
2017-05-19,UAA,19.1
2017-05-18,UAA,18.89
2017-05-17,UAA,18.94
2017-05-16,UAA,19.48
2017-05-15,UAA,20.29
2017-05-12,UAA,20.58
2017-05-11,UAA,20.99
2017-05-10,UAA,21.18
2017-05-09,UAA,21.39
2017-05-08,UAA,20.53
2017-05-05,UAA,20.59
2017-05-04,UAA,20.42
2017-05-03,UAA,20.34
2017-05-02,UAA,21.05
2017-05-01,UAA,21.17
2017-04-28,UAA,21.49
2017-04-27,UAA,21.67
2017-04-26,UAA,19.71
2017-04-25,UAA,19.52
2017-04-24,UAA,19.44
2017-04-21,UAA,18.99
2017-04-20,UAA,19.39
2017-04-19,UAA,19.19
2017-04-18,UAA,19.1
2017-04-17,UAA,19.21
2017-04-13,UAA,19.26
2017-04-12,UAA,19.28
2017-04-11,UAA,19.42
2017-04-10,UAA,19.73
2017-04-07,UAA,19.86
2017-04-06,UAA,20.27
2017-04-05,UAA,19.62
2017-04-04,UAA,19.31
2017-04-03,UAA,19.65
2017-03-31,UAA,19.78
2017-03-30,UAA,20.09
2017-03-29,UAA,20.62
2017-03-28,UAA,19.91
2017-03-27,UAA,19.86
2017-03-24,UAA,19.66
2017-03-23,UAA,18.98
2017-03-22,UAA,19.09
2017-03-21,UAA,18.99
2017-03-20,UAA,19.59
2017-03-17,UAA,19.38
2017-03-16,UAA,19.82
2017-03-15,UAA,19.46
2017-03-14,UAA,19.02
2017-03-13,UAA,19.05
2017-03-10,UAA,19.26
2017-03-09,UAA,19.15
2017-03-08,UAA,19.14
2017-03-07,UAA,19.69
2017-03-06,UAA,20.05
2017-03-03,UAA,20.59
2017-03-02,UAA,20.93
2017-03-01,UAA,20.6
2017-02-28,UAA,20.62
2017-02-27,UAA,21.5
2017-02-24,UAA,21.81
2017-02-23,UAA,21.67
2017-02-22,UAA,21.87
2017-02-21,UAA,21.78
2017-02-17,UAA,21.88
2017-02-16,UAA,21.64
2017-02-15,UAA,21.89
2017-02-14,UAA,21.76
2017-02-13,UAA,21.32
2017-02-10,UAA,21.6
2017-02-09,UAA,21.71
2017-02-08,UAA,21.08
2017-02-07,UAA,20.47
2017-02-06,UAA,20.6
2017-02-03,UAA,20.7
2017-02-02,UAA,20.65
2017-02-01,UAA,21.44
2017-01-31,UAA,21.49
2017-01-30,UAA,28.94
2017-01-27,UAA,29.13
2017-01-26,UAA,29.13
2017-01-25,UAA,29.3
2017-01-24,UAA,28.54
2017-01-23,UAA,28.45
2017-01-20,UAA,29.02
2017-01-19,UAA,29.2
2017-01-18,UAA,29.35
2017-01-17,UAA,30.14
2017-01-13,UAA,30.08
2017-01-12,UAA,30.38
2017-01-11,UAA,30.55
2017-01-10,UAA,30.71
2017-01-09,UAA,30.47
2017-01-06,UAA,30.47
2017-01-05,UAA,30.29
2017-01-04,UAA,30.54
2017-01-03,UAA,29.87
2016-12-30,UAA,29.05
2016-12-29,UAA,29.23
2016-12-28,UAA,29.42
2016-12-27,UAA,29.31
2016-12-23,UAA,29.29
2016-12-22,UAA,29.39
2016-12-21,UAA,30.05
2016-12-20,UAA,30.01
2016-12-19,UAA,30.11
2016-12-16,UAA,30.39
2016-12-15,UAA,31.0
2016-12-14,UAA,31.67
2016-12-13,UAA,32.27
2016-12-12,UAA,32.26
2016-12-09,UAA,32.99
2016-12-08,UAA,32.94
2016-12-07,UAA,32.27
2016-12-06,UAA,30.94
2016-12-05,UAA,30.43
2016-12-02,UAA,30.03
2016-12-01,UAA,30.47
2016-11-30,UAA,30.8
2016-11-29,UAA,30.9
2016-11-28,UAA,31.17
2016-11-25,UAA,30.6
2016-11-23,UAA,30.71
2016-11-22,UAA,30.83
2016-11-21,UAA,30.87
2016-11-18,UAA,30.95
2016-11-17,UAA,32.31
2016-11-16,UAA,32.1
2016-11-15,UAA,31.94
2016-11-14,UAA,31.17
2016-11-11,UAA,31.82
2016-11-10,UAA,31.57
2016-11-09,UAA,31.59
2016-11-08,UAA,31.33
2016-11-07,UAA,31.26
2016-11-04,UAA,30.8
2016-11-03,UAA,30.3
2016-11-02,UAA,30.79
2016-11-01,UAA,30.52
2016-10-31,UAA,31.1
2016-10-28,UAA,30.94
2016-10-27,UAA,31.4
2016-10-26,UAA,31.81
2016-10-25,UAA,32.89
2016-10-24,UAA,37.9
2016-10-21,UAA,37.94
2016-10-20,UAA,38.41
2016-10-19,UAA,38.82
2016-10-18,UAA,38.3
2016-10-17,UAA,37.63
2016-10-14,UAA,38.49
2016-10-13,UAA,38.18
2016-10-12,UAA,38.52
2016-10-11,UAA,38.12
2016-10-10,UAA,38.28
2016-10-07,UAA,37.78
2016-10-06,UAA,37.82
2016-10-05,UAA,38.41
2016-10-04,UAA,38.49
2016-10-03,UAA,38.63
2016-09-30,UAA,38.68
2016-09-29,UAA,38.6
2016-09-28,UAA,39.38
2016-09-27,UAA,39.19
2016-09-26,UAA,38.6
2016-09-23,UAA,39.45
2016-09-22,UAA,39.9
2016-09-21,UAA,39.61
2016-09-20,UAA,38.61
2016-09-19,UAA,38.74
2016-09-16,UAA,38.91
2016-09-15,UAA,38.56
2016-09-14,UAA,38.25
2016-09-13,UAA,38.33
2016-09-12,UAA,39.26
2016-09-09,UAA,38.36
2016-09-08,UAA,39.35
2016-09-07,UAA,39.92
2016-09-06,UAA,38.93
2016-09-02,UAA,38.56
2016-09-01,UAA,39.75
2016-08-31,UAA,39.63
2016-08-30,UAA,41.56
2016-08-29,UAA,42.11
2016-08-26,UAA,42.12
2016-08-25,UAA,42.23
2016-08-24,UAA,43.15
2016-08-23,UAA,43.59
2016-08-22,UAA,42.98
2016-08-19,UAA,43.01
2016-08-18,UAA,42.06
2016-08-17,UAA,41.67
2016-08-16,UAA,42.33
2016-08-15,UAA,42.24
2016-08-12,UAA,41.09
2016-08-11,UAA,40.94
2016-08-10,UAA,39.09
2016-08-09,UAA,39.31
2016-08-08,UAA,39.74
2016-08-05,UAA,40.03
2016-08-04,UAA,38.95
2016-08-03,UAA,38.91
2016-08-02,UAA,37.97
2016-08-01,UAA,39.44
2016-07-29,UAA,39.46
2016-07-28,UAA,39.65
2016-07-27,UAA,39.72
2016-07-26,UAA,41.36
2016-07-25,UAA,43.59
2016-07-22,UAA,42.85
2016-07-21,UAA,42.64
2016-07-20,UAA,42.16
2016-07-19,UAA,41.92
2016-07-18,UAA,41.69
2016-07-15,UAA,41.68
2016-07-14,UAA,41.54
2016-07-13,UAA,41.51
2016-07-12,UAA,41.8
2016-07-11,UAA,40.3
2016-07-08,UAA,40.43
2016-07-07,UAA,40.52
2016-07-06,UAA,39.85
2016-07-05,UAA,39.2
2016-07-01,UAA,40.43
2016-06-30,UAA,40.13
2016-06-29,UAA,39.75
2016-06-28,UAA,37.52
2016-06-27,UAA,35.92
2016-06-24,UAA,37.38
2016-06-23,UAA,38.32
2016-06-22,UAA,37.69
2016-06-21,UAA,38.36
2016-06-20,UAA,38.11
2016-06-17,UAA,37.22
2016-06-16,UAA,36.42
2016-06-15,UAA,37.76
2016-06-14,UAA,37.19
2016-06-13,UAA,37.45
2016-06-10,UAA,38.38
2016-06-09,UAA,38.66
2016-06-08,UAA,39.04
2016-06-07,UAA,37.77
2016-06-06,UAA,36.81
2016-06-03,UAA,36.4
2016-06-02,UAA,36.56
2016-06-01,UAA,36.25
2016-05-31,UAA,37.73
2016-05-27,UAA,37.92
2016-05-26,UAA,37.76
2016-05-25,UAA,38.31
2016-05-24,UAA,38.22
2016-05-23,UAA,37.27
2016-05-20,UAA,37.89
2016-05-19,UAA,37.44
2016-05-18,UAA,36.57
2016-05-17,UAA,36.89
2016-05-16,UAA,37.12
2016-05-13,UAA,37.15
2016-05-12,UAA,37.66
2016-05-11,UAA,37.38
2016-05-10,UAA,39.08
2016-05-09,UAA,38.7
2016-05-06,UAA,38.7
2016-05-05,UAA,39.75
2016-05-04,UAA,39.51
2016-05-03,UAA,42.73
2016-05-02,UAA,43.74
2016-04-29,UAA,43.94
2016-04-28,UAA,44.66
2016-04-27,UAA,44.8
2016-04-26,UAA,46.75
2016-04-25,UAA,46.59
2016-04-22,UAA,46.99
2016-04-21,UAA,46.93
2016-04-20,UAA,43.95
2016-04-19,UAA,43.95
2016-04-18,UAA,43.71
2016-04-15,UAA,43.08
2016-04-14,UAA,43.48
2016-04-13,UAA,42.96
2016-04-12,UAA,41.4
2016-04-11,UAA,41.15
2016-04-08,UAA,43.54
2016-04-07,UAA,42.985
2016-04-06,UAA,42.92
2016-04-05,UAA,41.77
2016-04-04,UAA,41.69
2016-04-01,UAA,42.35
2016-03-31,UAA,42.415
2016-03-30,UAA,42.82
2016-03-29,UAA,41.755
2016-03-28,UAA,41.47
2016-03-24,UAA,41.08
2016-03-23,UAA,41.44
2016-03-22,UAA,42.225
2016-03-21,UAA,42.755
2016-03-18,UAA,42.14
2016-03-17,UAA,41.57
2016-03-16,UAA,40.5
2016-03-15,UAA,40.51
2016-03-14,UAA,40.905
2016-03-11,UAA,41.225
2016-03-10,UAA,40.515
2016-03-09,UAA,40.15
2016-03-08,UAA,40.65
2016-03-07,UAA,41.6
2016-03-04,UAA,42.0
2016-03-03,UAA,41.545
2016-03-02,UAA,41.965
2016-03-01,UAA,42.465
2016-02-29,UAA,41.845
2016-02-26,UAA,41.905
2016-02-25,UAA,41.53
2016-02-24,UAA,41.075
2016-02-23,UAA,40.25
2016-02-22,UAA,40.545
2016-02-19,UAA,40.32
2016-02-18,UAA,40.515
2016-02-17,UAA,41.485
2016-02-16,UAA,39.97
2016-02-12,UAA,38.145
2016-02-11,UAA,36.29
2016-02-10,UAA,37.24
2016-02-09,UAA,36.175
2016-02-08,UAA,36.28
2016-02-05,UAA,38.665
2016-02-04,UAA,40.27
2016-02-03,UAA,40.45
2016-02-02,UAA,41.0
2016-02-01,UAA,42.565
2016-01-29,UAA,42.715
2016-01-28,UAA,42.035
2016-01-27,UAA,34.29
2016-01-26,UAA,33.68
2016-01-25,UAA,34.08
2016-01-22,UAA,35.395
2016-01-21,UAA,34.53
2016-01-20,UAA,33.67
2016-01-19,UAA,33.555
2016-01-15,UAA,34.315
2016-01-14,UAA,34.935
2016-01-13,UAA,35.935
2016-01-12,UAA,36.075
2016-01-11,UAA,34.98
2016-01-08,UAA,37.5
2016-01-07,UAA,39.0
2016-01-06,UAA,39.935
2016-01-05,UAA,40.075
2016-01-04,UAA,39.83
2015-12-31,UAA,40.305
2015-12-30,UAA,40.48
2015-12-29,UAA,41.125
2015-12-28,UAA,40.61
2015-12-24,UAA,40.6
2015-12-23,UAA,40.995
2015-12-22,UAA,40.185
2015-12-21,UAA,40.485
2015-12-18,UAA,40.435
2015-12-17,UAA,40.635
2015-12-16,UAA,41.555
2015-12-15,UAA,40.76
2015-12-14,UAA,41.58
2015-12-11,UAA,41.28
2015-12-10,UAA,42.835
2015-12-09,UAA,43.155
2015-12-08,UAA,43.615
2015-12-07,UAA,43.29
2015-12-04,UAA,43.655
2015-12-03,UAA,42.075
2015-12-02,UAA,43.46
2015-12-01,UAA,43.59
2015-11-30,UAA,43.11
2015-11-27,UAA,44.84
2015-11-25,UAA,46.05
2015-11-24,UAA,46.04
2015-11-23,UAA,46.08
2015-11-20,UAA,46.005
2015-11-19,UAA,44.625
2015-11-18,UAA,43.65
2015-11-17,UAA,42.495
2015-11-16,UAA,45.0
2015-11-13,UAA,43.715
2015-11-12,UAA,46.18
2015-11-11,UAA,46.785
2015-11-10,UAA,47.74
2015-11-09,UAA,46.755
2015-11-06,UAA,48.005
2015-11-05,UAA,48.015
2015-11-04,UAA,47.65
2015-11-03,UAA,48.2
2015-11-02,UAA,47.85
2015-10-30,UAA,47.54
2015-10-29,UAA,48.18
2015-10-28,UAA,48.27
2015-10-27,UAA,47.365
2015-10-26,UAA,47.03
2015-10-23,UAA,46.01
2015-10-22,UAA,46.905
2015-10-21,UAA,49.575
2015-10-20,UAA,49.985
2015-10-19,UAA,50.225
2015-10-16,UAA,50.04
2015-10-15,UAA,49.745
2015-10-14,UAA,48.64
2015-10-13,UAA,50.65
2015-10-12,UAA,51.675
2015-10-09,UAA,51.16
2015-10-08,UAA,50.57
2015-10-07,UAA,49.53
2015-10-06,UAA,49.93
2015-10-05,UAA,50.93
2015-10-02,UAA,50.125
2015-10-01,UAA,49.42
2015-09-30,UAA,48.39
2015-09-29,UAA,46.98
2015-09-28,UAA,50.395
2015-09-25,UAA,51.855
2015-09-24,UAA,51.095
2015-09-23,UAA,50.715
2015-09-22,UAA,50.945
2015-09-21,UAA,51.535
2015-09-18,UAA,50.9
2015-09-17,UAA,52.05
2015-09-16,UAA,51.68
2015-09-15,UAA,49.34
2015-09-14,UAA,48.075
2015-09-11,UAA,48.295
2015-09-10,UAA,48.085
2015-09-09,UAA,47.555
2015-09-08,UAA,48.535
2015-09-04,UAA,47.5
2015-09-03,UAA,47.815
2015-09-02,UAA,47.82
2015-09-01,UAA,46.58
2015-08-31,UAA,47.765
2015-08-28,UAA,48.205
2015-08-27,UAA,47.845
2015-08-26,UAA,45.38
2015-08-25,UAA,43.51
2015-08-24,UAA,42.72
2015-08-21,UAA,45.015
2015-08-20,UAA,48.325
2015-08-19,UAA,50.03
2015-08-18,UAA,50.18
2015-08-17,UAA,50.37
2015-08-14,UAA,50.125
2015-08-13,UAA,49.7
2015-08-12,UAA,48.885
2015-08-11,UAA,49.545
2015-08-10,UAA,49.375
2015-08-07,UAA,48.965
2015-08-06,UAA,49.095
2015-08-05,UAA,50.52
2015-08-04,UAA,49.675
2015-08-03,UAA,49.13
2015-07-31,UAA,49.665
2015-07-30,UAA,49.64
2015-07-29,UAA,49.41
2015-07-28,UAA,48.925
2015-07-27,UAA,48.215
2015-07-24,UAA,48.025
2015-07-23,UAA,47.965
2015-07-22,UAA,44.685
2015-07-21,UAA,44.17
2015-07-20,UAA,44.475
2015-07-17,UAA,43.61
2015-07-16,UAA,42.675
2015-07-15,UAA,44.14
2015-07-14,UAA,44.4
2015-07-13,UAA,44.675
2015-07-10,UAA,43.12
2015-07-09,UAA,42.245
2015-07-08,UAA,42.195
2015-07-07,UAA,42.47
2015-07-06,UAA,42.29
2015-07-02,UAA,42.295
2015-07-01,UAA,42.13
2015-06-30,UAA,41.72
2015-06-29,UAA,41.465
2015-06-26,UAA,42.965
2015-06-25,UAA,42.575
2015-06-24,UAA,42.17
2015-06-23,UAA,42.695
2015-06-22,UAA,42.45
2015-06-19,UAA,41.59
2015-06-18,UAA,41.85
2015-06-17,UAA,41.32
2015-06-16,UAA,41.39
2015-06-15,UAA,40.595
2015-06-12,UAA,40.645
2015-06-11,UAA,40.63
2015-06-10,UAA,40.78
2015-06-09,UAA,40.335
2015-06-08,UAA,40.48
2015-06-05,UAA,40.92
2015-06-04,UAA,39.02
2015-06-03,UAA,39.19
2015-06-02,UAA,38.95
2015-06-01,UAA,39.31
2015-05-29,UAA,39.205
2015-05-28,UAA,39.19
2015-05-27,UAA,38.46
2015-05-26,UAA,38.86
2015-05-22,UAA,39.235
2015-05-21,UAA,39.1
2015-05-20,UAA,39.295
2015-05-19,UAA,39.29
2015-05-18,UAA,39.43
2015-05-15,UAA,38.91
2015-05-14,UAA,39.045
2015-05-13,UAA,38.685
2015-05-12,UAA,38.96
2015-05-11,UAA,39.13
2015-05-08,UAA,39.54
2015-05-07,UAA,38.88
2015-05-06,UAA,38.37
2015-05-05,UAA,38.54
2015-05-04,UAA,38.555
2015-05-01,UAA,38.98
2015-04-30,UAA,38.775
2015-04-29,UAA,39.45
2015-04-28,UAA,40.245
2015-04-27,UAA,40.725
2015-04-24,UAA,41.28
2015-04-23,UAA,41.63
2015-04-22,UAA,41.135
2015-04-21,UAA,41.76
2015-04-20,UAA,43.88
2015-04-17,UAA,42.57
2015-04-16,UAA,42.855
2015-04-15,UAA,42.105
2015-04-14,UAA,42.005
2015-04-13,UAA,42.555
2015-04-10,UAA,41.875
2015-04-09,UAA,42.095
2015-04-08,UAA,41.36
2015-04-07,UAA,40.42
2015-04-06,UAA,40.125
2015-04-02,UAA,39.705
2015-04-01,UAA,39.4
2015-03-31,UAA,40.375
2015-03-30,UAA,39.955
2015-03-27,UAA,39.85
2015-03-26,UAA,39.315
2015-03-25,UAA,39.725
2015-03-24,UAA,40.75
2015-03-23,UAA,40.92
2015-03-20,UAA,40.715
2015-03-19,UAA,40.505
2015-03-18,UAA,40.015
2015-03-17,UAA,39.405
2015-03-16,UAA,38.645
2015-03-13,UAA,38.025
2015-03-12,UAA,38.345
2015-03-11,UAA,37.305
2015-03-10,UAA,37.3
2015-03-09,UAA,37.9
2015-03-06,UAA,37.4
2015-03-05,UAA,37.895
2015-03-04,UAA,37.755
2015-03-03,UAA,38.22
2015-03-02,UAA,38.52
2015-02-27,UAA,38.505
2015-02-26,UAA,38.505
2015-02-25,UAA,38.225
2015-02-24,UAA,37.775
2015-02-23,UAA,37.935
2015-02-20,UAA,37.515
2015-02-19,UAA,36.915
2015-02-18,UAA,37.06
2015-02-17,UAA,36.45
2015-02-13,UAA,36.88
2015-02-12,UAA,36.975
2015-02-11,UAA,36.89
2015-02-10,UAA,36.685
2015-02-09,UAA,36.34
2015-02-06,UAA,37.055
2015-02-05,UAA,36.65
2015-02-04,UAA,36.785
2015-02-03,UAA,36.415
2015-02-02,UAA,35.975
2015-01-30,UAA,36.04
2015-01-29,UAA,36.4
2015-01-28,UAA,35.435
2015-01-27,UAA,35.98
2015-01-26,UAA,35.805
2015-01-23,UAA,34.91
2015-01-22,UAA,34.71
2015-01-21,UAA,33.29
2015-01-20,UAA,32.735
2015-01-16,UAA,32.6
2015-01-15,UAA,32.325
2015-01-14,UAA,32.875
2015-01-13,UAA,33.3
2015-01-12,UAA,33.565
2015-01-09,UAA,33.825
2015-01-08,UAA,34.135
2015-01-07,UAA,33.28
2015-01-06,UAA,32.11
2015-01-05,UAA,32.65
2015-01-02,UAA,33.445
2014-12-31,UAA,33.95
2014-12-30,UAA,34.165
2014-12-29,UAA,34.4
2014-12-26,UAA,34.045
2014-12-24,UAA,33.985
2014-12-23,UAA,33.895
2014-12-22,UAA,34.03
2014-12-19,UAA,34.545
2014-12-18,UAA,35.47
2014-12-17,UAA,34.575
2014-12-16,UAA,33.225
2014-12-15,UAA,34.27
2014-12-12,UAA,34.415
2014-12-11,UAA,34.265
2014-12-10,UAA,33.9
2014-12-09,UAA,34.17
2014-12-08,UAA,34.315
2014-12-05,UAA,34.715
2014-12-04,UAA,34.795
2014-12-03,UAA,34.94
2014-12-02,UAA,34.735
2014-12-01,UAA,34.89
2014-11-28,UAA,36.245
2014-11-26,UAA,35.74
2014-11-25,UAA,35.335
2014-11-24,UAA,35.0
2014-11-21,UAA,34.65
2014-11-20,UAA,35.205
2014-11-19,UAA,35.24
2014-11-18,UAA,34.685
2014-11-17,UAA,34.445
2014-11-14,UAA,34.575
2014-11-13,UAA,34.525
2014-11-12,UAA,34.575
2014-11-11,UAA,34.16
2014-11-10,UAA,34.17
2014-11-07,UAA,33.49
2014-11-06,UAA,33.14
2014-11-05,UAA,32.125
2014-11-04,UAA,32.395
2014-11-03,UAA,32.995
2014-10-31,UAA,32.79
2014-10-30,UAA,32.115
2014-10-29,UAA,32.135
2014-10-28,UAA,32.15
2014-10-27,UAA,32.355
2014-10-24,UAA,32.125
2014-10-23,UAA,32.17
2014-10-22,UAA,33.025
2014-10-21,UAA,33.725
2014-10-20,UAA,32.555
2014-10-17,UAA,32.565
2014-10-16,UAA,32.315
2014-10-15,UAA,31.505
2014-10-14,UAA,30.855
2014-10-13,UAA,30.82
2014-10-10,UAA,31.86
2014-10-09,UAA,32.685
2014-10-08,UAA,33.755
2014-10-07,UAA,33.005
2014-10-06,UAA,33.4
2014-10-03,UAA,33.92
2014-10-02,UAA,33.395
2014-10-01,UAA,33.185
2014-09-30,UAA,34.55
2014-09-29,UAA,35.06
2014-09-26,UAA,34.91
2014-09-25,UAA,33.775
2014-09-24,UAA,34.34
2014-09-23,UAA,33.44
2014-09-22,UAA,33.235
2014-09-19,UAA,34.205
2014-09-18,UAA,34.785
2014-09-17,UAA,34.545
2014-09-16,UAA,33.875
2014-09-15,UAA,33.595
2014-09-12,UAA,34.62
2014-09-11,UAA,34.96
2014-09-10,UAA,35.06
2014-09-09,UAA,35.3
2014-09-08,UAA,36.345
2014-09-05,UAA,36.265
2014-09-04,UAA,35.985
2014-09-03,UAA,35.17
2014-09-02,UAA,35.565
2014-08-29,UAA,34.18
2014-08-28,UAA,34.84
2014-08-27,UAA,35.03
2014-08-26,UAA,35.41
2014-08-25,UAA,35.275
2014-08-22,UAA,35.31
2014-08-21,UAA,34.72
2014-08-20,UAA,35.28
2014-08-19,UAA,35.06
2014-08-18,UAA,35.09
2014-08-15,UAA,34.42
2014-08-14,UAA,34.4
2014-08-13,UAA,34.545
2014-08-12,UAA,34.18
2014-08-11,UAA,34.45
2014-08-08,UAA,34.245
2014-08-07,UAA,33.87
2014-08-06,UAA,34.12
2014-08-05,UAA,34.175
2014-08-04,UAA,34.14
2014-08-01,UAA,33.72
2014-07-31,UAA,33.375
2014-07-30,UAA,34.61
2014-07-29,UAA,34.425
2014-07-28,UAA,34.815
2014-07-25,UAA,34.555
2014-07-24,UAA,34.775
2014-07-23,UAA,30.315
2014-07-22,UAA,30.13
2014-07-21,UAA,29.48
2014-07-18,UAA,29.305
2014-07-17,UAA,28.5
2014-07-16,UAA,28.67
2014-07-15,UAA,29.185
2014-07-14,UAA,29.49
2014-07-11,UAA,29.37
2014-07-10,UAA,29.095
2014-07-09,UAA,29.955
2014-07-08,UAA,29.11
2014-07-07,UAA,29.665
2014-07-03,UAA,30.125
2014-07-02,UAA,29.63
2014-07-01,UAA,30.14
2014-06-30,UAA,29.745
2014-06-27,UAA,29.745
2014-06-26,UAA,29.585
2014-06-25,UAA,29.58
2014-06-24,UAA,28.91
2014-06-23,UAA,29.225
2014-06-20,UAA,29.44
2014-06-19,UAA,29.37
2014-06-18,UAA,29.825
2014-06-17,UAA,29.795
2014-06-16,UAA,29.255
2014-06-13,UAA,28.755
2014-06-12,UAA,28.305
2014-06-11,UAA,28.015
2014-06-10,UAA,28.095
2014-06-09,UAA,27.93
2014-06-06,UAA,28.005
2014-06-05,UAA,27.525
2014-06-04,UAA,26.81
2014-06-03,UAA,25.55
2014-06-02,UAA,25.735
2014-05-30,UAA,25.395
2014-05-29,UAA,25.395
2014-05-28,UAA,25.075
2014-05-27,UAA,24.925
2014-05-23,UAA,24.185
2014-05-22,UAA,23.945
2014-05-21,UAA,23.56
2014-05-20,UAA,23.395
2014-05-19,UAA,23.7
2014-05-16,UAA,23.335
2014-05-15,UAA,23.16
2014-05-14,UAA,23.66
2014-05-13,UAA,24.05
2014-05-12,UAA,24.475
2014-05-09,UAA,23.395
2014-05-08,UAA,23.285
2014-05-07,UAA,23.12
2014-05-06,UAA,23.86
2014-05-05,UAA,24.29
2014-05-02,UAA,24.42
2014-05-01,UAA,24.59
2014-04-30,UAA,24.445
2014-04-29,UAA,23.585
2014-04-28,UAA,23.37
2014-04-25,UAA,24.21
2014-04-24,UAA,25.21
2014-04-23,UAA,27.22
2014-04-22,UAA,26.935
2014-04-21,UAA,26.505
2014-04-17,UAA,26.53
2014-04-16,UAA,26.875
2014-04-15,UAA,26.225
2014-04-14,UAA,25.54
2014-04-11,UAA,25.47
2014-04-10,UAA,25.56
2014-04-09,UAA,27.1575
2014-04-08,UAA,26.465
2014-04-07,UAA,25.6275
2014-04-04,UAA,26.0825
2014-04-03,UAA,28.165
2014-04-02,UAA,29.72
2014-04-01,UAA,29.0
2014-03-31,UAA,28.66
2014-03-28,UAA,28.805
2014-03-27,UAA,28.65
2014-03-26,UAA,28.395
2014-03-25,UAA,28.635
2014-03-24,UAA,29.66
2014-03-21,UAA,30.04
2014-03-20,UAA,30.4625
2014-03-19,UAA,30.5025
2014-03-18,UAA,31.11
2014-03-17,UAA,29.9175
2014-03-14,UAA,29.3375
2014-03-13,UAA,29.1025
2014-03-12,UAA,29.355
2014-03-11,UAA,29.125
2014-03-10,UAA,29.35
2014-03-07,UAA,29.1025
2014-03-06,UAA,28.95
2014-03-05,UAA,29.015
2014-03-04,UAA,29.295
2014-03-03,UAA,28.4075
2014-02-28,UAA,28.2875
2014-02-27,UAA,29.0875
2014-02-26,UAA,29.025
2014-02-25,UAA,29.175
2014-02-24,UAA,28.8075
2014-02-21,UAA,28.17
2014-02-20,UAA,26.7975
2014-02-19,UAA,26.7575
2014-02-18,UAA,26.865
2014-02-14,UAA,26.5
2014-02-13,UAA,27.145
2014-02-12,UAA,26.99
2014-02-11,UAA,27.0625
2014-02-10,UAA,27.0575
2014-02-07,UAA,27.295
2014-02-06,UAA,26.5425
2014-02-05,UAA,26.2175
2014-02-04,UAA,26.1625
2014-02-03,UAA,26.41
2014-01-31,UAA,27.0275
2014-01-30,UAA,26.19
2014-01-29,UAA,21.305
2014-01-28,UAA,21.445
2014-01-27,UAA,20.7325
2014-01-24,UAA,20.8725
2014-01-23,UAA,20.975
2014-01-22,UAA,20.9975
2014-01-21,UAA,21.195
2014-01-17,UAA,20.4975
2014-01-16,UAA,20.605
2014-01-15,UAA,21.2575
2014-01-14,UAA,21.2725
2014-01-13,UAA,21.2325
2014-01-10,UAA,22.1875
2014-01-09,UAA,21.9725
2014-01-08,UAA,21.725
2014-01-07,UAA,21.695
2014-01-06,UAA,21.6525
2014-01-03,UAA,21.7475
2014-01-02,UAA,21.745
2013-12-31,UAA,21.825
2013-12-30,UAA,21.7375
2013-12-27,UAA,21.495
2013-12-26,UAA,21.6175
2013-12-24,UAA,21.5625
2013-12-23,UAA,21.4825
2013-12-20,UAA,21.51
2013-12-19,UAA,21.5125
2013-12-18,UAA,21.5825
2013-12-17,UAA,21.155
2013-12-16,UAA,21.1425
2013-12-13,UAA,20.9225
2013-12-12,UAA,21.045
2013-12-11,UAA,21.1175
2013-12-10,UAA,20.7675
2013-12-09,UAA,20.54
2013-12-06,UAA,20.5225
2013-12-05,UAA,20.4925
2013-12-04,UAA,20.1225
2013-12-03,UAA,20.2775
2013-12-02,UAA,20.2925
2013-11-29,UAA,20.175
2013-11-27,UAA,20.4825
2013-11-26,UAA,20.28
2013-11-25,UAA,20.0775
2013-11-22,UAA,20.12
2013-11-21,UAA,20.1675
2013-11-20,UAA,19.7775
2013-11-19,UAA,19.995
2013-11-18,UAA,20.3775
2013-11-15,UAA,20.8875
2013-11-14,UAA,20.8825
2013-11-13,UAA,20.66
2013-11-12,UAA,20.0175
2013-11-11,UAA,20.07
2013-11-08,UAA,19.735
2013-11-07,UAA,19.0875
2013-11-06,UAA,19.815
2013-11-05,UAA,20.0475
2013-11-04,UAA,20.0975
2013-11-01,UAA,20.065
2013-10-31,UAA,20.2875
2013-10-30,UAA,20.365
2013-10-29,UAA,20.2675
2013-10-28,UAA,20.25
2013-10-25,UAA,20.045
2013-10-24,UAA,19.995
2013-10-23,UAA,20.995
2013-10-22,UAA,20.8075
2013-10-21,UAA,20.995
2013-10-18,UAA,21.3225
2013-10-17,UAA,20.53
2013-10-16,UAA,20.555
2013-10-15,UAA,20.14
2013-10-14,UAA,19.815
2013-10-11,UAA,19.5925
2013-10-10,UAA,19.75
2013-10-09,UAA,19.385
2013-10-08,UAA,19.0875
2013-10-07,UAA,19.8475
2013-10-04,UAA,20.2775
2013-10-03,UAA,20.22
2013-10-02,UAA,20.6
2013-10-01,UAA,20.6725
2013-09-30,UAA,19.8625
2013-09-27,UAA,19.9975
2013-09-26,UAA,19.7775
2013-09-25,UAA,19.4525
2013-09-24,UAA,19.3975
2013-09-23,UAA,19.295
2013-09-20,UAA,19.47
2013-09-19,UAA,19.41
2013-09-18,UAA,19.49
2013-09-17,UAA,19.205
2013-09-16,UAA,18.86
2013-09-13,UAA,19.625
2013-09-12,UAA,20.1475
2013-09-11,UAA,20.2925
2013-09-10,UAA,20.015
2013-09-09,UAA,19.8275
2013-09-06,UAA,19.3
2013-09-05,UAA,19.2225
2013-09-04,UAA,18.6975
2013-09-03,UAA,18.5325
2013-08-30,UAA,18.16
2013-08-29,UAA,18.33
2013-08-28,UAA,18.0875
2013-08-27,UAA,18.0175
2013-08-26,UAA,18.465
2013-08-23,UAA,18.29
2013-08-22,UAA,18.05
2013-08-21,UAA,18.1125
2013-08-20,UAA,17.8775
2013-08-19,UAA,17.6675
2013-08-16,UAA,17.2325
2013-08-15,UAA,17.65
2013-08-14,UAA,18.325
2013-08-13,UAA,18.5175
2013-08-12,UAA,18.4825
2013-08-09,UAA,18.1725
2013-08-08,UAA,17.995
2013-08-07,UAA,17.375
2013-08-06,UAA,17.51
2013-08-05,UAA,17.3175
2013-08-02,UAA,17.2825
2013-08-01,UAA,17.375
2013-07-31,UAA,16.7825
2013-07-30,UAA,16.9575
2013-07-29,UAA,16.915
2013-07-26,UAA,17.1325
2013-07-25,UAA,17.345
2013-07-24,UAA,15.4575
2013-07-23,UAA,15.475
2013-07-22,UAA,15.3675
2013-07-19,UAA,15.3825
2013-07-18,UAA,15.2775
2013-07-17,UAA,15.085
2013-07-16,UAA,14.955
2013-07-15,UAA,15.215
2013-07-12,UAA,15.2
2013-07-11,UAA,15.0875
2013-07-10,UAA,15.4525
2013-07-09,UAA,15.42
2013-07-08,UAA,15.395
2013-07-05,UAA,15.305
2013-07-03,UAA,15.19
2013-07-02,UAA,15.005
2013-07-01,UAA,15.02
2013-06-28,UAA,14.9275
2013-06-27,UAA,14.615
2013-06-26,UAA,14.4375
2013-06-25,UAA,14.375
2013-06-24,UAA,14.17
2013-06-21,UAA,14.205
2013-06-20,UAA,14.43
2013-06-19,UAA,14.92
2013-06-18,UAA,15.015
2013-06-17,UAA,14.8675
2013-06-14,UAA,14.795
2013-06-13,UAA,14.8475
2013-06-12,UAA,14.76
2013-06-11,UAA,14.9
2013-06-10,UAA,15.01
2013-06-07,UAA,14.955
2013-06-06,UAA,14.8625
2013-06-05,UAA,14.91
2013-06-04,UAA,15.385
2013-06-03,UAA,15.4375
2013-05-31,UAA,15.5
2013-05-30,UAA,15.685
2013-05-29,UAA,15.685
2013-05-28,UAA,15.8225
2013-05-24,UAA,15.635
2013-05-23,UAA,15.7525
2013-05-22,UAA,15.89
2013-05-21,UAA,16.075
2013-05-20,UAA,15.52
2013-05-17,UAA,15.6275
2013-05-16,UAA,15.3475
2013-05-15,UAA,15.345
2013-05-14,UAA,15.1525
2013-05-13,UAA,14.8575
2013-05-10,UAA,14.9625
2013-05-09,UAA,14.6625
2013-05-08,UAA,14.5525
2013-05-07,UAA,14.465
2013-05-06,UAA,14.4125
2013-05-03,UAA,14.4275
2013-05-02,UAA,14.235
2013-05-01,UAA,14.09
2013-04-30,UAA,14.27
2013-04-29,UAA,13.98
2013-04-26,UAA,13.94
2013-04-25,UAA,14.1125
2013-04-24,UAA,13.9925
2013-04-23,UAA,13.8675
2013-04-22,UAA,13.815
2013-04-19,UAA,14.1025
2013-04-18,UAA,13.9175
2013-04-17,UAA,14.205
2013-04-16,UAA,14.1925
2013-04-15,UAA,14.0975
2013-04-12,UAA,14.25
2013-04-11,UAA,14.0075
2013-04-10,UAA,13.7425
2013-04-09,UAA,13.5525
2013-04-08,UAA,13.505
2013-04-05,UAA,13.26
2013-04-04,UAA,13.3075
2013-04-03,UAA,13.3125
2013-04-02,UAA,12.905
2013-04-01,UAA,12.64
2013-03-28,UAA,12.8
2013-03-27,UAA,12.7425
2013-03-26,UAA,12.6625
2013-03-25,UAA,12.6775
2013-03-22,UAA,12.65
2013-03-21,UAA,12.0925
2013-03-20,UAA,12.4025
2013-03-19,UAA,12.12
2013-03-18,UAA,12.5525
2013-03-15,UAA,12.665
2013-03-14,UAA,12.77
2013-03-13,UAA,12.4275
2013-03-12,UAA,12.1275
2013-03-11,UAA,12.17
2013-03-08,UAA,12.285
2013-03-07,UAA,12.625
2013-03-06,UAA,12.5525
2013-03-05,UAA,12.4775
2013-03-04,UAA,12.4925
2013-03-01,UAA,12.365
2013-02-28,UAA,12.32
2013-02-27,UAA,12.0525
2013-02-26,UAA,11.8825
2013-02-25,UAA,11.6725
2013-02-22,UAA,11.8125
2013-02-21,UAA,11.935
2013-02-20,UAA,12.19
2013-02-19,UAA,12.44
2013-02-15,UAA,12.3875
2013-02-14,UAA,12.225
2013-02-13,UAA,12.175
2013-02-12,UAA,12.43
2013-02-11,UAA,12.455
2013-02-08,UAA,12.55
2013-02-07,UAA,12.485
2013-02-06,UAA,12.525
2013-02-05,UAA,12.6175
2013-02-04,UAA,12.49
2013-02-01,UAA,12.625
2013-01-31,UAA,12.7175
2013-01-30,UAA,12.0325
2013-01-29,UAA,12.0775
2013-01-28,UAA,11.9775
2013-01-25,UAA,12.065
2013-01-24,UAA,11.465
2013-01-23,UAA,11.9225
2013-01-22,UAA,11.86
2013-01-18,UAA,11.565
2013-01-17,UAA,11.7375
2013-01-16,UAA,11.765
2013-01-15,UAA,11.8625
2013-01-14,UAA,12.085
2013-01-11,UAA,12.0225
2013-01-10,UAA,11.92
2013-01-09,UAA,11.6625
2013-01-08,UAA,12.16
2013-01-07,UAA,12.1075
2013-01-04,UAA,12.3375
2013-01-03,UAA,12.415
2013-01-02,UAA,12.0825
2012-12-31,UAA,12.1325
2012-12-28,UAA,11.855
2012-12-27,UAA,12.0125
2012-12-26,UAA,11.9125
2012-12-24,UAA,12.3125
2012-12-21,UAA,12.265
2012-12-20,UAA,11.8675
2012-12-19,UAA,12.2525
2012-12-18,UAA,12.4675
2012-12-17,UAA,11.9725
2012-12-14,UAA,12.0525
2012-12-13,UAA,12.115
2012-12-12,UAA,12.64
2012-12-11,UAA,12.8275
2012-12-10,UAA,12.5325
2012-12-07,UAA,13.04
2012-12-06,UAA,13.1825
2012-12-05,UAA,12.9775
2012-12-04,UAA,13.0275
2012-12-03,UAA,13.16
2012-11-30,UAA,12.9575
2012-11-29,UAA,13.4575
2012-11-28,UAA,13.685
2012-11-27,UAA,13.525
2012-11-26,UAA,13.41
2012-11-23,UAA,13.185
2012-11-21,UAA,13.085
2012-11-20,UAA,12.9825
2012-11-19,UAA,12.815
2012-11-16,UAA,12.69
2012-11-15,UAA,12.54
2012-11-14,UAA,12.4475
2012-11-13,UAA,12.785
2012-11-12,UAA,12.405
2012-11-09,UAA,12.4725
2012-11-08,UAA,12.6275
2012-11-07,UAA,13.215
2012-11-06,UAA,13.4
2012-11-05,UAA,13.25
2012-11-02,UAA,13.17
2012-11-01,UAA,13.28
2012-10-31,UAA,13.065
2012-10-26,UAA,13.0375
2012-10-25,UAA,13.2325
2012-10-24,UAA,14.155
2012-10-23,UAA,14.36
2012-10-22,UAA,14.4375
2012-10-19,UAA,14.6875
2012-10-18,UAA,14.8175
2012-10-17,UAA,14.65
2012-10-16,UAA,14.52
2012-10-15,UAA,13.995
2012-10-12,UAA,13.64
2012-10-11,UAA,13.6475
2012-10-10,UAA,13.575
2012-10-09,UAA,13.53
2012-10-08,UAA,13.9025
2012-10-05,UAA,14.015
2012-10-04,UAA,14.095
2012-10-03,UAA,13.7225
2012-10-02,UAA,13.97
2012-10-01,UAA,13.875
2012-09-28,UAA,13.9575
2012-09-27,UAA,14.0
2012-09-26,UAA,13.665
2012-09-25,UAA,13.655
2012-09-24,UAA,14.1125
2012-09-21,UAA,14.135
2012-09-20,UAA,14.2625
2012-09-19,UAA,14.535
2012-09-18,UAA,14.4875
2012-09-17,UAA,14.7625
2012-09-14,UAA,15.0075
2012-09-13,UAA,14.825
2012-09-12,UAA,14.8775
2012-09-11,UAA,14.805
2012-09-10,UAA,14.9
2012-09-07,UAA,14.91
2012-09-06,UAA,14.8325
2012-09-05,UAA,14.3625
2012-09-04,UAA,14.675
2012-08-31,UAA,14.5525
2012-08-30,UAA,14.42
2012-08-29,UAA,14.39
2012-08-28,UAA,14.3475
2012-08-27,UAA,13.8875
2012-08-24,UAA,13.9675
2012-08-23,UAA,14.2975
2012-08-22,UAA,14.2075
2012-08-21,UAA,14.1475
2012-08-20,UAA,14.1875
2012-08-17,UAA,14.4325
2012-08-16,UAA,14.125
2012-08-15,UAA,13.99
2012-08-14,UAA,14.105
2012-08-13,UAA,14.22
2012-08-10,UAA,14.19
2012-08-09,UAA,14.3375
2012-08-08,UAA,14.1725
2012-08-07,UAA,14.1875
2012-08-06,UAA,14.4175
2012-08-03,UAA,14.0275
2012-08-02,UAA,13.5275
2012-08-01,UAA,13.375
2012-07-31,UAA,13.61
2012-07-30,UAA,13.8525
2012-07-27,UAA,13.785
2012-07-26,UAA,13.8275
2012-07-25,UAA,13.48
2012-07-24,UAA,13.1975
2012-07-23,UAA,12.095
2012-07-20,UAA,12.3975
2012-07-19,UAA,12.6325
2012-07-18,UAA,12.36
2012-07-17,UAA,12.16
2012-07-16,UAA,11.7625
2012-07-13,UAA,11.85
2012-07-12,UAA,11.58
2012-07-11,UAA,11.3675
2012-07-10,UAA,11.7325
2012-07-09,UAA,11.53625
2012-07-06,UAA,11.4775
2012-07-05,UAA,11.735
2012-07-03,UAA,11.455
2012-07-02,UAA,11.47125
2012-06-29,UAA,11.81
2012-06-28,UAA,11.31375
2012-06-27,UAA,11.65375
2012-06-26,UAA,12.07375
2012-06-25,UAA,12.14875
2012-06-22,UAA,12.47
2012-06-21,UAA,12.30875
2012-06-20,UAA,13.1475
2012-06-19,UAA,13.305
2012-06-18,UAA,13.26
2012-06-15,UAA,13.21875
2012-06-14,UAA,12.71
2012-06-13,UAA,12.61625
2012-06-12,UAA,13.22875
2012-06-11,UAA,12.8425
2012-06-08,UAA,12.91375
2012-06-07,UAA,12.4775
2012-06-06,UAA,12.66875
2012-06-05,UAA,12.3825
2012-06-04,UAA,12.16375
2012-06-01,UAA,11.96875
2012-05-31,UAA,12.59125
2012-05-30,UAA,12.5875
2012-05-29,UAA,12.595
2012-05-25,UAA,12.27375
2012-05-24,UAA,12.16125
2012-05-23,UAA,11.86
2012-05-22,UAA,11.795
2012-05-21,UAA,11.65125
2012-05-18,UAA,11.125
2012-05-17,UAA,11.25375
2012-05-16,UAA,11.84125
2012-05-15,UAA,11.825
2012-05-14,UAA,11.7575
2012-05-11,UAA,11.8525
2012-05-10,UAA,11.73375
2012-05-09,UAA,11.7425
2012-05-08,UAA,11.585
2012-05-07,UAA,12.10125
2012-05-04,UAA,12.06625
2012-05-03,UAA,12.42125
2012-05-02,UAA,12.63875
2012-05-01,UAA,12.28875
2012-04-30,UAA,12.24125
2012-04-27,UAA,12.36125
2012-04-26,UAA,12.19875
2012-04-25,UAA,12.0825
2012-04-24,UAA,11.9175
2012-04-23,UAA,12.55625
2012-04-20,UAA,12.69125
2012-04-19,UAA,12.0625
2012-04-18,UAA,12.1275
2012-04-17,UAA,12.04875
2012-04-16,UAA,11.885
2012-04-13,UAA,12.0325
2012-04-12,UAA,11.885
2012-04-11,UAA,11.77625
2012-04-10,UAA,11.53125
2012-04-09,UAA,11.90875
2012-04-05,UAA,11.94125
2012-04-04,UAA,11.80625
2012-04-03,UAA,12.26125
2012-04-02,UAA,12.02375
2012-03-30,UAA,11.75
2012-03-29,UAA,11.755
2012-03-28,UAA,11.985
2012-03-27,UAA,12.2
2012-03-26,UAA,12.37
2012-03-23,UAA,12.1375
2012-03-22,UAA,12.2175
2012-03-21,UAA,12.20625
2012-03-20,UAA,12.0725
2012-03-19,UAA,11.9725
2012-03-16,UAA,11.78875
2012-03-15,UAA,12.00375
2012-03-14,UAA,12.19625
2012-03-13,UAA,12.2125
2012-03-12,UAA,11.91875
2012-03-09,UAA,11.8675
2012-03-08,UAA,11.60625
2012-03-07,UAA,11.3775
2012-03-06,UAA,11.105
2012-03-05,UAA,11.49
2012-03-02,UAA,11.5275
2012-03-01,UAA,11.515
2012-02-29,UAA,11.155
2012-02-28,UAA,10.965
2012-02-27,UAA,10.895
2012-02-24,UAA,10.72875
2012-02-23,UAA,10.3
2012-02-22,UAA,10.35125
2012-02-21,UAA,10.315
2012-02-17,UAA,10.60875
2012-02-16,UAA,10.70375
2012-02-15,UAA,10.50625
2012-02-14,UAA,10.59375
2012-02-13,UAA,10.31
2012-02-10,UAA,10.25625
2012-02-09,UAA,10.3525
2012-02-08,UAA,10.2
2012-02-07,UAA,10.12875
2012-02-06,UAA,10.1
2012-02-03,UAA,10.0575
2012-02-02,UAA,9.6975
2012-02-01,UAA,9.805
2012-01-31,UAA,9.9525
2012-01-30,UAA,9.6325
2012-01-27,UAA,9.615
2012-01-26,UAA,9.175
2012-01-25,UAA,9.68625
2012-01-24,UAA,9.55
2012-01-23,UAA,9.47125
2012-01-20,UAA,9.2025
2012-01-19,UAA,9.1175
2012-01-18,UAA,9.155
2012-01-17,UAA,9.53375
2012-01-13,UAA,9.64625
2012-01-12,UAA,9.7075
2012-01-11,UAA,9.47
2012-01-10,UAA,9.39375
2012-01-09,UAA,9.29625
2012-01-06,UAA,9.26875
2012-01-05,UAA,9.15625
2012-01-04,UAA,9.0825
2012-01-03,UAA,9.0225
2011-12-30,UAA,8.97375
2011-12-29,UAA,8.98
2011-12-28,UAA,9.06875
2011-12-27,UAA,9.2125
2011-12-23,UAA,9.1475
2011-12-22,UAA,8.82375
2011-12-21,UAA,8.89
2011-12-20,UAA,9.0425
2011-12-19,UAA,9.00375
2011-12-16,UAA,9.26625
2011-12-15,UAA,9.26625
2011-12-14,UAA,9.24875
2011-12-13,UAA,9.31
2011-12-12,UAA,9.89
2011-12-09,UAA,10.3375
2011-12-08,UAA,9.9875
2011-12-07,UAA,10.2775
2011-12-06,UAA,10.32875
2011-12-05,UAA,10.50625
2011-12-02,UAA,10.23
2011-12-01,UAA,10.2325
2011-11-30,UAA,10.16625
2011-11-29,UAA,9.78875
2011-11-28,UAA,9.95125
2011-11-25,UAA,9.33625
2011-11-23,UAA,9.55375
2011-11-22,UAA,9.3825
2011-11-21,UAA,9.46125
2011-11-18,UAA,9.61125
2011-11-17,UAA,9.825
2011-11-16,UAA,10.10625
2011-11-15,UAA,10.41
2011-11-14,UAA,10.36875
2011-11-11,UAA,10.4875
2011-11-10,UAA,10.13
2011-11-09,UAA,10.11125
2011-11-08,UAA,10.47125
2011-11-07,UAA,10.4375
2011-11-04,UAA,10.5375
2011-11-03,UAA,10.72
2011-11-02,UAA,10.475
2011-11-01,UAA,10.25625
2011-10-31,UAA,10.55125
2011-10-28,UAA,10.72875
2011-10-27,UAA,10.75
2011-10-26,UAA,10.36125
2011-10-25,UAA,10.01875
2011-10-24,UAA,9.54125
2011-10-21,UAA,9.13875
2011-10-20,UAA,8.95875
2011-10-19,UAA,8.91125
2011-10-18,UAA,9.15125
2011-10-17,UAA,9.06
2011-10-14,UAA,9.33
2011-10-13,UAA,9.1875
2011-10-12,UAA,9.28125
2011-10-11,UAA,9.40875
2011-10-10,UAA,9.30625
2011-10-07,UAA,8.745
2011-10-06,UAA,9.0325
2011-10-05,UAA,8.65625
2011-10-04,UAA,8.5075
2011-10-03,UAA,8.07125
2011-09-30,UAA,8.30125
2011-09-29,UAA,8.8125
2011-09-28,UAA,9.13125
2011-09-27,UAA,9.4425
2011-09-26,UAA,9.5275
2011-09-23,UAA,9.08375
2011-09-22,UAA,8.815
2011-09-21,UAA,9.21
2011-09-20,UAA,9.56625
2011-09-19,UAA,9.82375
2011-09-16,UAA,9.86
2011-09-15,UAA,9.6025
2011-09-14,UAA,9.405
2011-09-13,UAA,8.89625
2011-09-12,UAA,8.6725
2011-09-09,UAA,8.4425
2011-09-08,UAA,8.84625
2011-09-07,UAA,8.895
2011-09-06,UAA,8.49875
2011-09-02,UAA,8.42
2011-09-01,UAA,8.71625
2011-08-31,UAA,8.8575
2011-08-30,UAA,9.045
2011-08-29,UAA,8.76375
2011-08-26,UAA,8.4375
2011-08-25,UAA,7.45125
2011-08-24,UAA,7.865
2011-08-23,UAA,7.82875
2011-08-22,UAA,6.99875
2011-08-19,UAA,6.5975
2011-08-18,UAA,6.97875
2011-08-17,UAA,7.3925
2011-08-16,UAA,7.93
2011-08-15,UAA,8.245
2011-08-12,UAA,7.96625
2011-08-11,UAA,7.8675
2011-08-10,UAA,7.385
2011-08-09,UAA,7.66
2011-08-08,UAA,6.99125
2011-08-05,UAA,7.83
2011-08-04,UAA,8.09875
2011-08-03,UAA,8.76625
2011-08-02,UAA,8.6475
2011-08-01,UAA,9.10875
2011-07-29,UAA,9.17625
2011-07-28,UAA,9.3125
2011-07-27,UAA,9.00625
2011-07-26,UAA,9.43125
2011-07-25,UAA,9.82375
2011-07-22,UAA,9.95875
2011-07-21,UAA,10.0525
2011-07-20,UAA,10.14875
2011-07-19,UAA,10.3
2011-07-18,UAA,9.71
2011-07-15,UAA,9.74125
2011-07-14,UAA,9.7825
2011-07-13,UAA,9.91625
2011-07-12,UAA,9.775
2011-07-11,UAA,9.65
2011-07-08,UAA,9.94375
2011-07-07,UAA,9.9475
2011-07-06,UAA,9.96375
2011-07-05,UAA,10.155
2011-07-01,UAA,9.90375
2011-06-30,UAA,9.66375
2011-06-29,UAA,9.63625
2011-06-28,UAA,9.7
2011-06-27,UAA,9.2875
2011-06-24,UAA,9.29625
2011-06-23,UAA,9.2025
2011-06-22,UAA,9.035
2011-06-21,UAA,9.2025
2011-06-20,UAA,8.98375
2011-06-17,UAA,8.50875
2011-06-16,UAA,8.5025
2011-06-15,UAA,8.50875
2011-06-14,UAA,8.71
2011-06-13,UAA,8.49625
2011-06-10,UAA,8.015
2011-06-09,UAA,8.15875
2011-06-08,UAA,7.81375
2011-06-07,UAA,8.0825
2011-06-06,UAA,8.14125
2011-06-03,UAA,8.32
2011-06-02,UAA,8.27
2011-06-01,UAA,8.32875
2011-05-31,UAA,8.1475
2011-05-27,UAA,8.17375
2011-05-26,UAA,8.2025
2011-05-25,UAA,8.00625
2011-05-24,UAA,8.025
2011-05-23,UAA,8.125
2011-05-20,UAA,8.17875
2011-05-19,UAA,8.36125
2011-05-18,UAA,8.38875
2011-05-17,UAA,8.01125
2011-05-16,UAA,8.09125
2011-05-13,UAA,8.365
2011-05-12,UAA,8.5075
2011-05-11,UAA,8.59125
2011-05-10,UAA,8.425
2011-05-09,UAA,8.21125
2011-05-06,UAA,8.25
2011-05-05,UAA,8.14375
2011-05-04,UAA,8.165
2011-05-03,UAA,8.09375
2011-05-02,UAA,8.35
2011-04-29,UAA,8.5575
2011-04-28,UAA,8.78
2011-04-27,UAA,8.75625
2011-04-26,UAA,8.705
2011-04-25,UAA,9.80875
2011-04-21,UAA,9.81625
2011-04-20,UAA,9.80625
2011-04-19,UAA,9.725
2011-04-18,UAA,9.26375
2011-04-15,UAA,9.23375
2011-04-14,UAA,9.17625
2011-04-13,UAA,9.37
2011-04-12,UAA,9.24625
2011-04-11,UAA,9.16125
2011-04-08,UAA,8.925
2011-04-07,UAA,9.1375
2011-04-06,UAA,9.2375
2011-04-05,UAA,9.50625
2011-04-04,UAA,9.31875
2011-04-01,UAA,9.15375
2011-03-31,UAA,8.50625
2011-03-30,UAA,8.62875
2011-03-29,UAA,8.54
2011-03-28,UAA,8.13875
2011-03-25,UAA,8.22375
2011-03-24,UAA,8.15625
2011-03-23,UAA,8.115
2011-03-22,UAA,8.02375
2011-03-21,UAA,8.18875
2011-03-18,UAA,7.91375
2011-03-17,UAA,8.385
2011-03-16,UAA,8.3925
2011-03-15,UAA,8.44
2011-03-14,UAA,8.53375
2011-03-11,UAA,8.68125
2011-03-10,UAA,8.46125
2011-03-09,UAA,8.60625
2011-03-08,UAA,8.68625
2011-03-07,UAA,8.4825
2011-03-04,UAA,8.41625
2011-03-03,UAA,8.32
2011-03-02,UAA,7.985
2011-03-01,UAA,8.05875
2011-02-28,UAA,8.27875
2011-02-25,UAA,8.2525
2011-02-24,UAA,8.07
2011-02-23,UAA,8.03125
2011-02-22,UAA,8.26875
2011-02-18,UAA,8.48
2011-02-17,UAA,8.44125
2011-02-16,UAA,8.47125
2011-02-15,UAA,8.4175
2011-02-14,UAA,8.62
2011-02-11,UAA,8.72625
2011-02-10,UAA,8.64
2011-02-09,UAA,8.30875
2011-02-08,UAA,8.37375
2011-02-07,UAA,8.18875
2011-02-04,UAA,7.9625
2011-02-03,UAA,7.5325
2011-02-02,UAA,7.42625
2011-02-01,UAA,7.5225
2011-01-31,UAA,7.4825
2011-01-28,UAA,7.46875
2011-01-27,UAA,7.47375
2011-01-26,UAA,6.735
2011-01-25,UAA,6.625
2011-01-24,UAA,6.69
2011-01-21,UAA,6.65625
2011-01-20,UAA,6.76125
2011-01-19,UAA,6.90125
2011-01-18,UAA,7.10375
2011-01-14,UAA,7.0375
2011-01-13,UAA,6.93375
2011-01-12,UAA,6.8775
2011-01-11,UAA,6.79875
2011-01-10,UAA,6.9025
2011-01-07,UAA,6.69375
2011-01-06,UAA,6.83
2011-01-05,UAA,6.9425
2011-01-04,UAA,6.83125
2011-01-03,UAA,6.94625
2010-12-31,UAA,6.855
2010-12-30,UAA,6.8925
2010-12-29,UAA,6.825
2010-12-28,UAA,6.68375
2010-12-27,UAA,6.8125
2010-12-23,UAA,6.85625
2010-12-22,UAA,6.81125
2010-12-21,UAA,7.175
2010-12-20,UAA,7.15375
2010-12-17,UAA,7.16
2010-12-16,UAA,7.01375
2010-12-15,UAA,6.8475
2010-12-14,UAA,7.09375
2010-12-13,UAA,7.46375
2010-12-10,UAA,7.50125
2010-12-09,UAA,7.37625
2010-12-08,UAA,7.33625
2010-12-07,UAA,7.34
2010-12-06,UAA,7.44375
2010-12-03,UAA,7.37875
2010-12-02,UAA,7.26125
2010-12-01,UAA,7.2375
