date,FOX,CBS,ABC
2013-12-31,33.14386967,61.17264921,66.25848343
2014-01-02,33.56535241,60.70238567,65.86268535
2014-01-03,33.20134459,60.5968163,65.90980417
2014-01-06,32.82775762,60.4720525,65.67421007
2014-01-07,32.92354915,60.82714946,66.39041612
2014-01-08,32.37753742,60.2129277,67.04065582
2014-01-09,31.2184599,59.97299732,67.26682616
2014-01-10,31.45793873,60.45285807,67.2291311
2014-01-13,30.5862358,58.48542897,66.54119634
2014-01-14,30.49044427,58.20710973,66.47522999
2014-01-15,30.63413156,58.54301226,66.48465376
2014-01-16,30.48086511,58.35106796,66.43753494
2014-01-17,30.1360156,58.05355429,66.46580623
2014-01-21,29.92527423,57.2953743,66.45638247
2014-01-22,30.04022407,58.32227632,66.23021214
2014-01-23,29.72411202,57.2953743,65.62709125
2014-01-24,29.39842081,56.03813912,63.3748117
2014-01-27,29.26431267,55.8365976,62.96016609
2014-01-28,29.37926251,56.33565279,63.8177286
2014-01-29,28.93862147,55.3951257,63.38423546
2014-01-30,29.99232831,56.7867219,63.86484742
2014-01-31,29.92527423,56.35484722,63.34654041
2014-02-03,29.17810029,54.04191837,61.41466882
2014-02-04,29.73369117,55.53908393,61.2638886
2014-02-05,29.83906186,56.56598595,60.99059945
2014-02-06,30.24138629,57.86160999,61.73507679
2014-02-07,30.24138629,58.06315151,62.70572447
2014-02-10,30.1168573,58.14952644,62.54552048
2014-02-11,30.18391137,58.44704011,63.66694838
2014-02-12,30.47128596,59.35877555,63.83657612
2014-02-13,30.25096544,62.00760692,64.19939103
2014-02-14,30.49044427,62.34350945,64.30341126
2014-02-18,30.78739801,63.61993907,64.77623046
2014-02-19,30.54791918,63.16886995,64.40743148
2014-02-20,30.46170681,63.25524489,64.67221023
2014-02-21,30.77781886,63.39920312,64.68166662
2014-02-24,30.94066446,63.78309172,64.85188153
2014-02-25,30.87361039,63.11128666,64.9842709
2014-02-26,30.6053941,62.90014793,64.54927724
2014-02-27,30.76823971,63.72550843,64.31286764
2014-02-28,31.18014329,64.37811906,64.1615655
2014-03-03,30.73950225,63.29363375,63.83059206
2014-03-04,31.3813055,64.70442437,65.02209644
2014-03-05,31.63994264,64.66603551,65.14502943
2014-03-06,32.05184622,64.82918817,65.01264006
2014-03-07,31.74531332,64.80039653,65.19231135
2014-03-10,31.67346967,64.18508119,65.3436135
2014-03-11,31.03884642,63.54092294,64.62492831
2014-03-12,30.82730533,63.3582512,64.00080697
2014-03-13,30.2407596,62.4545068,64.10482719
2014-03-14,30.42345417,62.84869319,63.89678674
2014-03-17,30.57730223,63.30056539,64.37906233
2014-03-18,31.0003844,63.74282329,64.1615655
2014-03-19,30.76961231,63.39670841,63.23483986
2014-03-20,30.57730223,63.61783736,62.86604089
2014-03-21,30.60614875,63.15635086,61.29628114
2014-03-24,30.27056766,61.78150565,60.82346194
2014-03-25,30.42345417,60.70470381,61.05041516
2014-03-26,30.09652704,59.57021615,61.32465029
2014-03-27,29.77921541,59.09911535,60.62487788
2014-03-28,29.53882782,59.63751627,61.29628114
2014-03-31,29.92344797,59.41638732,62.02442271
2014-04-01,30.81768983,60.75277532,62.327027
2014-04-02,31.26961851,60.90660415,62.01496633
2014-04-03,31.5003906,60.2047601,62.22300677
2014-04-04,30.95230688,59.18564407,61.51377797
2014-04-07,29.981141,58.11845653,60.69107256
2014-04-08,30.43306968,58.14729943,60.68161618
2014-04-09,31.05807743,59.95478824,62.07170463
2014-04-10,30.32729913,57.66658433,61.46649605
2014-04-11,29.81767743,56.41672505,60.68161618
2014-04-14,29.89460146,56.52248237,61.00313324
2014-04-15,29.58690534,56.88782585,60.7288981
2014-04-16,30.11575805,57.974242,61.41921413
2014-04-17,30.47153169,58.30112827,61.16389176
2014-04-21,30.4811472,57.40699817,61.27736837
2014-04-22,30.75999681,57.46468398,61.16389176
2014-04-23,30.67345727,56.13791028,61.31519391
2014-04-24,30.79845882,56.02253866,61.36247583
2014-04-25,30.55807123,55.81102401,59.41446072
2014-04-28,29.83690844,54.82075089,60.00075653
2014-04-29,30.08691154,55.23416588,60.51140127
2014-04-30,30.11575805,55.53220925,61.63671097
2014-05-01,30.47153169,55.26300879,61.34356306
2014-05-02,30.55807123,55.02265123,60.77618002
2014-05-05,30.76961231,55.94562424,61.56105989
2014-05-06,30.44268518,54.59962194,61.24899922
2014-05-07,30.19268208,54.46502171,61.03150239
2014-05-08,32.19270688,55.7725668,60.89911301
2014-05-09,32.16386037,54.55155043,62.01496633
2014-05-12,33.01964021,55.18609437,63.04571218
2014-05-13,32.76002161,54.80152228,63.21592709
2014-05-14,32.17347587,53.78240626,63.64146438
2014-05-15,31.9811658,54.21504985,64.05281708
2014-05-16,31.92347277,54.83036519,64.82145088
2014-05-19,32.0003968,55.14763716,65.87476388
2014-05-20,31.9811658,54.888051,66.22586821
2014-05-21,32.42347897,56.74361132,67.09888438
2014-05-22,32.33693944,57.00319748,67.70619998
2014-05-23,32.7311751,58.40688559,67.98138986
2014-05-27,32.51001851,58.12807083,68.70257713
2014-05-28,32.84656114,58.14729943,68.96827771
2014-05-29,33.17348827,57.83002746,69.53763608
2014-05-30,33.13502626,57.31085515,69.44274302
2014-06-02,33.28887432,57.9934706,69.47121094
2014-06-03,33.08694874,57.32046945,69.35733926
2014-06-04,33.19271928,57.5319841,69.89822972
2014-06-05,33.7504185,58.03192781,69.07266008
2014-06-06,33.72157199,58.27228536,68.7974702
2014-06-09,34.0004216,58.51311974,68.6456413
2014-06-10,33.70234098,58.88882136,68.33249419
2014-06-11,33.67349447,59.53425749,68.24709043
2014-06-12,32.9907937,58.64798699,67.81058235
2014-06-13,33.06771773,58.23375186,68.11424015
2014-06-16,33.15425726,58.47458624,67.86751819
2014-06-17,33.06771773,57.90621711,68.07628292
2014-06-18,33.01002471,58.98515511,68.41789795
2014-06-19,32.88502316,58.15668486,68.25657974
2014-06-20,32.27924641,56.87544599,68.56972685
2014-06-23,32.2407844,56.83691249,68.77849158
2014-06-24,32.07732083,56.68277849,68.84491673
2014-06-25,32.76963711,60.18932699,69.02521355
2014-06-26,32.90425416,59.71729161,69.00623493
2014-06-27,33.01964021,58.98515511,69.14857453
2014-06-30,32.91386967,59.86179224,68.9492991
2014-07-01,33.01002471,60.61319549,69.2529569
2014-07-02,33.33695184,61.94260124,69.31938204
2014-07-03,33.78888052,61.94260124,69.49018955
2014-07-07,33.29848982,61.27789836,69.28142481
2014-07-08,32.78886812,61.06596411,69.14857453
2014-07-09,33.4907999,61.58616636,69.2529569
2014-07-10,33.28887432,59.53425749,69.19602106
2014-07-11,33.17348827,59.10075561,69.2529569
2014-07-14,33.09656424,58.45531949,69.36682857
2014-07-15,32.84175339,57.31858124,68.98725632
2014-07-16,31.31769603,58.61908686,69.24346759
2014-07-17,31.21192549,59.37049011,68.98725632
2014-07-18,31.5003906,59.24525624,69.32887135
2014-07-21,31.240772,58.21448511,69.02521355
2014-07-22,31.46192859,57.22224749,69.95516556
2014-07-23,31.00999991,56.80801236,70.27780197
2014-07-24,31.31769603,56.36487711,72.46983171
2014-07-25,31.31769603,55.61347386,72.86838257
2014-07-28,31.00999991,55.59420711,73.44723025
2014-07-29,30.79845882,55.37263949,73.65599499
2014-07-30,30.7407658,55.59420711,73.96914209
2014-07-31,30.44268518,54.74647011,72.98225425
2014-08-01,30.64461076,54.93913761,73.81731319
2014-08-04,30.16383557,55.56530699,73.81731319
2014-08-05,29.83690844,54.90060411,73.11510453
2014-08-06,30.45230068,55.53640686,72.1471953
2014-08-07,31.80808673,54.81390374,71.13183953
2014-08-08,32.25520765,57.05848011,71.57783692
2014-08-11,32.38501696,57.97365074,72.01434501
2014-08-12,32.70232858,56.75021211,71.94791987
2014-08-13,32.92348517,57.16444724,72.25157767
2014-08-14,33.28887432,57.28004774,72.93006306
2014-08-15,33.38502936,57.79061661,72.65402915
2014-08-18,33.52926191,58.02181761,72.91102624
2014-08-19,33.39464486,58.51311974,73.22513379
2014-08-20,33.28887432,58.21448511,73.15850492
2014-08-21,33.31772083,58.14705149,73.22513379
2014-08-22,33.36579835,58.28191874,72.91102624
2014-08-25,33.22156579,58.40715261,73.21561538
2014-08-26,33.19271928,57.81951674,73.02524717
2014-08-27,33.4907999,58.20485174,72.69210279
2014-08-28,33.26964331,57.36674811,73.02524717
2014-08-29,33.11579525,57.11628036,73.66298069
2014-09-02,33.58695494,56.67314511,73.43453883
2014-09-03,33.92349757,56.38414386,73.63442546
2014-09-04,33.77926501,57.25114761,73.62490705
2014-09-05,33.76003401,57.22224749,74.37686149
2014-09-08,33.67830222,57.03921336,74.5577113
2014-09-09,33.44670358,55.88027235,74.24360374
2014-09-10,33.29230449,55.66779983,74.2055301
2014-09-11,33.06070585,56.14103408,73.62490705
2014-09-12,32.89665681,55.30080185,73.38694678
2014-09-15,32.73260778,54.79859408,73.1394681
2014-09-16,32.56373377,54.95311955,73.39646519
2014-09-17,32.43345953,54.89517249,72.84439736
2014-09-18,32.74225772,54.56680588,73.41550201
2014-09-19,32.93525659,53.99699321,73.60587022
2014-09-22,32.31766021,52.75113163,73.46309406
2014-09-23,32.03781186,53.14710314,73.09187604
2014-09-24,32.28871038,52.97326199,74.28167739
2014-09-25,31.62286429,51.99781997,73.7581648
2014-09-26,32.23081072,52.69318458,73.69153592
2014-09-29,32.08606157,52.46139637,73.89142255
2014-09-30,32.14396123,51.66945335,73.57731499
2014-10-01,31.70971378,51.00306227,72.99669194
2014-10-02,31.23686656,50.54914371,73.16802333
2014-10-03,31.87376282,51.263824,74.13890122
2014-10-06,31.8255131,50.9644309,73.78672003
2014-10-07,31.54566475,50.37530256,72.81584213
2014-10-08,31.95096237,50.79058975,74.13890122
2014-10-09,31.07281753,48.98457335,73.48213088
2014-10-10,30.2429224,48.20228816,73.19657856
2014-10-13,29.63497597,47.23650399,72.18762702
2014-10-14,29.87622455,48.22160385,72.93958147
2014-10-15,29.78937506,49.01354687,72.35895842
2014-10-16,30.45522115,49.42883407,71.40711734
2014-10-17,30.5324207,50.55880155,72.18762702
2014-10-20,30.84121889,51.64047983,71.85448265
2014-10-21,31.4009156,52.38413364,72.93006306
2014-10-22,30.5324207,51.09964069,72.93958147
2014-10-23,31.2465165,51.91089939,73.71057274
2014-10-24,31.1114173,51.68876903,74.51011924
2014-10-27,31.50706497,51.68876903,75.6237733
2014-10-28,31.95096237,52.21995033,75.81414151
2014-10-29,31.95096237,52.21029249,75.89980721
2014-10-30,32.12466135,52.04610918,80.75419669
2014-10-31,32.00886203,52.36481796,81.2967461
2014-11-03,31.95096237,52.56763263,82.7149893
2014-11-04,30.87016872,50.21111925,83.94286428
2014-11-05,32.24046067,50.70366918,83.58116468
2014-11-06,32.74225772,50.34632903,83.19090984
2014-11-07,32.07641163,49.55438601,82.55317632
2014-11-10,32.12466135,50.34632903,83.48598057
2014-11-11,32.22116078,50.06625162,83.6953856
2014-11-12,32.02816191,49.80548989,84.43782164
2014-11-13,32.37555987,50.09522515,85.06603675
2014-11-14,32.52995897,51.58253278,84.8273018
2014-11-17,32.63610834,51.07066716,84.99919096
2014-11-18,32.58785863,50.74230054,85.71539581
2014-11-19,32.48170925,51.51492788,85.2952223
2014-11-20,32.61680846,51.83363666,84.89414759
2014-11-21,32.76155761,51.71774256,84.74135722
2014-11-24,33.24405477,51.69842688,85.98277895
2014-11-25,33.91955081,52.78010515,86.25016209
2014-11-26,33.63970245,52.34550227,86.03052594
2014-11-28,34.12219962,53.00223551,86.94726814
2014-12-01,34.46959758,52.606264,86.74673079
2014-12-02,34.53714718,52.45173853,87.89265854
2014-12-03,34.42134786,53.34025997,87.84491155
2014-12-04,34.88454514,52.97326199,87.80671396
2014-12-05,35.24159304,53.20505019,88.0549983
2014-12-08,34.92314491,51.77568961,88.38922723
2014-12-09,34.50819735,50.82922112,87.94040553
2014-12-10,34.3634482,49.96721642,86.82312597
2014-12-11,34.49854741,50.83890656,88.37967783
2014-12-12,34.21869905,51.79776573,86.88042236
2014-12-15,33.92920075,51.23600985,86.60348982
2014-12-16,33.61075262,50.47085961,85.40026568
2014-12-17,34.54197215,51.6234277,86.47934764
2014-12-18,35.12579372,52.88253569,87.16690429
2014-12-19,35.75786501,53.44429157,87.54888021
2014-12-22,36.17763755,52.92127748,87.79716456
2014-12-23,35.9991136,54.07384556,87.30059587
2014-12-24,36.02323845,53.94793476,87.47248503
2014-12-26,36.01358851,54.21912725,87.38654045
2014-12-29,36.18246252,54.67434322,87.50113322
2014-12-30,35.8784893,54.07384556,87.16690429
2014-12-31,35.59864095,53.5992587,86.09737173
2015-01-02,35.24159304,53.06655917,86.38385366
2015-01-05,34.51784729,52.55323052,85.64855002
2015-01-06,34.03535013,51.51688779,86.11647052
2015-01-07,32.77120755,51.43940422,87.83536215
2015-01-08,32.92560664,52.04958733,88.03589951
2015-01-09,32.65540823,52.84379391,88.80940074
2015-01-12,32.6264584,53.12467184,86.83267537
2015-01-13,32.38520982,53.8510803,87.51068262
2015-01-14,32.13431129,52.75662489,87.94995492
2015-01-15,31.96061231,51.86556385,87.28149707
2015-01-16,32.41415965,53.81233852,88.25553566
2015-01-20,31.63251424,53.7251695,88.27463445
2015-01-21,31.50706497,54.42252162,88.59931398
2015-01-22,32.21633581,54.94553571,89.9075815
2015-01-23,32.07641163,54.12227279,90.46144658
2015-01-26,32.25011061,55.26515543,91.53097915
2015-01-27,31.83033808,55.28452632,91.59782493
2015-01-28,31.21756667,54.51937608,92.02754784
2015-01-29,31.42986543,53.96730565,91.99889965
2015-01-30,30.73506951,53.08593006,90.76702731
2015-02-02,31.32371605,53.62831504,90.86252129
2015-02-03,32.15843615,55.12955919,91.33044179
2015-02-04,32.25976055,54.95522116,91.55007794
2015-02-05,30.66751991,54.23849815,91.99889965
2015-02-06,31.42504046,54.95522116,92.6673575
2015-02-09,31.84481299,54.97459205,91.25404661
2015-02-10,32.09571152,55.20704275,92.54321533
2015-02-11,32.39485976,54.9649066,94.29075515
2015-02-12,32.14878621,55.9528221,95.60857206
2015-02-13,32.48170925,57.948024,96.09700612
2015-02-17,32.80980732,58.30638551,96.34601172
2015-02-18,32.44310948,57.92865311,96.40347455
2015-02-19,32.66505817,57.66714606,96.73867439
2015-02-20,33.07518077,57.62840428,97.66765681
2015-02-23,33.19580506,57.79305686,98.4146736
2015-02-24,32.86770698,57.53154982,98.6157935
2015-02-25,32.77120755,57.89959677,98.92226193
2015-02-26,32.61198349,57.27972822,98.62537064
2015-02-27,32.8484071,57.24098644,98.4146736
2015-03-02,33.06070585,59.80762965,98.7402963
2015-03-03,33.41292878,60.82460149,98.68283347
2015-03-04,32.87735693,60.49529632,99.10422756
2015-03-05,32.84358213,59.61392073,99.25746177
2015-03-06,32.41898462,58.6841179,97.93581668
2015-03-09,32.61198349,58.75191603,98.97014762
2015-03-10,32.20003244,57.70329482,98.57748495
2015-03-11,32.14672113,57.85864611,99.44900454
2015-03-12,32.45204955,59.85879397,100.9238838
2015-03-13,31.96740126,59.15971316,101.6613235
2015-03-16,32.2969621,60.27630056,105.4730246
2015-03-17,31.96740126,59.97530744,105.6932987
2015-03-18,32.83007522,61.27637449,106.9766353
2015-03-19,32.54897921,60.81032062,107.6183035
2015-03-20,33.34380241,61.50940143,108.6622116
2015-03-23,33.58612655,60.8588679,108.8346001
2015-03-24,33.07239936,60.56758423,109.0740286
2015-03-25,32.23395782,59.72286159,107.3980294
2015-03-26,31.99648016,59.22767935,107.3501437
2015-03-27,31.7299236,59.43157792,108.4036289
2015-03-30,32.13218168,60.07240199,108.690943
2015-03-31,31.8704716,58.86842949,108.8633315
2015-04-01,31.69599822,57.88777448,107.2926808
2015-04-02,32.21941837,59.38303064,107.6374578
2015-04-06,32.44720307,59.12087534,107.7811149
2015-04-07,32.2678832,59.11116588,107.9151948
2015-04-08,32.2097254,59.48983465,108.4515146
2015-04-09,32.41327769,59.42186847,108.7005202
2015-04-10,32.34542693,59.81024669,110.4722908
2015-04-13,32.15156761,59.53838193,109.1698
2015-04-14,32.11279575,59.71315213,109.1793771
2015-04-15,32.16126058,59.86850342,108.8154458
2015-04-16,32.16126058,59.98501689,109.0165657
2015-04-17,31.61845449,58.91697677,107.8481549
2015-04-20,32.10310278,59.42186847,108.4036289
2015-04-21,32.11279575,59.69373322,109.0740286
2015-04-22,32.28726913,59.78111832,108.9974115
2015-04-23,32.61682997,59.83937506,110.3286337
2015-04-24,32.91246543,60.89770572,110.5967936
2015-04-27,32.77191742,59.90734125,109.2847256
2015-04-28,32.75253149,59.81024669,109.1410685
2015-04-29,32.74768501,60.946253,107.6853435
2015-04-30,32.32604099,60.32484784,109.4666912
2015-05-01,32.61198349,60.81032062,109.7635825
2015-05-04,32.54897921,60.80061116,110.3765194
2015-05-05,32.18064651,59.97530744,109.8497768
2015-05-06,32.01101961,59.34419282,109.2368399
2015-05-07,31.34220496,59.44128738,109.2464171
2015-05-08,31.44398111,59.05290915,110.4244051
2015-05-11,31.51183187,57.93632175,110.0508967
2015-05-12,31.37613034,57.98486903,110.1849766
2015-05-13,31.64753339,57.98486903,109.4666912
2015-05-14,32.04494499,57.90719339,110.0892052
2015-05-15,32.59744404,58.20818651,109.6283399
2015-05-18,32.45204955,59.01407133,108.7930215
2015-05-19,33.13055716,58.93639568,110.5212665
2015-05-20,33.16932902,59.305355,110.137212
2015-05-21,33.3728813,60.01414526,109.3979072
2015-05-22,33.0627064,59.80053723,109.2634882
2015-05-26,32.76222446,58.91697677,108.4953793
2015-05-27,32.96577674,60.82973953,109.0618596
2015-05-28,32.73314556,60.22775328,108.5913929
2015-05-29,32.41327769,59.92676016,108.0729194
2015-06-01,32.43266362,59.71315213,108.7450147
2015-06-02,32.32604099,59.85879397,107.9961085
2015-06-03,32.53928624,60.41223294,107.9000949
2015-06-04,32.48112845,59.94617907,107.0455738
2015-06-05,32.09340982,59.54809139,107.0551752
2015-06-08,31.98678719,58.67424038,105.826201
2015-06-09,31.71538415,58.25569487,104.7700512
2015-06-10,31.8413927,57.90528468,104.4148009
2015-06-11,31.81231381,57.20446429,106.0086268
2015-06-12,31.58937559,56.93192302,105.7589914
2015-06-15,31.26950772,56.59124645,106.2198568
2015-06-16,31.18227103,56.1532337,106.7479316
2015-06-17,31.49244593,56.45497581,107.0647765
2015-06-18,31.78323491,56.95139026,107.4584323
2015-06-19,31.71538415,56.51337751,107.0263711
2015-06-22,31.97709423,56.78591878,107.3336146
2015-06-23,32.04494499,56.54257836,107.3528174
2015-06-24,31.52152483,55.25774098,105.2309166
2015-06-25,31.60876152,55.60815118,103.3202457
2015-06-26,31.79292787,55.48161416,103.541077
2015-06-29,30.90117502,53.8561002,101.8704402
2015-06-30,31.23073586,54.02157168,102.1008729
2015-07-01,31.46336704,54.4401172,103.4162593
2015-07-02,31.23073586,54.04103892,102.8305763
2015-07-06,31.25012179,53.42782108,103.7235029
2015-07-07,31.47306,54.09944062,104.2995846
2015-07-08,30.82363129,52.83407047,103.5314757
2015-07-09,30.95933281,52.80486962,104.5204159
2015-07-10,31.54091076,53.38888661,105.0964975
2015-07-13,32.09340982,54.06050615,105.6821805
2015-07-14,32.10310278,53.92423552,105.9990254
2015-07-15,32.16126058,53.89503467,106.1238431
2015-07-16,32.44235658,53.9729036,107.4200269
2015-07-17,32.18064651,53.24288236,108.6874065
2015-07-20,32.12248871,52.64913176,110.1852188
2015-07-21,31.74446305,52.65886537,109.551529
2015-07-22,31.93832236,52.68806622,110.3676447
2015-07-23,31.48275297,52.31818879,105.7301873
2015-07-24,31.82200677,51.62710202,104.3955982
2015-07-27,31.29858662,51.26695821,103.0898131
2015-07-28,31.71538415,51.34482714,103.6946988
2015-07-29,31.97709423,51.20855651,103.4834689
2015-07-30,32.04494499,51.78283989,100.3054184
2015-07-31,32.49082141,52.04564753,101.5343926
2015-08-03,32.34542693,51.6173684,101.6016021
2015-08-04,32.37450582,51.45189692,101.9760552
2015-08-05,30.20328148,49.07689449,102.9745967
2015-08-06,28.16775866,50.8484127,100.5742565
2015-08-07,29.44723015,48.99902556,100.1998034
2015-08-10,29.21459897,49.81664935,100.4782429
2015-08-11,28.81718737,48.95035748,100.3438238
2015-08-12,28.57486322,48.83355408,100.2190061
2015-08-13,28.72995068,48.71675068,100.0173775
2015-08-14,28.99166075,47.90886051,100.0751465
2015-08-17,29.22429193,48.69728345,100.7298618
2015-08-18,29.12736228,48.03539753,101.0475912
2015-08-19,28.8947311,47.22750735,102.1933428
2015-08-20,27.79942596,44.80383684,99.52634113
2015-08-21,27.06276056,43.88887689,98.01471924
2015-08-24,26.02561321,42.7792446,94.8663093
2015-08-25,26.07407804,42.11735868,93.78795482
2015-08-26,26.64596303,43.16858927,96.86896761
2015-08-27,27.07245352,44.05434837,97.38888851
2015-08-28,27.21784801,44.57023004,97.11929989
2015-08-31,26.81074345,44.03488114,96.3201622
2015-09-01,25.94806949,42.62350674,95.5787935
2015-09-02,26.33578812,43.11018757,96.55123816
2015-09-03,26.35517405,42.64297397,96.28164954
2015-09-04,26.23885846,41.7766821,95.30920488
2015-09-08,26.93089373,42.65270759,97.29260686
2015-09-09,26.30708729,42.49643479,97.00376192
2015-09-10,26.33632822,42.91641794,98.23616703
2015-09-11,26.21936451,42.90665089,100.4602731
2015-09-14,25.99518407,42.27179264,100.7298618
2015-09-15,26.19987056,42.74061104,101.6349093
2015-09-16,26.3850631,42.56480414,102.3377653
2015-09-17,26.36556915,42.40853134,102.8095454
2015-09-18,25.76125666,41.71507078,102.1548302
2015-09-21,25.92695524,41.88111064,101.3653206
2015-09-22,25.90746129,41.58809913,99.43005948
2015-09-23,25.84897944,40.69929758,98.99679206
2015-09-24,25.55657017,39.93746767,98.17839804
2015-09-25,25.32264275,39.82026307,96.1275989
2015-09-28,24.76706514,37.76918256,92.6133187
2015-09-29,25.22517299,38.06219406,91.51570789
2015-09-30,26.3850631,38.97052972,91.4579389
2015-10-01,26.78956259,38.55054657,90.99578698
2015-10-02,27.5839411,39.36121172,91.38091358
2015-10-05,27.97382013,40.66999643,91.4579389
2015-10-06,27.73014574,40.37698493,89.57081857
2015-10-07,27.78862759,41.42205928,89.48416509
2015-10-08,28.16875964,42.83828154,90.06185498
2015-10-09,28.16875964,42.12528689,89.38788344
2015-10-12,28.11027779,41.62716733,90.23516195
2015-10-13,28.2272415,41.35368993,90.64917305
2015-10-14,28.00306106,41.44159338,89.57081857
2015-10-15,28.69509633,42.15458804,90.57214773
2015-10-16,28.90952979,42.17412214,91.52533606
2015-10-19,28.91927677,41.92017884,91.2653756
2015-10-20,29.07522838,42.92618499,89.71524104
2015-10-21,28.79256608,42.17412214,89.26271729
2015-10-22,29.32864975,42.20342329,89.34937078
2015-10-23,29.65029994,43.45360569,89.66710022
2015-10-26,29.80625155,43.32663404,90.14850847
2015-10-27,29.51384228,43.46337274,93.91312096
2015-10-28,29.64055297,44.4303107,93.87460831
2015-10-29,29.87448038,45.53398736,93.21989309
2015-10-30,30.09866082,45.43631686,92.92141997
2015-11-02,30.32284126,46.75486861,94.19233775
2015-11-03,30.70297331,47.11624946,94.03828711
2015-11-04,29.14345721,46.83300501,93.84572381
2015-11-05,29.12396326,46.65719811,94.25010674
2015-11-06,29.31890277,47.50693147,93.98051812
2015-11-09,28.94851769,47.40926097,93.77832666
2015-11-10,29.56257716,48.59107402,95.1936669
2015-11-11,29.57232414,49.13802883,94.58709251
2015-11-12,29.5869446,49.18686408,93.63390418
2015-11-13,29.26042092,48.71804567,93.32472196
2015-11-16,29.83549248,49.75335298,94.01072002
2015-11-17,29.66004692,49.59708018,95.81750364
2015-11-18,29.85498643,50.11473383,96.91896531
2015-11-19,29.55283019,50.54448403,95.83682753
2015-11-20,29.76726365,50.48588173,95.74987003
2015-11-23,29.61131204,49.79242118,95.39237808
2015-11-24,29.48460136,49.36267098,95.17015336
2015-11-25,29.55283019,49.79242118,95.58561697
2015-11-27,29.14345721,49.56777903,95.64358864
2015-11-30,29.19219209,49.30406868,95.30542058
2015-12-01,29.49434833,49.90962578,96.13634781
2015-12-02,29.19219209,48.88408552,95.50832141
2015-12-03,28.95826467,48.18085792,95.37305419
2015-12-04,29.24092696,48.84501732,96.51316364
2015-12-07,29.27016789,49.27476753,96.60012114
2015-12-08,28.75357818,48.67897747,97.07355642
2015-12-09,28.23698847,47.37995982,97.26679531
2015-12-10,28.31496428,47.54651468,98.50352421
2015-12-11,27.44748344,45.8907634,98.62912949
2015-12-14,27.29153183,45.40089615,99.06391699
2015-12-15,27.38900159,45.88096605,98.25231365
2015-12-16,27.77888062,46.53738816,98.15569421
2015-12-17,27.51571227,45.57724836,98.88034005
2015-12-18,27.12583325,44.7346767,98.4358906
2015-12-21,26.89190583,44.86204218,99.41174699
2015-12-22,26.90165281,45.66542446,99.6726195
2015-12-23,26.90165281,46.27285985,100.4262512
2015-12-24,26.84317095,46.47860409,100.4359131
2015-12-28,26.75544817,45.88096605,100.6677998
2015-12-29,26.90165281,46.33164391,101.2281926
2015-12-30,26.65797842,45.81238464,101.4697412
2015-12-31,26.54101471,46.1748864,100.2040264
2016-01-04,25.93670222,45.70461384,98.42622865
2016-01-05,25.92695524,45.18535456,99.86585839
2016-01-06,25.82948549,45.19515191,98.33927115
2016-01-07,25.2641609,44.42116166,95.19913919
2016-01-08,25.27390787,45.51846429,94.64840835
2016-01-11,25.3421367,45.83197933,90.88025
2016-01-12,25.79049758,46.0671156,90.99619333
2016-01-13,25.15694416,44.02926787,89.9913511
2016-01-14,26.09752732,45.7829926,90.55174388
2016-01-15,25.50783529,44.95021829,89.63385916
2016-01-19,25.90746129,44.47014839,89.41163443
2016-01-20,25.09846231,43.12791214,87.82707553
2016-01-21,24.97175163,44.84244749,87.50823137
2016-01-22,25.7417627,45.98873684,87.92369498
2016-01-25,25.3421367,45.35190943,88.18456748
2016-01-26,26.27784637,46.5471855,88.17490554
2016-01-27,25.90746129,46.38063064,87.13141553
2016-01-28,25.56631714,45.35190943,84.33911357
2016-01-29,26.41430402,46.53738816,86.53237497
2016-02-01,26.424051,46.9390793,85.99130608
2016-02-02,25.40061856,45.68501915,85.16037885
2016-02-03,25.82948549,47.28198637,85.01544968
2016-02-04,25.56631714,47.42894654,81.54681161
2016-02-05,24.40642704,45.31272005,81.83666994
2016-02-08,23.91907826,43.46102187,80.79317994
2016-02-09,23.59742806,41.78567589,81.88497967
2016-02-10,23.84110245,42.01101482,82.70624495
2016-02-11,24.08477684,42.68703162,81.69174078
2016-02-12,24.04578894,42.30493517,82.71590689
2016-02-16,24.9814986,44.00967318,82.71590689
2016-02-17,25.80024456,45.61643774,84.53235246
2016-02-18,25.75150968,44.86204218,84.08790301
2016-02-19,26.01467802,44.17622804,84.23340059
2016-02-22,26.61899051,45.92015543,85.06758674
2016-02-23,26.33632822,46.00833153,84.72809238
2016-02-24,26.63848446,46.51779347,84.46619673
2016-02-25,26.68721934,46.67455099,84.97058835
2016-02-26,26.51177378,47.32117575,84.91238931
2016-02-29,26.47278588,47.39955451,84.02000414
2016-03-01,27.32077276,49.231658,84.80569109
2016-03-02,26.97962861,49.13368455,84.99968786
2016-03-03,27.29153183,50.43673142,85.57197836
2016-03-04,27.28178486,50.35835266,85.3585819
2016-03-07,27.56444715,50.94619335,85.45558029
2016-03-08,27.27047864,50.14281107,85.1839848
2016-03-09,27.5154524,51.19112697,84.94148883
2016-03-10,27.4174629,50.8767093,83.59321123
2016-03-11,27.62324085,52.1933333,86.86205692
2016-03-14,27.5742461,52.37019324,85.31978255
2016-03-15,27.54974873,51.67257903,83.7096093
2016-03-16,27.64283875,53.49030619,84.45649689
2016-03-17,27.64283875,53.3036207,83.30221606
2016-03-18,27.62324085,53.7555961,84.85419028
2016-03-21,27.4762566,53.077633,84.51469592
2016-03-22,27.4370608,52.92042416,84.54379544
2016-03-23,27.42726185,52.56670428,84.65049367
2016-03-24,27.4566587,53.1169352,83.58351139
2016-03-28,27.42726185,53.65734058,83.8842064
2016-03-29,27.60364295,53.94228159,83.82600736
2016-03-30,27.6330398,53.65734058,84.47589657
2016-03-31,27.6330398,54.12896708,83.95210527
2016-04-01,28.53454323,54.2075715,83.91330591
2016-04-04,28.42675478,53.86367717,84.54379544
2016-04-05,28.22097682,53.31344625,83.11791913
2016-04-06,28.76971804,53.89315383,84.91238931
2016-04-07,28.24057472,52.6453087,84.0588035
2016-04-08,28.20137892,53.17588852,82.74932525
2016-04-11,28.10338942,52.58635539,81.90543927
2016-04-12,28.82851174,52.6453087,82.35163186
2016-04-13,29.27926345,53.34292291,82.61352751
2016-04-14,29.1910729,52.72391312,84.09760285
2016-04-15,29.24006765,52.94990082,85.19368464
2016-04-18,29.47524246,53.18571407,85.99877127
2016-04-19,29.43604666,54.0012349,86.80385789
2016-04-20,29.367454,54.08966487,89.1027197
2016-04-21,29.48504141,54.84623239,89.07362018
2016-04-22,30.13177213,55.50454439,89.13181922
2016-04-25,30.30815323,55.30803335,88.76322534
2016-04-26,30.24935953,55.45541663,88.54012905
2016-04-27,30.16116898,55.40628887,87.91933936
2016-04-28,29.95539102,55.0918712,83.82600736
2016-04-29,29.51443826,54.93466236,82.54562863
2016-05-02,29.63202566,55.48489329,82.67172654
2016-05-03,29.0930834,54.68902356,82.91422251
2016-05-04,28.98529494,55.5438466,81.75994169
2016-05-05,29.22046975,56.46744851,75.65874305
2016-05-06,28.92650124,56.6737851,74.2231669
2016-05-09,28.80891384,55.02309233,75.0476532
2016-05-10,29.41644876,55.96634534,74.37836432
2016-05-11,28.99509389,54.82658129,73.48597915
2016-05-12,28.75991909,53.33309735,72.53539494
2016-05-13,28.65213063,52.56670428,71.44901299
2016-05-16,28.54434218,52.71408756,72.351098
2016-05-17,28.25037367,52.52740207,72.29289897
2016-05-18,27.90741041,51.36798691,72.89428898
2016-05-19,27.68203456,51.19112697,73.12708511
2016-05-20,27.88781251,51.81996231,72.90297812
2016-05-23,27.86821461,51.52519575,72.04552529
2016-05-24,28.26017262,52.4389721,72.43527658
2016-05-25,28.61293483,52.98920303,72.14296311
2016-05-26,28.38755898,53.40187622,71.80193073
2016-05-27,28.67172853,53.91280493,72.13321933
2016-05-31,28.65213063,54.23704816,73.05887863
2016-06-01,29.10288235,54.2075715,73.70196826
2016-06-02,29.25966555,54.4335592,75.10507289
2016-06-03,29.00489284,53.44117843,74.57890865
2016-06-06,29.1322792,53.08745855,74.49121461
2016-06-07,29.08328445,52.57652983,74.26710762
2016-06-08,29.0930834,52.74356422,74.29633897
2016-06-09,28.81871279,52.22135071,74.21838871
2016-06-10,28.40715688,51.95531742,74.50095839
2016-06-13,28.49534743,51.34442615,74.45223948
2016-06-14,28.39735793,52.04399518,73.57529909
2016-06-15,28.38755898,52.41841241,74.1696698
2016-06-16,28.43655373,53.6796073,74.05274441
2016-06-17,28.12298732,52.94062592,73.76043095
2016-06-20,28.35816212,53.22636539,74.41326435
2016-06-21,28.01519886,52.65488646,74.60814
2016-06-22,28.09359047,52.86180124,75.1537918
2016-06-23,28.39735793,52.90121358,75.56303065
2016-06-24,26.22199096,50.89118423,73.50709261
2016-06-27,25.73204345,50.14234977,71.95783125
2016-06-28,26.08480566,51.3050138,73.39016723
2016-06-29,26.52575842,51.98487667,75.28046097
2016-06-30,26.70213953,53.64019496,77.28768009
2016-07-01,26.95691223,54.05402453,78.10615779
2016-07-05,26.33957837,53.86681592,78.30103344
2016-07-06,26.57475317,54.28064549,79.10976735
2016-07-07,26.71193848,55.28566016,78.91489171
2016-07-08,27.4370608,56.24140941,79.82106345
2016-07-11,27.52525135,56.68479824,80.07440179
2016-07-12,27.5154524,57.08877472,82.02315822
2016-07-13,27.83881776,56.66509207,82.75394188
2016-07-14,28.04459572,57.08877472,83.74780766
2016-07-15,28.01519886,55.02947995,83.35805638
2016-07-18,28.00539991,53.88652209,83.82575792
2016-07-19,27.87801356,54.17226155,83.71857632
2016-07-20,27.24108179,53.72887272,84.42012863
2016-07-21,27.16269019,53.15739379,83.61139471
2016-07-22,27.21168494,54.339764,83.66011362
2016-07-25,26.89811853,53.62048879,83.22164343
2016-07-26,26.84912378,53.64019496,83.51395689
2016-07-27,26.87852063,53.30519007,83.23138721
2016-07-28,26.52575842,53.413574,82.64676028
2016-07-29,26.48656262,51.45281008,83.00728022
2016-08-01,26.59435107,51.33457306,83.34831259
2016-08-02,26.49636157,51.14736444,87.13864385
2016-08-03,26.86872168,51.32471997,87.58685783
2016-08-04,25.6830487,51.06853976,86.70017366
2016-08-05,25.90842455,51.40354466,87.0606936
2016-08-08,25.7026466,51.24589529,86.39811641
2016-08-09,25.65365185,51.08824593,86.3493975
2016-08-10,25.65365185,51.28530763,85.64784518
2016-08-11,26.10440356,52.14252603,86.67094231
2016-08-12,26.03581091,51.58090019,86.63196718
2016-08-15,25.77123925,51.51192859,87.09966873
2016-08-16,25.60465709,50.83206572,87.1678752
2016-08-17,25.6634508,50.98971508,86.66119853
2016-08-18,25.30088964,50.77294721,87.02171847
2016-08-19,25.29109069,51.08824593,86.90434625
2016-08-22,25.19310118,51.90605199,86.80653607
2016-08-23,24.93832848,52.02428901,87.0412805
2016-08-24,24.83054002,51.61045944,86.45441942
2016-08-25,24.59536522,50.93059657,83.63748619
2016-08-26,24.49737571,50.68426945,83.87223062
2016-08-29,24.54637046,50.70397562,84.41996764
2016-08-30,24.35039146,50.516767,84.15588015
2016-08-31,24.35039146,50.28029296,85.06551484
2016-09-01,24.25240196,51.27545455,85.24157317
2016-09-02,24.25240196,51.45281008,85.52522269
2016-09-06,24.21320615,50.98971508,85.71106204
2016-09-07,24.0662219,52.02428901,85.82843425
2016-09-08,24.53657151,52.75591147,85.35894538
2016-09-09,23.63506809,51.32232692,83.44186583
2016-09-12,24.34059251,52.16270407,85.0459528
2016-09-13,23.88655064,51.25311939,83.38317972
2016-09-14,23.87668016,51.54972309,82.01383718
2016-09-15,24.00499634,51.64859099,82.35617281
2016-09-16,23.96551444,51.20368544,82.26814365
2016-09-19,23.97538492,50.50172335,81.43675711
2016-09-20,23.92603254,49.40428966,80.28259696
2016-09-21,23.98525539,49.51304435,81.20201267
2016-09-22,24.41955631,49.50315756,81.7595307
2016-09-23,24.17279442,50.33364792,81.50522423
2016-09-26,23.99512587,50.5511573,80.90858213
2016-09-27,24.47877916,51.46074198,81.42697609
2016-09-28,24.56761344,53.53696788,81.378071
2016-09-29,24.30111061,53.95221306,79.47077246
2016-09-30,24.41955631,54.12028849,79.0110646
2016-10-03,24.84398676,54.3081375,78.36551741
2016-10-04,24.82424581,54.92111848,78.76653915
2016-10-05,24.68605915,55.77138243,78.27748824
2016-10-06,24.58241916,55.57364663,78.38507944
2016-10-07,24.36033346,54.59485441,77.65150308
2016-10-10,24.68605915,55.0990807,77.89602854
2016-10-11,24.50839059,54.82225058,77.86668548
2016-10-12,24.43929726,54.52564688,78.8447873
2016-10-13,24.43929726,54.61462799,78.61982388
2016-10-14,24.53800202,54.48609972,78.04274381
2016-10-17,24.46890869,54.76292984,77.99383872
2016-10-18,24.745282,54.47621293,79.31427617
2016-10-19,24.99204389,54.9013449,78.59048082
2016-10-20,25.03152579,55.85047675,78.97194053
2016-10-21,25.57440194,57.00723118,78.26770723
2016-10-24,25.33751053,55.71206169,78.28726926
2016-10-25,25.37699243,55.35613724,78.6296049
2016-10-26,26.17650095,56.13719366,77.63194105
2016-10-27,25.90012763,55.77138243,77.75909428
2016-10-28,25.90012763,55.8999107,67.62595948
2016-10-31,26.04818476,55.97900502,68.78011962
2016-11-01,25.85077525,55.1979486,68.26172566
2016-11-02,25.41647433,54.52564688,74.29661386
2016-11-03,27.17341897,54.87168453,70.73632325
2016-11-04,26.34429903,56.36458983,68.92683489
2016-11-07,26.8378228,56.96768402,70.35486354
2016-11-08,26.72924757,57.07643871,67.51836828
2016-11-09,26.97600946,56.76994822,73.95427822
2016-11-10,26.80821138,56.50300489,77.84712345
2016-11-11,26.65028377,57.0863255,77.19179523
2016-11-14,26.97600946,58.19364598,79.5490206
2016-11-15,27.04510279,58.53968363,77.78843734
2016-11-16,27.13393707,58.70775906,77.13310912
2016-11-17,27.44979228,59.38994757,78.76164864
2016-11-18,27.33134658,59.32074004,77.82822092
2016-11-21,27.37082848,59.60745695,77.08147874
2016-11-22,27.77551797,60.24021151,77.04217652
2016-11-23,27.91370463,59.33062683,77.32711762
2016-11-25,27.89396368,60.23032472,77.1993854
2016-11-28,27.82487035,59.80519275,77.67101204
2016-11-29,27.99266843,60.30941904,76.27578323
2016-11-30,27.69655417,60.03258892,76.62950321
2016-12-01,27.71629512,59.88428707,76.44281767
2016-12-02,27.01549136,59.49870226,77.42537317
2016-12-05,27.17341897,60.29953225,78.15246423
2016-12-06,27.01549136,60.45772089,77.49415205
2016-12-07,27.58797894,62.89975802,75.04758886
2016-12-08,28.11111414,63.03856581,75.53886661
2016-12-09,27.55836751,62.02725192,77.52362872
2016-12-12,25.85077525,61.65048792,76.70810765
2016-12-13,26.55157901,62.52299402,77.66118649
2016-12-14,27.23264182,63.09805486,75.70590105
2016-12-15,27.03523231,63.4847337,75.33252996
2016-12-16,27.37082848,63.99039065,76.03014436
2016-12-19,27.27212372,63.7920938,77.05200208
2016-12-20,27.23264182,64.06970938,77.91665091
2016-12-21,27.38069895,64.07962422,77.47450094
2016-12-22,27.39056943,63.95073128,76.45264322
2016-12-23,27.34121705,64.11928359,77.18955985
2016-12-27,27.47940371,64.29775075,77.44502428
2016-12-28,27.30173515,63.95073128,76.98322319
2016-12-29,27.12406659,63.95073128,77.95595313
2016-12-30,26.89704565,63.07822518,76.82601431
2017-01-03,27.63733131,63.84166802,81.16890961
2017-01-04,27.8840932,65.18017169,83.18314838
2017-01-05,27.97292748,64.9223858,82.22024399
2017-01-06,28.47632173,63.74251959,83.32070615
2017-01-09,28.39735793,62.93941739,83.98884389
2017-01-10,28.54541506,62.15614487,83.35018281
2017-01-11,29.05867978,62.44367529,80.10774967
2017-01-12,28.70334267,61.82895508,82.39710398
2017-01-13,28.87114075,61.78929571,83.14384616
2017-01-17,28.87114075,61.72980666,84.48994719
2017-01-18,29.13764359,62.94933223,84.01832055
2017-01-19,28.83165885,62.09665581,83.97901833
2017-01-20,29.16725501,62.94933223,82.28902288
2017-01-23,29.12777311,62.72129086,83.39931059
2017-01-24,29.40414642,62.44367529,82.9375095
2017-01-25,29.4140169,62.46350497,84.33273831
2017-01-26,30.19378446,63.61362665,81.9353029
2017-01-27,30.45041682,64.18868749,80.99204962
2017-01-30,30.578733,63.85158286,82.16129066
2017-01-31,30.60834443,63.94081644,85.75744378
2017-02-01,30.83536537,64.0498797,87.06424259
2017-02-02,30.75640156,63.59379696,86.51401151
2017-02-03,30.68730823,63.60371181,87.72255477
2017-02-06,30.32210064,64.11928359,88.41034362
2017-02-07,29.76935402,63.92098675,88.75423805
2017-02-08,29.43375785,62.96916191,89.48132911
2017-02-09,29.32518262,63.83175317,90.0512113
2017-02-10,29.26595977,63.85158286,89.57958466
2017-02-13,29.09816168,64.74391864,88.90162137
2017-02-14,29.63116736,64.77366317,89.23569024
2017-02-15,29.9371521,64.68442959,89.58941022
2017-02-16,29.69039021,64.86289675,89.10304525
2017-02-17,29.5324626,65.13059748,89.53711677
2017-02-21,29.67064926,66.88552453,89.78374832
2017-02-22,29.75948354,66.5484199,90.10930196
2017-02-23,29.61142641,65.74531769,90.37566403
2017-02-24,29.83844734,66.39969727,90.91825343
2017-02-27,29.62129688,65.66599895,90.49404717
2017-02-28,28.9698455,65.35863885,90.27701141
2017-03-01,29.47323975,66.68722769,90.98731027
2017-03-02,29.32518262,66.57816442,90.70121767
2017-03-03,29.56207403,67.65888221,90.98731027
2017-03-06,29.80883592,67.41101116,88.77749161
2017-03-07,29.72000164,67.36143695,87.28783706
2017-03-08,29.59168546,67.609308,87.87975278
2017-03-09,29.86805877,67.30113441,87.41608547
2017-03-10,29.57194451,67.012843,87.12012761
2017-03-13,29.73974259,67.50989716,87.93894435
2017-03-14,29.7099532,67.609308,87.61339071
2017-03-15,30.10714509,67.77830641,88.27436325
2017-03-16,29.98798752,66.90349108,86.81430449
2017-03-17,30.0574961,66.55555316,86.35063719
2017-03-20,29.87875975,66.51578883,85.73899095
2017-03-21,29.87875975,65.58132699,84.75246476
2017-03-22,30.20644306,65.73044324,84.72286898
2017-03-23,30.53412637,66.33684933,84.83138686
2017-03-24,30.66321373,66.50584774,85.39370678
2017-03-27,31.03061622,67.09237166,86.30131088
2017-03-28,31.59661466,67.370722,86.3210414
2017-03-29,31.28879095,67.847894,88.30395904
2017-03-30,31.44766771,68.93147209,87.93894435
2017-03-31,31.55689548,68.95135425,87.30756759
2017-04-03,31.34836973,68.45430008,86.15333195
2017-04-04,30.99089704,68.79229692,85.75872147
2017-04-05,30.61356474,69.1004705,86.00535302
2017-04-06,30.33553042,68.47418225,86.45915507
2017-04-07,30.32560062,68.2654195,86.43942454
2017-04-10,30.38517941,67.81807075,87.24837602
2017-04-11,30.25609204,67.62919016,86.68605609
2017-04-12,29.92840874,66.76431591,85.65020359
2017-04-13,29.65037441,66.06844008,85.50222466
2017-04-17,29.94826833,66.78419808,85.47262888
2017-04-18,29.83904056,67.98706917,81.44760203
2017-04-19,29.60072543,68.16600867,80.74716844
2017-04-20,30.33553042,68.2654195,81.26016206
2017-04-21,30.00784711,66.44620124,80.16511799
2017-04-24,29.54114665,65.56144482,79.84942961
2017-04-25,29.68016381,66.01873466,80.41174954
2017-04-26,29.83904056,66.51578883,80.15525273
2017-04-27,29.719883,65.94914707,81.01353051
2017-04-28,29.65037441,66.16785091,80.94447368
2017-05-01,29.48156786,66.25732066,81.3785452
2017-05-02,29.64044462,65.27315341,81.54625465
2017-05-03,28.15097504,63.08611506,81.55611991
2017-05-04,28.299922,63.47381732,85.364111
2017-05-05,28.37936037,64.81586357,84.73273424
2017-05-08,27.83322153,62.99664531,85.42330257
2017-05-09,27.76371295,63.1855259,86.36050245
2017-05-10,27.48567863,62.16159431,86.95241816
2017-05-11,28.12118565,62.38029815,87.66271701
2017-05-12,27.70413417,61.83353856,87.55419913
2017-05-15,27.47574883,61.71424556,88.70843477
2017-05-16,26.91968019,60.83943022,87.91921382
2017-05-17,26.58206708,60.02426139,85.11747945
2017-05-18,26.59199688,60.02426139,85.88203725
2017-05-19,26.83031201,61.29672006,88.32901651
2017-05-22,26.81045242,61.68442231,88.64603406
2017-05-23,26.34375195,61.10783947,88.3587369
2017-05-24,26.48276911,61.24701464,89.13146719
2017-05-25,27.03883775,61.23707356,90.26084224
2017-05-26,26.76080343,61.20725031,90.15186745
2017-05-30,26.77073323,61.15754489,90.18158785
2017-05-31,26.71115445,60.74996047,90.91469095
2017-06-01,27.33673167,61.36630764,92.27192236
2017-06-02,27.40624025,60.93884106,92.7078215
2017-06-05,27.16792512,59.98449705,92.45024473
2017-06-06,27.01897816,60.51137447,90.83543656
2017-06-07,26.99911856,60.98854647,91.07319972
2017-06-08,26.81045242,60.17097891,90.71655497
2017-06-09,27.50553822,60.52991101,91.2416153
2017-06-12,27.97223869,62.46415623,91.49919206
2017-06-13,27.46581903,61.66652933,92.13322718
2017-06-14,26.93953978,60.55982202,93.02483905
2017-06-15,27.2175741,61.3275379,93.54989938
2017-06-16,26.92960998,62.04540211,91.66760764
2017-06-19,27.2374337,62.05537245,92.87623707
2017-06-20,26.55227769,60.48005933,92.38089714
2017-06-21,26.67143526,62.3445122,94.72880841
2017-06-22,26.44304992,62.36445287,95.47181831
2017-06-23,26.74094384,63.4213085,94.92694439
2017-06-26,27.42609984,64.16908372,95.09535996
2017-06-27,27.02890796,63.83009229,94.63964723
2017-06-28,27.5750468,64.95674028,95.48172511
2017-06-29,27.54525741,63.36148649,94.8675036
2017-06-30,27.67434477,63.59080422,93.64896737
2017-07-03,27.9325195,63.96967699,93.81738294
2017-07-05,27.74385335,63.08231707,94.33253647
2017-07-06,27.32680187,61.88587673,91.64779404
2017-07-07,27.36652106,62.62368161,93.03474585
2017-07-10,27.64455538,63.51104153,91.62798045
2017-07-11,27.52539782,63.58083388,91.32086969
2017-07-12,28.11125585,63.18202044,92.34126995
2017-07-13,27.20764431,62.90285102,91.994532
2017-07-14,27.34666147,63.76029993,92.09359998
2017-07-17,27.03883775,64.40837179,91.84593002
2017-07-18,27.00904836,64.00955834,90.518419
2017-07-19,27.26722309,64.78724456,90.32028303
2017-07-20,27.41617005,65.66463415,91.09301332
2017-07-21,27.45588924,65.63472314,90.76608897
2017-07-24,27.30694228,66.06344759,92.26201556
2017-07-25,27.51546802,65.88398154,93.76784895
2017-07-26,27.72399376,66.4223797,93.33194981
2017-07-27,29.01486739,67.3595913,91.91527761
2017-07-28,28.70704368,67.22997693,93.09418664
2017-07-31,28.48858814,65.63472314,92.94558466
2017-08-01,28.71697348,65.88398154,92.11341358
2017-08-02,28.08146646,64.61774885,90.41935101
2017-08-03,28.31978159,64.63768952,80.94845153
2017-08-04,27.86301092,63.43127884,80.07665325
2017-08-07,27.64455538,64.3286091,79.82898329
2017-08-08,27.51546802,65.50510877,79.58131332
2017-08-09,27.31687207,65.156147,79.056253
2017-08-10,27.27715289,65.99365524,78.14482752
2017-08-11,27.64455538,66.51211272,79.27420257
2017-08-14,27.5750468,66.08338827,79.33364336
2017-08-15,27.24736349,66.50214239,79.25438897
2017-08-16,27.36652106,66.32267633,79.28410936
2017-08-17,26.70122465,65.49513843,79.55654633
2017-08-18,26.60192668,64.60777851,78.222974
2017-08-21,26.70122465,64.81715557,77.66566019
2017-08-22,26.79059282,65.45525709,78.84995203
2017-08-23,26.47283931,64.52801582,77.76518051
2017-08-24,26.42319033,63.79021094,78.02393335
2017-08-25,26.5324181,63.70047792,77.72537238
2017-08-28,26.57213729,63.56089321,78.28268619
2017-08-29,26.72108424,63.08231707,78.18316587
2017-08-30,26.82038222,64.31863876,77.95426912
2017-08-31,26.90975039,63.86997363,79.86505933
2017-09-01,26.79059282,64.14914305,79.8551073
2017-09-05,25.90684087,63.45121951,79.30774552
2017-09-06,25.78768331,61.7961437,80.33280485
2017-09-07,25.20182527,60.5,82.16397879
2017-09-08,25.20182527,59.42,82.1042666
2017-09-11,25.48978939,58,83.98520071
2017-09-12,25.46,58.82,83.49755112
2017-09-13,26.15,60.51,83.91553648
2017-09-14,26,58.15,80.30294875
2017-09-15,26.65,58.23,81.20858369
2017-09-18,26.03,57.72,80.28304469
2017-09-19,26.27,58.85,78.89971219
2017-09-20,26.38,59.05,79.1186569
2017-09-21,26.33,58.79,79.99443575
2017-09-22,26.43,59.23,80.66122191
2017-09-25,26.61,60.1,80.59155769
2017-09-26,26.42,58,81.60666498
2017-09-27,26.77,58.21,82.03460237
2017-09-28,26.01,56.92,80.60150972
2017-09-29,25.79,58,82.35306741
2017-10-02,26.05,58.55,82.90042918
2017-10-03,26.02,58.89,82.48244383
2017-10-04,26.46,59.97,82.34311537
2017-10-05,26.32,58.9,83.71649583
2017-10-06,26.47,58.3,80.09395607
2017-10-09,25.97,57.92,77.97417319
2017-10-10,26.15,57.39,79.16841707
2017-10-11,25.48,57.1,79.93472355
2017-10-12,25.49,56.51,80.41242111
2017-10-13,25.83,57,79.05894471
2017-10-16,26.1,56.9,78.62105529
2017-10-17,26.22,56.66,79.56649836
2017-10-18,26.59,56.96,80.1039081
2017-10-19,26.7,57.83,81.80570563
2017-10-20,26.84,58.92,82.81086089
2017-10-23,26.01,57.95,82.1341227
2017-10-24,25.56,56.94,81.4573845
2017-10-25,25.43,57.27,81.83058571
2017-10-26,25.7,57.04,78.39215855
2017-10-27,25.75,56.75,76.01362282
2017-10-30,25.75,56.12,76.5609846
2017-10-31,25.45,56.12,76.58088866
2017-11-01,25.38,56.19,76.2524716
2017-11-02,25.15,54.46,72.87873264
2017-11-03,24.43,55.4,74.44120172
2017-11-06,26.62,56.96,74.50091391
2017-11-07,27.04,57.61,74.55067407
2017-11-09,28.13,58.08,74.90894724
2017-11-10,28.07,56.74,74.64024236
2017-11-13,27.82,55.92,75.03832366
2017-11-14,27.31,56.41,75.03832366
2017-11-15,27.95,56.04,77.15810654
2017-11-16,28.6,56.4,79.92477152
2017-11-17,30.48,56.74,78.84
2017-11-20,29.9,55.93,77.46
2017-11-21,30.1,56.74,79.46
2017-11-22,29.94,56.24,81.4
2017-11-24,29.78,56.54,81.23
2017-11-27,29.7,55.96,81.12
2017-11-28,30.17,54.76,83.15
2017-11-29,31.3,56.54,84.66
2017-11-30,31.15,56.06,84.82
2017-12-01,31.47,57.11,84.95
2017-12-04,32.31,60.1,87.42
2017-12-05,32.48,58.1,85.89
2017-12-06,32.7,57.43,85.99
2017-12-07,33.77,57.2,85.93
2017-12-08,32.97,57.47,86.7
2017-12-11,33.27,57.68,86.77
2017-12-12,33.6,57.97,87.82
2017-12-13,32.34,57.17,88.48
2017-12-14,34.22,58.13,89.31
2017-12-15,34.22,58.9,93.17
2017-12-18,34.5,59,92.4
2017-12-19,34.37,59.46,93.79
2017-12-20,33.86,60.08,93.74
2017-12-21,34.53,60.53,92.99
2017-12-22,34.72,60.17,92.46
2017-12-26,34.17,60.19,93.25
2017-12-27,34.14,59.29,92.6
2017-12-28,34.08,59.26,92.59
2017-12-29,34.12,59,91.82
2018-01-02,35.36,59.17,94.04
2018-01-03,35.93,59.2,94.39
2018-01-04,36.17,58,94.18
2018-01-05,36.35,57.58,95.32
2018-01-08,35.85,56.76,96.9
2018-01-09,36.18,55.99,97.52
2018-01-10,35.32,56.66,97.21
2018-01-11,35.8,57.78,98.14
2018-01-12,36.37,58.83,99
2018-01-16,35.79,59.43,99.55
2018-01-17,36.49,58.9,101.3
2018-01-18,35.73,60,100.86
2018-01-19,36.26,57.75,100.06
2018-01-22,36.96,58.25,102.66
2018-01-23,37.19,57.52,102.81
2018-01-24,37.5,59.23,104.62
2018-01-25,37.73,59.27,104.37
2018-01-26,38.32,60,105.48
2018-01-29,38.14,58.73,105.09
2018-01-30,37.88,58.4,102.46
2018-01-31,36.49,57.61,99.67
2018-02-01,36.71,58.93,99.29
2018-02-02,36.22,55.4,96.02
2018-02-05,35.63,54.08,91.9
2018-02-06,36.42,53.81,91.54
2018-02-07,35.7,53.44,94.22
2018-02-08,34.07,51.8,91.55
2018-02-09,35.17,52.76,89.19
2018-02-12,35.95,53.16,89.45
2018-02-13,36.19,54.67,97.77
2018-02-14,36.18,55.85,96.4
2018-02-15,36.65,56.74,97.6
2018-02-16,37.04,55.39,99.4
2018-02-20,36.61,56.25,99.94
2018-02-21,36.56,55.38,98.57
2018-02-22,36.73,54.32,97.12
2018-02-23,37.62,55.12,98.42
2018-02-26,38.4,55.68,100.58
2018-02-27,37.14,54.15,97.64
2018-02-28,36.42,52.97,95.16
2018-03-01,35.53,51.93248675,93.3
2018-03-02,35.93,53.13836488,93.96
2018-03-05,36.15,53.22805829,94.9
2018-03-06,37.02,53.04867146,94.7
2018-03-07,36.51,51.93248675,95.6
2018-03-08,36.79,52.66,96.24
2018-03-09,37.21,52.18,99
2018-03-12,37.5,52.29,100.29
2018-03-13,36.85,51.9,100.6
2018-03-14,37.23,51.27,98.58
2018-03-15,36.7,51.04,97.36
2018-03-16,36.62,50.95,96.61
2018-03-19,36.25,50.81,93
2018-03-20,36.18,50.26,89.19
2018-03-21,36.3,50.87,89.5
2018-03-22,36.18,50.26,85
2018-03-23,35.45,49.27,84.03
2018-03-26,36.58,51.69,84.95
2018-03-27,36.08,52.35,84.01
