Date,Adj Close_KO,Adj Close_^NDX
2016-01-04,32.3402709960938,4497.85986328125
2016-01-05,32.4546699523926,4484.18017578125
2016-01-06,32.2792358398438,4443.990234375
2016-01-07,31.7453212738037,4305.72021484375
2016-01-08,31.6614246368408,4270.77978515625
2016-01-11,31.7148017883301,4283.5498046875
2016-01-12,32.1266860961914,4333.72021484375
2016-01-13,31.9207553863525,4183.1201171875
2016-01-14,31.9436302185059,4272.97021484375
2016-01-15,31.653787612915,4141.080078125
2016-01-19,31.9741306304932,4147.06982421875
2016-01-20,31.5622577667236,4136.27978515625
2016-01-21,31.5699005126953,4142.60009765625
2016-01-22,32.0809326171875,4259.77001953125
2016-01-25,32.1571922302246,4196.52978515625
2016-01-26,32.0961837768555,4233.85009765625
2016-01-27,32.1038055419922,4128.85986328125
2016-01-28,32.4699211120605,4186.06005859375
2016-01-29,32.736873626709,4279.169921875
2016-02-01,32.7979049682617,4286.56005859375
2016-02-02,32.3707733154297,4193.10009765625
2016-02-03,32.5843391418457,4171.97021484375
2016-02-04,32.4394073486328,4167.77001953125
2016-02-05,32.3707733154297,4024.46997070313
2016-02-08,32.5309410095215,3960.669921875
2016-02-09,33.0267295837402,3947.80004882812
2016-02-10,32.4546699523926,3966.28002929687
2016-02-11,32.3478851318359,3962.21997070312
2016-02-12,32.8818130493164,4019.18994140625
2016-02-16,33.0724868774414,4104.330078125
2016-02-17,33.1716461181641,4199.10009765625
2016-02-18,33.2631797790527,4151.490234375
2016-02-19,33.3852195739746,4164.08984375
2016-02-22,33.5148811340332,4231.27001953125
2016-02-23,33.3241958618164,4162.5400390625
2016-02-24,33.492000579834,4200.66015625
2016-02-25,33.6826858520508,4241.06005859375
2016-02-26,32.9046821594238,4235.6201171875
2016-02-29,32.8970603942871,4201.1201171875
2016-03-01,33.3241958618164,4333.60986328125
2016-03-02,33.3852195739746,4334.39013671875
2016-03-03,33.5301284790039,4325.85986328125
2016-03-04,33.6445465087891,4329
2016-03-07,33.5682678222656,4303.330078125
2016-03-08,33.8047142028809,4265.509765625
2016-03-09,34.1784782409668,4293.22998046875
2016-03-10,34.4988098144531,4286.97021484375
2016-03-11,34.7447967529297,4361.830078125
2016-03-14,34.8139801025391,4367.330078125
2016-03-15,34.7755508422852,4367.080078125
2016-03-16,34.6295013427734,4404.2001953125
2016-03-17,35.1829528808594,4400.259765625
2016-03-18,35.0522651672363,4410.830078125
2016-03-21,35.1060829162598,4426.97998046875
2016-03-22,34.9754104614258,4437.6201171875
2016-03-23,34.9446487426758,4402.56005859375
2016-03-24,35.0369033813477,4405.52978515625
2016-03-28,35.2060050964355,4398.06982421875
2016-03-29,35.7287254333496,4467.72021484375
2016-03-30,35.8055839538574,4490.8798828125
2016-03-31,35.659538269043,4483.66015625
2016-04-01,35.9977569580078,4532.080078125
2016-04-04,36.043872833252,4511.7001953125
2016-04-05,35.7671585083008,4470.75
2016-04-06,35.9055252075195,4543.77978515625
2016-04-07,35.6364784240723,4475.2900390625
2016-04-08,36.0285034179687,4474.93017578125
2016-04-11,35.6979789733887,4458.7099609375
2016-04-12,35.8593978881836,4496.0400390625
2016-04-13,35.390495300293,4554.72021484375
2016-04-14,35.2290649414063,4554.6298828125
2016-04-15,35.4366188049316,4543.16015625
2016-04-18,35.5288581848145,4569.31005859375
2016-04-19,35.8209609985352,4537.08984375
2016-04-20,34.1067848205566,4540.43994140625
2016-04-21,33.5610160827637,4540.7998046875
2016-04-22,34.2374610900879,4474.18994140625
2016-04-25,34.3681297302246,4474.1298828125
2016-04-26,34.2297782897949,4452.97021484375
2016-04-27,34.3450813293457,4416.6298828125
2016-04-28,34.3066444396973,4363.990234375
2016-04-29,34.4373245239258,4341.2998046875
2016-05-02,34.5756950378418,4381.2998046875
2016-05-03,34.4680709838867,4341.39013671875
2016-05-04,34.5756950378418,4312.009765625
2016-05-05,34.6371803283691,4309.47998046875
2016-05-06,34.8370323181152,4330.169921875
2016-05-09,34.7755508422852,4341.22998046875
2016-05-10,35.1675796508789,4402.0400390625
2016-05-11,34.9446487426758,4361.02978515625
2016-05-12,35.2290649414063,4342.81005859375
2016-05-13,34.8600997924805,4326.52978515625
2016-05-16,35.0676574707031,4380.47998046875
2016-05-17,34.3988914489746,4322.56005859375
2016-05-18,34.191333770752,4338.22998046875
2016-05-19,34.0683441162109,4315.580078125
2016-05-20,33.7839317321777,4362.89990234375
2016-05-23,33.7993087768555,4355.10009765625
2016-05-24,34.1067848205566,4444.2998046875
2016-05-25,34.1144714355469,4476.43017578125
2016-05-26,34.3527526855469,4487.9599609375
2016-05-27,34.4219512939453,4512.5400390625
2016-05-31,34.2835693359375,4523.89013671875
2016-06-01,34.3604545593262,4520.06982421875
2016-06-02,34.3758163452148,4531.35009765625
2016-06-03,34.6218147277832,4509.7900390625
2016-06-06,34.8754730224609,4523.6298828125
2016-06-07,34.8370323181152,4513.08984375
2016-06-08,35.0138282775879,4520.6298828125
2016-06-09,35.1752624511719,4512.68994140625
2016-06-10,35.3520660400391,4461.0498046875
2016-06-13,34.949275970459,4422.759765625
2016-06-14,34.8873100280762,4424.91015625
2016-06-15,34.8640747070313,4409.509765625
2016-06-16,35.0964508056641,4424.22998046875
2016-06-17,34.693660736084,4374.3798828125
2016-06-20,34.8408279418945,4400.16015625
2016-06-21,34.9570274353027,4413.39990234375
2016-06-22,34.7478828430176,4404.72998046875
2016-06-23,34.9183006286621,4467.47998046875
2016-06-24,34.0275268554687,4285.7001953125
2016-06-27,33.9113388061523,4201.0498046875
2016-06-28,34.2211685180664,4290.47021484375
2016-06-29,34.4225616455078,4364.740234375
2016-06-30,35.1119422912598,4417.7001953125
2016-07-01,34.949275970459,4437.4501953125
2016-07-05,35.1893997192383,4410.75
2016-07-06,35.0654602050781,4444.7001953125
2016-07-07,34.9260368347168,4459.580078125
2016-07-08,35.1506805419922,4528.35986328125
2016-07-11,35.2978477478027,4554.7099609375
2016-07-12,35.305591583252,4577.60986328125
2016-07-13,35.4295120239258,4565.77001953125
2016-07-14,35.3907928466797,4596.490234375
2016-07-15,35.3443145751953,4589.830078125
2016-07-18,35.3443145751953,4619.68017578125
2016-07-19,35.3443145751953,4603.27978515625
2016-07-20,35.2513618469238,4657.2001953125
2016-07-21,35.2048873901367,4647.02001953125
2016-07-22,35.4992332458496,4666.06982421875
2016-07-25,35.2978477478027,4665.93017578125
2016-07-26,34.7633781433105,4672.10986328125
2016-07-27,33.617000579834,4702.8798828125
2016-07-28,33.8106346130371,4721.41015625
2016-07-29,33.7951469421387,4730.22998046875
2016-08-01,33.6557197570801,4756.0400390625
2016-08-02,33.7176933288574,4719.2099609375
2016-08-03,33.802906036377,4734.330078125
2016-08-04,33.7021903991699,4743.81005859375
2016-08-05,33.6789588928223,4791.2099609375
2016-08-08,33.6479759216309,4784.740234375
2016-08-09,33.6712188720703,4795.75
2016-08-10,33.7796516418457,4783.39013671875
2016-08-11,33.8880996704102,4803.31005859375
2016-08-12,34.1049880981445,4807.080078125
2016-08-15,34.2676391601562,4827.1201171875
2016-08-16,33.950065612793,4797.18994140625
2016-08-17,34.1282234191895,4805.4501953125
2016-08-18,34.1591987609863,4808.68017578125
2016-08-19,34.0197677612305,4806.14013671875
2016-08-22,33.8803482055664,4808.56005859375
2016-08-23,33.9655570983887,4818.47998046875
2016-08-24,33.9655570983887,4783.490234375
2016-08-25,33.8261337280273,4775.43017578125
2016-08-26,33.5550270080566,4783.68994140625
2016-08-29,33.7254257202148,4791.08984375
2016-08-30,33.4930686950684,4775.990234375
2016-08-31,33.6402282714844,4771.0498046875
2016-09-01,33.5782508850098,4783.93994140625
2016-09-02,33.8183822631836,4798.740234375
2016-09-06,33.9190826416016,4829.509765625
2016-09-07,33.802906036377,4831.85986328125
2016-09-08,33.7951469421387,4804
2016-09-09,32.7417106628418,4681.5400390625
2016-09-12,33.4543304443359,4764.64990234375
2016-09-13,33.017017364502,4722.85009765625
2016-09-14,32.8842620849609,4746.06005859375
2016-09-15,33.0794944763184,4819.89990234375
2016-09-16,32.9076919555664,4818.0498046875
2016-09-19,32.8764495849609,4796.06982421875
2016-09-20,33.0638694763184,4805.22021484375
2016-09-21,33.2122459411621,4853.75
2016-09-22,33.548038482666,4891.35986328125
2016-09-23,33.3762283325195,4858.91015625
2016-09-26,32.8374061584473,4817.169921875
2016-09-27,33.2591018676758,4866.7099609375
2016-09-28,32.9154930114746,4875.27001953125
2016-09-29,32.8217964172363,4838.2998046875
2016-09-30,33.0482559204102,4875.7001953125
2016-10-03,32.8217964172363,4866.6298828125
2016-10-04,32.6734237670898,4859.47021484375
2016-10-05,32.6499862670898,4877.75
2016-10-06,32.5719032287598,4873.919921875
2016-10-07,32.5875129699707,4864.52001953125
2016-10-10,32.5875129699707,4893.77001953125
2016-10-11,32.4391403198242,4821.91015625
2016-10-12,32.6265678405762,4819.64013671875
2016-10-13,32.6109352111816,4803.10009765625
2016-10-14,32.540657043457,4808.47998046875
2016-10-17,32.4859886169434,4796.169921875
2016-10-18,32.7749328613281,4839.72021484375
2016-10-19,32.8374061584473,4836.60986328125
2016-10-20,32.7437019348145,4832.7099609375
2016-10-21,32.8998794555664,4851.85986328125
2016-10-24,33.2356758117676,4909.97021484375
2016-10-25,33.2200546264648,4891.4501953125
2016-10-26,33.1419715881348,4860.58984375
2016-10-27,32.8920631408691,4836.4501953125
2016-10-28,32.9779663085937,4805.58984375
2016-10-31,33.110725402832,4801.27001953125
2016-11-01,32.8920631408691,4766.93994140625
2016-11-02,32.8374061584473,4726.91015625
2016-11-03,32.8217964172363,4679.10009765625
2016-11-04,32.556266784668,4660.4599609375
2016-11-07,33.1575775146484,4773.72998046875
2016-11-08,33.4855613708496,4804.919921875
2016-11-09,33.0092124938965,4825.18017578125
2016-11-10,31.970588684082,4747.02978515625
2016-11-11,32.0408706665039,4751.9501953125
2016-11-14,32.1501960754395,4702.0400390625
2016-11-15,32.3610534667969,4764.47021484375
2016-11-16,32.2204818725586,4792.27001953125
2016-11-17,32.111156463623,4826.58984375
2016-11-18,31.9471607208252,4808.0400390625
2016-11-21,32.298583984375,4859
2016-11-22,32.3063850402832,4873.83984375
2016-11-23,32.111156463623,4853.85986328125
2016-11-25,32.4313316345215,4870.02001953125
2016-11-28,32.6031303405762,4857.02001953125
2016-11-29,32.4062576293945,4873.2099609375
2016-11-30,31.7762451171875,4810.81005859375
2016-12-01,31.6344947814941,4734.10009765625
2016-12-02,31.7841129302978,4739.3701171875
2016-12-05,31.9888687133789,4778.14013671875
2016-12-06,31.9494953155518,4788.669921875
2016-12-07,32.5165023803711,4851.93994140625
2016-12-08,32.2723731994629,4859.18994140625
2016-12-09,33.0756492614746,4895.89990234375
2016-12-12,32.9968910217285,4874.2998046875
2016-12-13,32.8866271972656,4935.83984375
2016-12-14,32.4535026550293,4921.22021484375
2016-12-15,32.721263885498,4933.41015625
2016-12-16,32.8708839416504,4914.85986328125
2016-12-19,32.8157615661621,4934.85009765625
2016-12-20,32.8078880310059,4953.7998046875
2016-12-21,32.7370185852051,4948.91015625
2016-12-22,32.721263885498,4934.39013671875
2016-12-23,32.7606315612793,4940.02001953125
2016-12-27,32.7685050964355,4965.81005859375
2016-12-28,32.5952644348145,4926.2900390625
2016-12-29,32.7606315612793,4918.27978515625
2016-12-30,32.6503791809082,4863.6201171875
2017-01-03,32.9181327819824,4911.330078125
2017-01-04,32.8000144958496,4937.2099609375
2017-01-05,32.8787574768066,4964.9501953125
2017-01-06,32.8708839416504,5007.080078125
2017-01-09,32.5401306152344,5024.89990234375
2017-01-10,32.3196334838867,5035.169921875
2017-01-11,32.3275032043457,5050.2099609375
2017-01-12,32.2487487792969,5041.43017578125
2017-01-13,32.1936264038086,5059.509765625
2017-01-17,32.4613838195801,5044.64990234375
2017-01-18,32.5165023803711,5055.85009765625
2017-01-19,32.3983840942383,5051.169921875
2017-01-20,32.5401306152344,5063.2001953125
2017-01-23,32.6267471313477,5065.7001953125
2017-01-24,32.9968910217285,5101.06005859375
2017-01-25,33.1701354980469,5151.47021484375
2017-01-26,32.9260139465332,5156.919921875
2017-01-27,32.6424980163574,5168.06005859375
2017-01-30,32.5873832702637,5129.330078125
2017-01-31,32.7370185852051,5116.77001953125
2017-02-01,32.4928817749023,5152.68994140625
2017-02-02,32.6031341552734,5147.7001953125
2017-02-03,32.7133827209473,5161.60009765625
2017-02-06,32.7291412353516,5167.9599609375
2017-02-07,32.9968910217285,5185.8798828125
2017-02-08,33.0914039611816,5196.580078125
2017-02-09,32.4850006103516,5212.16015625
2017-02-10,31.9573726654053,5226.68994140625
2017-02-13,31.9888687133789,5256.81982421875
2017-02-14,31.9179954528809,5271.06982421875
2017-02-15,31.8471202850342,5302.39013671875
2017-02-16,32.4456253051758,5300.64013671875
2017-02-17,32.4692611694336,5324.72021484375
2017-02-21,32.6503791809082,5350.72998046875
2017-02-22,32.7606315612793,5352.1298828125
2017-02-23,32.8078880310059,5332.3701171875
2017-02-24,32.9023895263672,5343.31005859375
2017-02-27,32.8157615661621,5347.5498046875
2017-02-28,33.0441436767578,5330.31005859375
2017-03-01,33.2016410827637,5390.990234375
2017-03-02,33.4457702636719,5363.259765625
2017-03-03,33.4536476135254,5373.47998046875
2017-03-06,33.2173919677734,5360.31005859375
2017-03-07,33.0677680969238,5351.27978515625
2017-03-08,33.0677680969238,5359.81005859375
2017-03-09,33.0992698669434,5363.97998046875
2017-03-10,33.3040199279785,5385.89990234375
2017-03-13,33.391414642334,5394.56982421875
2017-03-14,33.3437461853027,5382.169921875
2017-03-15,33.4629058837891,5416.25
2017-03-16,33.5661926269531,5412.080078125
2017-03-17,33.391414642334,5408.759765625
2017-03-20,33.5105819702148,5413.31005859375
2017-03-21,33.7648048400879,5332.52978515625
2017-03-22,33.6694755554199,5367.5498046875
2017-03-23,33.5026397705078,5355.14013671875
2017-03-24,33.4629058837891,5364
2017-03-27,33.6218185424805,5374.27001953125
2017-03-28,33.7092018127441,5407.2099609375
2017-03-29,33.7012519836426,5430.27001953125
2017-03-30,33.8442611694336,5439.740234375
2017-03-31,33.7171440124512,5436.22998046875
2017-04-03,33.6933174133301,5432.2001953125
2017-04-04,33.9078102111816,5440.41015625
2017-04-05,33.8204231262207,5418.52001953125
2017-04-06,33.8998680114746,5420.8798828125
2017-04-07,33.8521957397461,5418.3701171875
2017-04-10,33.9157600402832,5421.68017578125
2017-04-11,33.8919258117676,5398.39990234375
2017-04-12,34.1143836975098,5377.02978515625
2017-04-13,33.9952087402344,5353.58984375
2017-04-17,34.2176513671875,5399.2001953125
2017-04-18,34.5433921813965,5391.66015625
2017-04-19,34.3447799682617,5399.64013671875
2017-04-20,34.2335472106934,5443.52978515625
2017-04-21,34.2176513671875,5442.0498046875
2017-04-24,34.3844833374023,5508.02978515625
2017-04-25,34.2494316101074,5548.18994140625
2017-04-26,34.352725982666,5541.08984375
2017-04-27,34.1699829101562,5571.27978515625
2017-04-28,34.2812156677246,5583.52978515625
2017-05-01,34.3368339538574,5629.6298828125
2017-05-02,34.4718818664551,5644.06982421875
2017-05-03,34.4162750244141,5625.16015625
2017-05-04,34.6863975524902,5626.31982421875
2017-05-05,34.7102279663086,5646.08984375
2017-05-08,34.8691215515137,5659.06982421875
2017-05-09,34.5672187805176,5678.31005859375
2017-05-10,34.6148948669434,5681.68017578125
2017-05-11,34.6943359375,5674.22021484375
2017-05-12,34.6307792663574,5686.81005859375
2017-05-15,34.7419967651367,5704.47998046875
2017-05-16,34.837345123291,5724.43994140625
2017-05-17,34.9008979797363,5580.5498046875
2017-05-18,34.7976150512695,5626.31005859375
2017-05-19,34.8770713806152,5651.56005859375
2017-05-22,35.0995178222656,5699.39990234375
2017-05-23,35.2663497924805,5703.35009765625
2017-05-24,35.7748146057129,5730.2998046875
2017-05-25,36.0767059326172,5778.3701171875
2017-05-26,36.0608215332031,5788.35986328125
2017-05-30,36.092601776123,5794.6298828125
2017-05-31,36.1243782043457,5788.7998046875
2017-06-01,36.3786087036133,5816.509765625
2017-06-02,36.4580574035645,5881.4599609375
2017-06-05,36.5374984741211,5878.1201171875
2017-06-06,36.5295562744141,5856.77001953125
2017-06-07,36.1561546325684,5877.58984375
2017-06-08,35.8542671203613,5885.2998046875
2017-06-09,36.0052070617676,5741.93994140625
2017-06-12,36.0131568908691,5708.18017578125
2017-06-13,36.069221496582,5751.81982421875
2017-06-14,36.2854919433594,5727.06982421875
2017-06-15,36.245433807373,5700.89013671875
2017-06-16,36.2935028076172,5681.47998046875
2017-06-19,36.3495826721191,5772.22021484375
2017-06-20,36.5337982177734,5726.31005859375
2017-06-21,36.2214088439941,5782.39013671875
2017-06-22,36.101261138916,5779.8701171875
2017-06-23,36.245433807373,5803.10986328125
2017-06-26,36.3896217346191,5777.58984375
2017-06-27,36.0852394104004,5671.60009765625
2017-06-28,36.3015174865723,5753.02978515625
2017-06-29,35.9090194702148,5653.02001953125
2017-06-30,35.9250335693359,5646.919921875
2017-07-03,35.8529510498047,5596.9599609375
2017-07-05,35.9010200500488,5648.81982421875
2017-07-06,35.5645942687988,5597.89990234375
2017-07-07,35.556583404541,5656.47021484375
2017-07-10,35.5485801696777,5694.14990234375
2017-07-11,35.5085258483887,5709.7998046875
2017-07-12,35.6526908874512,5778.9501953125
2017-07-13,35.5886154174805,5793.35986328125
2017-07-14,35.7888679504395,5838.080078125
2017-07-17,35.828929901123,5839.740234375
2017-07-18,35.7808570861816,5880.10009765625
2017-07-19,35.9090194702148,5916.16015625
2017-07-20,35.9010200500488,5921.22021484375
2017-07-21,36.069221496582,5921.52978515625
2017-07-24,35.9170379638672,5941.3701171875
2017-07-25,36.2374267578125,5930.64990234375
2017-07-26,36.6379356384277,5950.72998046875
2017-07-27,36.9423217773438,5917.02978515625
2017-07-28,36.8542175292969,5908.919921875
2017-07-31,36.7180328369141,5880.330078125
2017-08-01,36.6059112548828,5895.169921875
2017-08-02,36.5177917480469,5914.22998046875
2017-08-03,36.5818672180176,5891.2001953125
2017-08-04,36.4456977844238,5899.91015625
2017-08-07,36.5578384399414,5934.72998046875
2017-08-08,36.5257949829102,5926.35009765625
2017-08-09,36.5177917480469,5919.39013671875
2017-08-10,36.6379356384277,5788.18994140625
2017-08-11,36.5177917480469,5831.52978515625
2017-08-14,36.6859855651855,5908.169921875
2017-08-15,36.9983901977539,5907.72998046875
2017-08-16,37.0063972473145,5917.419921875
2017-08-17,36.734058380127,5796.31982421875
2017-08-18,36.5818672180176,5790.91015625
2017-08-21,36.5898780822754,5786.5400390625
2017-08-22,36.5257949829102,5873.330078125
2017-08-23,36.4777374267578,5851.77978515625
2017-08-24,36.373592376709,5834.43994140625
2017-08-25,36.501766204834,5822.52978515625
2017-08-28,36.3816108703613,5838.080078125
2017-08-29,36.4056434631348,5862.14013671875
2017-08-30,36.3575820922852,5932.89990234375
2017-08-31,36.4857406616211,5988.60009765625
2017-09-01,36.669979095459,5987.89990234375
2017-09-05,36.7821159362793,5932.72998046875
2017-09-06,36.8141593933105,5951.1298828125
2017-09-07,37.0704727172852,5964.31005859375
2017-09-08,37.0864944458008,5913.3701171875
2017-09-11,37.2627143859863,5980.52978515625
2017-09-12,37.4229125976562,5995.64013671875
2017-09-13,37.5430641174316,6004.3798828125
2017-09-14,37.2281951904297,5968.81982421875
2017-09-15,37.2847137451172,5988
2017-09-18,37.2281951904297,5981.1201171875
2017-09-19,37.123233795166,5991.080078125
2017-09-20,36.9617614746094,5973.60986328125
2017-09-21,36.6549453735352,5934.91015625
2017-09-22,36.7276306152344,5932.31982421875
2017-09-25,36.8890914916992,5867.35009765625
2017-09-26,36.7922096252441,5881.33984375
2017-09-27,36.0413475036621,5937.7900390625
2017-09-28,36.2593421936035,5933.06982421875
2017-09-29,36.3400726318359,5979.2998046875
2017-10-02,36.1705169677734,5981.919921875
2017-10-03,36.4854011535645,5995.06005859375
2017-10-04,36.7356910705566,5998.83984375
2017-10-05,36.7518463134766,6057.14013671875
2017-10-06,36.7276306152344,6064.56982421875
2017-10-09,36.663028717041,6058.52978515625
2017-10-10,37.0344161987305,6063.52001953125
2017-10-11,37.2201118469238,6081.25
2017-10-12,37.2281951904297,6069.990234375
2017-10-13,37.2847137451172,6092.4501953125
2017-10-16,37.6399612426758,6114.52978515625
2017-10-17,37.559211730957,6122.60986328125
2017-10-18,37.4623260498047,6114.35009765625
2017-10-19,37.6157341003418,6092.6201171875
2017-10-20,37.4461898803711,6108.81982421875
2017-10-23,37.3977432250977,6067.830078125
2017-10-24,37.2847137451172,6080.22021484375
2017-10-25,37.1797485351563,6055.0400390625
2017-10-26,37.325080871582,6037.8701171875
2017-10-27,37.1958961486816,6213.47021484375
2017-10-30,37.0263442993164,6227.58984375
2017-10-31,37.123233795166,6248.56005859375
2017-11-01,36.977897644043,6248.64990234375
2017-11-02,37.0424919128418,6236.39013671875
2017-11-03,37.1151657104492,6295.580078125
2017-11-06,36.7114753723145,6313.60986328125
2017-11-07,37.090934753418,6320.77978515625
2017-11-08,37.2847137451172,6345.81005859375
2017-11-09,37.325080871582,6312.2099609375
2017-11-10,37.5753555297852,6309.06982421875
2017-11-13,37.7206878662109,6316.18017578125
2017-11-14,38.2939262390137,6293.64013671875
2017-11-15,37.7933578491211,6258.35986328125
2017-11-16,37.583438873291,6339.14013671875
2017-11-17,36.9052391052246,6314.509765625
2017-11-20,36.7033958435059,6308.60986328125
2017-11-21,36.9617614746094,6378.6298828125
2017-11-22,37.0102043151855,6386.1201171875
2017-11-24,37.0424919128418,6409.2900390625
2017-11-27,37.0586433410645,6405.97021484375
2017-11-28,37.0021286010742,6422.56005859375
2017-11-29,36.7356910705566,6311.3798828125
2017-11-30,37.256649017334,6365.56005859375
2017-12-01,37.4194564819336,6337.8701171875
2017-12-04,37.6310882568359,6263.7001953125
2017-12-05,37.6555061340332,6265.10986328125
2017-12-06,37.8101692199707,6293.0498046875
2017-12-07,37.2647933959961,6316.27978515625
2017-12-08,36.8822174072266,6344.56982421875
2017-12-11,36.898494720459,6393.89013671875
2017-12-12,36.8659324645996,6383.64990234375
2017-12-13,37.3624687194824,6394.669921875
2017-12-14,37.4682922363281,6389.91015625
2017-12-15,37.5985298156738,6466.31982421875
2017-12-18,37.3868865966797,6513.27001953125
2017-12-19,37.5496940612793,6480.669921875
2017-12-20,37.5089874267578,6472.47998046875
2017-12-21,37.1182708740234,6472.68994140625
2017-12-22,37.1101417541504,6465.169921875
2017-12-26,37.2892074584961,6433.16015625
2017-12-27,37.3868865966797,6435.14990234375
2017-12-28,37.215950012207,6441.419921875
2017-12-29,37.3461875915527,6396.419921875
2018-01-02,37.0694351196289,6511.33984375
2018-01-03,36.9880332946777,6575.7998046875
2018-01-04,37.5089874267578,6584.580078125
2018-01-05,37.500846862793,6653.2900390625
2018-01-08,37.4438705444336,6676.6298828125
2018-01-09,37.6310882568359,6677.93994140625
2018-01-10,37.500846862793,6662.66015625
2018-01-11,37.476432800293,6708.490234375
2018-01-12,37.5659713745117,6758.5400390625
2018-01-16,37.8752784729004,6737.14013671875
2018-01-17,38.1113471984863,6810.27978515625
2018-01-18,38.1601829528809,6811.3798828125
2018-01-19,38.388111114502,6834.330078125
2018-01-22,38.5671768188477,6906.27978515625
2018-01-23,38.6241607666016,6963.4599609375
2018-01-24,38.9334831237793,6919.35009765625
2018-01-25,38.9416236877441,6916.2998046875
2018-01-26,39.503288269043,7022.97021484375
2018-01-29,38.8276634216309,6988.31982421875
2018-01-30,38.5915946960449,6930.72998046875
2018-01-31,38.7381172180176,6949.990234375
2018-02-01,38.6241607666016,6901.5
2018-02-02,38.0380897521973,6760.2900390625
2018-02-05,36.5403366088867,6495.919921875
2018-02-06,36.3612442016602,6665.97998046875
2018-02-07,36.2717132568359,6582.02001953125
2018-02-08,35.0832710266113,6306.10009765625
2018-02-09,35.1076927185059,6412.68017578125
2018-02-12,35.7914543151855,6523.85009765625
2018-02-13,35.9705352783203,6553.85986328125
2018-02-14,35.897274017334,6675.02978515625
2018-02-15,36.450798034668,6794.919921875
2018-02-16,36.6135902404785,6770.66015625
2018-02-20,35.8077278137207,6779.68994140625
2018-02-21,35.2786407470703,6759.259765625
2018-02-22,35.4251594543457,6761.85009765625
2018-02-23,35.8484382629395,6896.60009765625
2018-02-26,35.8402938842773,6989.10009765625
2018-02-27,35.5065536499023,6900.35009765625
2018-02-28,35.1809539794922,6854.419921875
2018-03-01,35.3519020080566,6750.5400390625
2018-03-02,35.587963104248,6811.0400390625
2018-03-05,35.7263450622559,6881.27978515625
2018-03-06,35.7588920593262,6913.02001953125
2018-03-07,35.669361114502,6929.39013671875
2018-03-08,36.1821823120117,6966.43017578125
2018-03-09,36.4833488464355,7101.18017578125
2018-03-12,36.2473030090332,7131.1201171875
2018-03-13,36.2798461914062,7046.509765625
2018-03-14,35.9513778686523,7040.97998046875
2018-03-15,35.8610420227051,7030.97021484375
2018-03-16,35.6885948181152,7019.9501953125
2018-03-19,35.5243682861328,6864.8798828125
2018-03-20,35.4422454833984,6885.919921875
2018-03-21,35.3108558654785,6853.4501953125
2018-03-22,35.11376953125,6682.259765625
2018-03-23,34.7606658935547,6508.08984375
2018-03-26,35.0562934875488,6753.830078125
2018-03-27,35.2205276489258,6529.83984375
2018-03-28,35.5736351013184,6460.81005859375
2018-03-29,35.6639633178711,6581.1298828125
2018-04-02,35.039867401123,6390.83984375
2018-04-03,35.6229095458984,6458.830078125
2018-04-04,36.3291244506836,6560.06005859375
2018-04-05,36.4605178833008,6594.83984375
2018-04-06,36.0663452148437,6433.2099609375
2018-04-09,35.9924354553223,6472.33984375
2018-04-10,36.1238327026367,6615.8701171875
2018-04-11,36.1238327026367,6583.43994140625
2018-04-12,36.1566772460937,6656.259765625
2018-04-13,36.5508422851562,6628.33984375
2018-04-16,36.6904373168945,6675.18017578125
2018-04-17,36.8546905517578,6816.3701171875
2018-04-18,36.5508422851562,6833.2099609375
2018-04-19,36.3866004943848,6774.89013671875
2018-04-20,35.9185256958008,6667.75
2018-04-23,36.1156196594238,6648.7998046875
2018-04-24,35.368335723877,6509.0498046875
2018-04-25,34.8427848815918,6513.93994140625
2018-04-26,35.1055641174316,6649.64990234375
2018-04-27,35.5654258728027,6656.35009765625
2018-04-30,35.4832992553711,6605.56982421875
2018-05-01,34.9741668701172,6681.9599609375
2018-05-02,34.5389442443848,6644.47998046875
2018-05-03,34.3993377685547,6643.47998046875
2018-05-04,34.7853050231934,6769.1201171875
2018-05-07,34.6046447753906,6821.8701171875
2018-05-08,34.3336524963379,6815.47998046875
2018-05-09,34.3090209960937,6893.2099609375
2018-05-10,34.6374855041504,6963.5498046875
2018-05-11,34.6046447753906,6952.56005859375
2018-05-14,34.522518157959,6964.3701171875
2018-05-15,34.2597503662109,6888.5400390625
2018-05-16,34.1201438903809,6929.97021484375
2018-05-17,34.7360229492187,6901.6298828125
2018-05-18,34.6374855041504,6866.25
2018-05-21,34.826358795166,6905.52978515625
2018-05-22,34.6949729919434,6893.6201171875
2018-05-23,34.8181419372559,6953.6298828125
2018-05-24,34.7524490356445,6949.7001953125
2018-05-25,34.8181419372559,6960.919921875
2018-05-29,35.0480804443359,6926.5400390625
2018-05-30,35.4176177978516,6976.3701171875
2018-05-31,35.3108558654785,6967.72998046875
2018-06-01,35.4093971252441,7083.93017578125
2018-06-04,35.7132377624512,7143.56982421875
2018-06-05,35.4011878967285,7166.75
2018-06-06,35.6885948181152,7210.080078125
2018-06-07,35.6721725463867,7152.830078125
2018-06-08,36.0909805297852,7152.6201171875
2018-06-11,36.2387962341309,7168.47998046875
2018-06-12,36.4687271118164,7209.18017578125
2018-06-13,36.2798461914062,7205.259765625
2018-06-14,36.1058654785156,7279.58984375
2018-06-15,36.5532531738281,7255.759765625
2018-06-18,36.0810089111328,7251.41015625
2018-06-19,36.122444152832,7228.0400390625
2018-06-20,35.840747833252,7280.7001953125
2018-06-21,35.6999092102051,7217.490234375
2018-06-22,35.832462310791,7197.509765625
2018-06-25,36.1058654785156,7038.169921875
2018-06-26,35.898738861084,7068.2001953125
2018-06-27,35.6833305358887,6969.669921875
2018-06-28,36.0147361755371,7031.60009765625
2018-06-29,36.3378486633301,7040.7998046875
2018-07-02,36.246711730957,7097.81982421875
2018-07-03,36.4455451965332,7014.5498046875
2018-07-05,37.0006446838379,7101.0498046875
2018-07-06,36.9840698242187,7207.330078125
2018-07-09,36.7852249145508,7276
2018-07-10,37.2574768066406,7282.60009765625
2018-07-11,37.108341217041,7243.97998046875
2018-07-12,37.0089340209961,7366.25
2018-07-13,37.0669174194336,7375.81982421875
2018-07-16,37.0586471557617,7357.89990234375
2018-07-17,37.4894638061523,7403.89013671875
2018-07-18,37.3817443847656,7390.1298828125
2018-07-19,37.3734664916992,7352.35986328125
2018-07-20,37.5143127441406,7350.22998046875
2018-07-23,37.240909576416,7371.77978515625
2018-07-24,37.4977378845215,7406.25
2018-07-25,38.1853981018066,7508.58984375
2018-07-26,38.3096694946289,7400.75
2018-07-27,38.2848129272461,7296.77978515625
2018-07-30,38.301383972168,7193.10009765625
2018-07-31,38.6327743530273,7231.97998046875
2018-08-01,38.4339370727539,7272.89013671875
2018-08-02,38.2599601745605,7372.14990234375
2018-08-03,38.6245002746582,7395.490234375
2018-08-06,38.6493530273437,7438.990234375
2018-08-07,38.5250740051269,7462.64990234375
2018-08-08,38.2351036071777,7469.5498046875
2018-08-09,38.4007987976074,7466.9599609375
2018-08-10,38.1771087646484,7408.2998046875
2018-08-13,37.9699821472168,7401.169921875
2018-08-14,38.0196838378906,7447.169921875
2018-08-15,38.1771087646484,7354.66015625
2018-08-16,38.293098449707,7374.2900390625
2018-08-17,38.6079254150391,7377.5400390625
2018-08-20,38.7156372070312,7371.419921875
2018-08-21,38.293098449707,7397.22998046875
2018-08-22,38.0528373718262,7424.60009765625
2018-08-23,37.8622779846191,7413.83984375
2018-08-24,37.8042831420898,7485.39990234375
2018-08-27,37.85400390625,7559.1298828125
2018-08-28,37.5888862609863,7570.25
2018-08-29,37.555736541748,7660.18017578125
2018-08-30,37.240909576416,7642.669921875
2018-08-31,36.9260711669922,7654.5498046875
2018-09-04,37.0834846496582,7622.31982421875
2018-09-05,37.5971641540527,7523.259765625
2018-09-06,37.9202728271484,7453.169921875
2018-09-07,37.8788528442383,7430.259765625
2018-09-10,38.1605339050293,7447.68017578125
2018-09-11,38.1273918151855,7507.8701171875
2018-09-12,38.3096694946289,7488.06005859375
2018-09-13,38.2929573059082,7561.68994140625
2018-09-14,38.4266395568848,7545.5
2018-09-17,38.7023735046387,7434.72998046875
2018-09-18,38.3765144348145,7494.39990234375
2018-09-19,38.4015731811523,7490.31982421875
2018-09-20,38.9697494506836,7569.02978515625
2018-09-21,38.9196166992187,7531.06982421875
2018-09-24,38.4934959411621,7548.75
2018-09-25,38.1676330566406,7563.18994140625
2018-09-26,38.3096656799316,7563.08984375
2018-09-27,38.4433555603027,7629.56982421875
2018-09-28,38.59375,7627.64990234375
2018-10-01,38.6271743774414,7645.4501953125
2018-10-02,38.8611221313477,7628.27978515625
2018-10-03,38.3263740539551,7637.43017578125
2018-10-04,38.3096656799316,7490
2018-10-05,38.3347320556641,7399.009765625
2018-10-08,38.836067199707,7352.81982421875
2018-10-09,38.7608528137207,7371.6201171875
2018-10-10,38.1676330566406,7044.5
2018-10-11,37.298656463623,6964.02978515625
2018-10-12,37.3320808410645,7157.2099609375
2018-10-15,37.5242538452148,7068.669921875
2018-10-16,38.0088653564453,7276.43017578125
2018-10-17,38.3180236816406,7278.6298828125
2018-10-18,38.1091270446777,7116.08984375
2018-10-19,38.7107315063477,7107.22998046875
2018-10-22,38.4099349975586,7141.2099609375
2018-10-23,38.7357902526855,7118.669921875
2018-10-24,39.0449562072754,6789.14990234375
2018-10-25,38.8611221313477,7016.39013671875
2018-10-26,38.3681526184082,6852.39990234375
2018-10-29,38.8193435668945,6713.89990234375
2018-10-30,39.796932220459,6810.1201171875
2018-10-31,40.0058212280274,6967.10009765625
2018-11-01,39.8888359069824,7069.169921875
2018-11-02,40.1060829162598,6965.2900390625
2018-11-05,40.6826095581055,6937.08984375
2018-11-06,41.0335464477539,6988.85009765625
2018-11-07,41.2507781982422,7203.1298828125
2018-11-08,41.2173614501953,7158.58984375
2018-11-09,41.5097999572754,7039.14990234375
2018-11-12,41.6685485839844,6829.10009765625
2018-11-13,41.6602020263672,6830.91015625
2018-11-14,41.5766334533691,6769.8701171875
2018-11-15,41.5599250793457,6890.4501953125
2018-11-16,41.9192123413086,6867.02001953125
2018-11-19,42.2032890319824,6642.919921875
2018-11-20,41.2591438293457,6526.9599609375
2018-11-21,40.7160377502441,6575.66015625
2018-11-23,40.9583358764648,6527.35009765625
2018-11-26,40.8330078125,6678.33984375
2018-11-27,41.2507781982422,6701.0400390625
2018-11-28,41.5348625183106,6913.330078125
2018-11-29,41.2485389709473,6892.39990234375
2018-11-30,42.4443855285645,6949.009765625
2018-12-03,41.8464660644531,7062.1298828125
2018-12-04,41.7538185119629,6795.2099609375
2018-12-06,41.5854034423828,6838.85009765625
2018-12-07,41.3411750793457,6613.27978515625
2018-12-10,41.4674873352051,6682.740234375
2018-12-11,41.720142364502,6704.240234375
2018-12-12,41.4506607055664,6763.9599609375
2018-12-13,41.661190032959,6767.97021484375
2018-12-14,41.5517082214356,6594.9599609375
2018-12-17,40.7011337280273,6448.39013671875
2018-12-18,40.6927146911621,6491.52001953125
2018-12-19,40.3390083312988,6342.97021484375
2018-12-20,40.0358467102051,6243.18994140625
2018-12-21,40.0611000061035,6046.56005859375
2018-12-24,38.7052421569824,5899.35009765625
2018-12-26,39.5305404663086,6262.77001953125
2018-12-27,40.0274085998535,6288.2998046875
2018-12-28,39.7495079040527,6285.27001953125
2018-12-31,39.8758392333984,6329.97021484375
2019-01-02,39.5221176147461,6360.8701171875
2019-01-03,39.2778930664062,6147.1298828125
2019-01-04,40.0611000061035,6422.669921875
2019-01-07,39.5389671325684,6488.25
2019-01-08,39.9853096008301,6551.85009765625
2019-01-09,39.2189559936523,6600.68994140625
2019-01-10,39.6400260925293,6620.93994140625
2019-01-11,39.8674011230469,6601.39990234375
2019-01-14,39.7074012756348,6541.0400390625
2019-01-15,40.0611000061035,6669.64013671875
2019-01-16,39.5137023925781,6668.56005859375
2019-01-17,39.6316070556641,6718.4501953125
2019-01-18,40.094783782959,6784.60986328125
2019-01-22,40.1874237060547,6646.81005859375
2019-01-23,40.6506004333496,6658.759765625
2019-01-24,40.1621551513672,6702.5498046875
2019-01-25,39.8926734924316,6787.3701171875
2019-01-28,39.7242431640625,6697.08984375
2019-01-29,39.9179382324219,6632.7900390625
2019-01-30,40.3053207397461,6807.91015625
2019-01-31,40.5327072143555,6906.83984375
2019-02-01,41.0127372741699,6875.52001953125
2019-02-04,41.4759140014648,6959.9599609375
2019-02-05,41.4843330383301,7023.52001953125
2019-02-06,41.4843330383301,6997.6201171875
2019-02-07,41.619083404541,6904.97998046875
2019-02-08,41.6864585876465,6913.1298828125
2019-02-11,41.7790870666504,6909.18017578125
2019-02-12,41.8211975097656,7014.669921875
2019-02-13,41.9306831359863,7015.8798828125
2019-02-14,38.3936424255371,7022.419921875
2019-02-15,38.0988922119141,7055.18017578125
2019-02-19,37.7536010742187,7066.60986328125
2019-02-20,37.9809837341309,7062.33984375
2019-02-21,38.6210250854492,7035.16015625
2019-02-22,38.1325798034668,7090.6298828125
2019-02-25,37.846248626709,7115.43017578125
2019-02-26,37.6357192993164,7123.22021484375
2019-02-27,37.846248626709,7117
2019-02-28,38.1831016540527,7097.52978515625
2019-03-01,38.2167930603027,7151.56982421875
2019-03-04,38.4441757202148,7150.830078125
2019-03-05,38.4020614624023,7156.7900390625
2019-03-06,38.2757377624512,7112.47021484375
2019-03-07,38.1325798034668,7026.8798828125
2019-03-08,37.7620315551758,7015.68994140625
2019-03-11,38.8905143737793,7164.02001953125
2019-03-12,38.7810287475586,7201.27978515625
2019-03-13,38.9242057800293,7256.97998046875
2019-03-14,38.8222618103027,7243.009765625
2019-03-15,38.4824447631836,7306.990234375
2019-03-18,38.5758972167969,7326.27978515625
2019-03-19,38.7033271789551,7349.27978515625
2019-03-20,38.6778450012207,7380.75
2019-03-21,38.6608428955078,7493.27001953125
2019-03-22,39.0176429748535,7326.06005859375
2019-03-25,39.1025924682617,7316.9599609375
2019-03-26,39.620777130127,7351.14990234375
2019-03-27,39.5953063964844,7308.18994140625
2019-03-28,39.56982421875,7320.47021484375
2019-03-29,39.8076782226562,7378.77001953125
2019-04-01,39.6887550354004,7478.419921875
2019-04-02,39.5613327026367,7499.64013671875
2019-04-03,39.2300224304199,7544.97021484375
2019-04-04,39.4848747253418,7540.56982421875
2019-04-05,39.4763679504395,7578.83984375
2019-04-08,39.5443267822266,7599.740234375
2019-04-09,39.6462783813477,7568.490234375
2019-04-10,39.620777130127,7611.490234375
2019-04-11,39.6802520751953,7594.89013671875
2019-04-12,39.7057418823242,7628.14990234375
2019-04-15,39.9266052246094,7629.1201171875
2019-04-16,39.8841285705566,7654.72998046875
2019-04-17,40.1644668579102,7680.72021484375
2019-04-18,40.3343658447266,7689.72021484375
2019-04-22,40.2664070129395,7713.490234375
2019-04-23,40.9545021057129,7810.7099609375
2019-04-24,40.7591133117676,7784.41015625
2019-04-25,40.6401977539062,7816.919921875
2019-04-26,40.9969749450684,7826.68017578125
2019-04-29,41.1329002380371,7839.0400390625
2019-04-30,41.6765823364258,7781.4599609375
2019-05-01,41.2773132324219,7751.85009765625
2019-05-02,41.1074142456055,7724.06005859375
2019-05-03,41.3877449035645,7845.72998046875
2019-05-06,41.1753845214844,7794.08984375
2019-05-07,40.7761116027832,7640.14990234375
2019-05-08,40.6486854553223,7617.5498046875
2019-05-09,40.2664070129395,7582.75
2019-05-10,40.9375152587891,7586.52978515625
2019-05-13,40.8185920715332,7324.1298828125
2019-05-14,41.3622741699219,7401.8798828125
2019-05-15,41.7785301208496,7503.25
2019-05-16,42.1183319091797,7580.14013671875
2019-05-17,41.7955284118652,7503.68017578125
2019-05-20,41.4981918334961,7376.7001953125
2019-05-21,41.285816192627,7451.02001953125
2019-05-22,42.177791595459,7420.66015625
2019-05-23,42.3476943969727,7307.93017578125
2019-05-24,42.1438179016113,7300.9599609375
2019-05-28,41.7105674743652,7278.3798828125
2019-05-29,41.2943000793457,7216.85986328125
2019-05-30,41.8379898071289,7245.39990234375
2019-05-31,41.7360458374023,7127.9599609375
2019-06-03,42.458122253418,6978.02001953125
2019-06-04,42.4751243591309,7166.75
2019-06-05,43.1377220153809,7220.89990234375
2019-06-06,43.6644134521484,7275.93017578125
2019-06-07,43.7408752441406,7417.2900390625
2019-06-10,43.6474266052246,7501.93017578125
2019-06-11,43.6049575805664,7513.85009765625
2019-06-12,43.8683052062988,7472.2900390625
2019-06-13,43.7741317749024,7510.68017578125
2019-06-14,43.9282264709473,7479.10986328125
2019-06-17,43.5515289306641,7526.52001953125
2019-06-18,43.3546142578125,7635.39990234375
2019-06-19,43.7655639648438,7667.740234375
2019-06-20,44.2278747558594,7738.0498046875
2019-06-21,44.1337013244629,7728.77978515625
2019-06-24,44.4504737854004,7723.02001953125
2019-06-25,44.3134918212891,7591.5400390625
2019-06-26,43.7655639648438,7627.0498046875
2019-06-27,43.7313232421875,7657.0498046875
2019-06-28,43.5943374633789,7671.080078125
2019-07-01,44.1765098571777,7768.14013671875
2019-07-02,44.501838684082,7799.81982421875
2019-07-03,44.6045761108398,7857.68994140625
2019-07-05,44.6131362915039,7841.2998046875
2019-07-08,44.5189552307129,7785.7900390625
2019-07-09,44.1679496765137,7826.85986328125
2019-07-10,44.3648567199707,7903.39990234375
2019-07-11,44.5532150268555,7896.77978515625
2019-07-12,44.6216926574707,7943.240234375
2019-07-15,44.6302719116211,7966.93017578125
2019-07-16,44.6388168334961,7927.080078125
2019-07-17,44.6730690002441,7888.759765625
2019-07-18,44.5446434020996,7904.1298828125
2019-07-19,43.9967231750488,7834.89990234375
2019-07-22,43.8511848449707,7905.1201171875
2019-07-23,46.5137557983398,7954.56005859375
2019-07-24,46.0428810119629,8010.60986328125
2019-07-25,45.4350280761719,7929.8701171875
2019-07-26,46.3767700195313,8016.9501953125
2019-07-29,46.2226753234863,7989.080078125
2019-07-30,45.9915161132813,7952.47021484375
2019-07-31,45.0583229064941,7848.77978515625
2019-08-01,44.5446434020996,7801.14990234375
2019-08-02,44.8014945983887,7692.7998046875
2019-08-05,44.219310760498,7415.68994140625
2019-08-06,44.7501220703125,7521.31982421875
2019-08-07,45.5292053222656,7551.89990234375
2019-08-08,45.9658279418945,7724.830078125
2019-08-09,45.7346611022949,7646.27001953125
2019-08-12,45.5463256835938,7561.68017578125
2019-08-13,45.8031578063965,7728.14990234375
2019-08-14,45.3665390014649,7490.1298828125
2019-08-15,46.1199264526367,7484.89013671875
2019-08-16,46.5822525024414,7604.10986328125
2019-08-19,46.8219528198242,7719.31982421875
2019-08-20,46.1284866333008,7664.47021484375
2019-08-21,46.3168449401856,7733.22021484375
2019-08-22,46.6507415771484,7707.43017578125
2019-08-23,46.0086517333984,7464.990234375
2019-08-26,46.6935348510742,7575.02001953125
2019-08-27,46.8476448059082,7566.02978515625
2019-08-28,47.1815452575684,7587.89990234375
2019-08-29,47.1301727294922,7702.31005859375
2019-08-30,47.1216087341309,7691
2019-09-03,47.3441963195801,7609.509765625
2019-09-04,47.7465934753418,7719.25
2019-09-05,47.1901016235352,7862.5400390625
2019-09-06,47.2842712402344,7852.5400390625
2019-09-09,46.6764221191406,7832.39990234375
2019-09-10,46.5736846923828,7814.740234375
2019-09-11,46.8904533386231,7887.580078125
2019-09-12,47.1815452575684,7917.33984375
2019-09-13,46.79345703125,7892.9501953125
2019-09-16,46.5347480773926,7852.41015625
2019-09-17,46.7762184143066,7888.7900390625
2019-09-18,46.7675895690918,7888.56005859375
2019-09-19,47.0176849365234,7901.7900390625
2019-09-20,46.4916191101074,7823.5498046875
2019-09-23,46.6899795532227,7818.60986328125
2019-09-24,46.8279647827148,7710.0400390625
2019-09-25,46.7158470153809,7803.5400390625
2019-09-26,46.9055709838867,7771.990234375
2019-09-27,46.8365821838379,7681.580078125
2019-09-30,46.9486923217773,7749.4501953125
2019-10-01,47.1298027038574,7684.14013671875
2019-10-02,45.7758483886719,7550.7900390625
2019-10-03,46.4312477111816,7638.39013671875
2019-10-04,47.0349273681641,7754.10009765625
2019-10-07,46.4571304321289,7725.1298828125
2019-10-08,46.2070426940918,7604.27001953125
2019-10-09,46.4226417541504,7690.52978515625
2019-10-10,46.2760276794434,7740.35986328125
2019-10-11,45.9655609130859,7843.8798828125
2019-10-14,45.9655609130859,7842.330078125
2019-10-15,46.1466674804688,7942.85009765625
2019-10-16,46.1294250488281,7920.2099609375
2019-10-17,46.3881416320801,7942.14013671875
2019-10-18,47.2419128417969,7868.490234375
2019-10-21,46.7675895690918,7940.330078125
2019-10-22,46.4398880004883,7874.6201171875
2019-10-23,47.1211776733398,7889.47021484375
2019-10-24,47.0953063964844,7966.72021484375
2019-10-25,46.3536338806152,8029.22021484375
2019-10-28,46.198413848877,8110.669921875
2019-10-29,46.0604248046875,8047.509765625
2019-10-30,46.5174942016602,8083.10986328125
2019-10-31,46.9400672912598,8083.830078125
2019-11-01,46.4830055236816,8161.169921875
2019-11-04,45.8275833129883,8210.66015625
2019-11-05,45.2066535949707,8210.1796875
2019-11-06,45.5343627929688,8196.0302734375
2019-11-07,45.094554901123,8219.650390625
2019-11-08,45.0255508422852,8255.8896484375
2019-11-11,44.7064666748047,8241.91015625
2019-11-12,44.5943641662598,8263.7900390625
2019-11-13,45.1980361938477,8259.8095703125
2019-11-14,45.3877563476563,8257.830078125
2019-11-15,45.4222526550293,8315.51953125
2019-11-18,45.7327194213867,8328.48046875
2019-11-19,45.7758483886719,8338.740234375
2019-11-20,45.8965682983398,8283.75
2019-11-21,45.6723480224609,8265.6201171875
2019-11-22,45.7327194213867,8272.0498046875
2019-11-25,45.8965682983398,8371.9296875
2019-11-26,46.4830055236816,8385.75
2019-11-27,46.5261154174805,8444.7099609375
2019-11-29,46.3957939147949,8403.6796875
2019-12-02,46.6998825073242,8309.259765625
2019-12-03,46.7433319091797,8254.740234375
2019-12-04,47.1690635681152,8296.5302734375
2019-12-05,47.0821685791016,8308.400390625
2019-12-06,47.2820091247559,8397.3701171875
2019-12-09,46.977912902832,8362.740234375
2019-12-10,46.7172698974609,8354.2900390625
2019-12-11,46.8736534118652,8402.6103515625
2019-12-12,47.0387306213379,8466.8896484375
2019-12-13,47.2820091247559,8487.7099609375
2019-12-16,47.2820091247559,8570.330078125
2019-12-17,47.2820091247559,8575.7001953125
2019-12-18,46.8388938903809,8580.6201171875
2019-12-19,47.1951293945313,8641.2900390625
2019-12-20,47.7598724365234,8678.490234375
2019-12-23,47.7077407836914,8696.009765625
2019-12-24,47.5339736938477,8699.509765625
2019-12-26,47.8033218383789,8778.3095703125
2019-12-27,48.0900230407715,8770.98046875
2019-12-30,48.0205154418945,8709.73046875
2019-12-31,48.0900230407715,8733.0703125
2020-01-02,47.7772445678711,8872.2197265625
2020-01-03,47.5165863037109,8793.900390625
2020-01-06,47.4992065429688,8848.51953125
2020-01-07,47.1343078613281,8846.4501953125
2020-01-08,47.2211875915527,8912.3701171875
2020-01-09,48.0813331604004,8989.6298828125
2020-01-10,48.2464179992676,8966.6396484375
2020-01-13,48.7677192687988,9070.650390625
2020-01-14,48.6547698974609,9033.419921875
2020-01-15,49.2629470825195,9035.669921875
2020-01-16,49.3672142028809,9125
2020-01-17,49.4714660644531,9173.73046875
2020-01-21,49.6713066101074,9166.6298828125
2020-01-22,50.0535888671875,9188.580078125
2020-01-23,50.2447357177734,9216.98046875
2020-01-24,50.1144104003906,9141.4697265625
2020-01-27,49.9406509399414,8952.1796875
2020-01-28,49.5322914123535,9090.9296875
2020-01-29,49.5322914123535,9101.6103515625
2020-01-30,51.1396331787109,9136.08984375
2020-01-31,50.7399711608887,8991.509765625
2020-02-03,50.8963661193848,9126.23046875
2020-02-04,51.1222610473633,9334.0595703125
2020-02-05,51.1309432983398,9367.48046875
2020-02-06,51.2525863647461,9445.919921875
2020-02-07,51.4263496398926,9401.099609375
2020-02-10,51.9129028320313,9516.83984375
2020-02-11,51.7738838195801,9517.8603515625
2020-02-12,51.6175003051758,9613.2001953125
2020-02-13,51.7912559509277,9595.7001953125
2020-02-14,52.0866661071777,9623.580078125
2020-02-18,51.7217559814453,9629.7998046875
2020-02-19,51.9302711486816,9718.73046875
2020-02-20,51.8868293762207,9627.830078125
2020-02-21,52.2430534362793,9446.6904296875
2020-02-24,50.9571838378906,9079.6298828125
2020-02-25,50.2360496520996,8834.8701171875
2020-02-26,50.0449028015137,8873.759765625
2020-02-27,47.7251129150391,8436.669921875
2020-02-28,46.4740028381348,8461.830078125
2020-03-02,48.5852584838867,8877.98046875
2020-03-03,48.7069053649902,8594.490234375
2020-03-04,51.1917610168457,8949.2802734375
2020-03-05,49.2977066040039,8671.66015625
2020-03-06,48.0118293762207,8530.33984375
2020-03-09,45.0577850341797,7948.02978515625
2020-03-10,46.6217002868652,8372.26953125
2020-03-11,45.3618774414062,8006.1201171875
2020-03-12,40.9742622375488,7263.64990234375
2020-03-13,42.4817695617676,7995.259765625
2020-03-16,39.6683387756348,7020.3798828125
2020-03-17,41.351131439209,7473.9501953125
2020-03-18,39.3089942932129,7175.18017578125
2020-03-19,36.6621055603027,7288.52001953125
2020-03-20,33.5682182312012,6994.2900390625
2020-03-23,32.9196472167969,7006.919921875
2020-03-24,34.5761489868164,7553.830078125
2020-03-25,36.4692916870117,7469.6201171875
2020-03-26,38.8181838989258,7897.1298828125
2020-03-27,37.5210342407227,7588.3701171875
2020-03-30,39.4404640197754,7889.009765625
2020-03-31,38.7831230163574,7813.5
2020-04-01,36.9162788391113,7486.2900390625
2020-04-02,38.5201911926269,7635.66015625
2020-04-03,38.4150199890137,7528.10986328125
2020-04-06,40.9041481018066,8081.66015625
2020-04-07,40.763916015625,8049.31005859375
2020-04-08,41.9120788574219,8229.5400390625
2020-04-09,42.9462966918945,8238.5302734375
2020-04-13,41.1320304870606,8332.740234375
2020-04-14,42.8761711120606,8692.16015625
2020-04-15,41.7280158996582,8591.9599609375
2020-04-16,41.2810211181641,8757.830078125
2020-04-17,42.1224136352539,8832.41015625
2020-04-20,40.781436920166,8726.509765625
2020-04-21,39.7735176086426,8403
2020-04-22,40.0364608764648,8664.6396484375
2020-04-23,39.501823425293,8641.5
2020-04-24,39.8173408508301,8786.599609375
2020-04-27,41.0005607604981,8837.66015625
2020-04-28,40.9654960632324,8677.599609375
2020-04-29,41.2985572814941,8982.759765625
2020-04-30,40.220516204834,9000.509765625
2020-05-01,39.9663391113281,8718.1796875
2020-05-04,39.5631713867187,8834.1103515625
2020-05-05,39.7910575866699,8930.6201171875
2020-05-06,39.2213592529297,8984.8603515625
2020-05-07,39.0898818969727,9101.8798828125
2020-05-08,40.4133338928223,9220.349609375
2020-05-11,39.9137573242187,9298.919921875
2020-05-12,39.2827110290527,9112.4501953125
2020-05-13,38.5114250183105,9000.080078125
2020-05-14,38.3010787963867,9094.419921875
2020-05-15,37.9154396057129,9152.6396484375
2020-05-18,39.4141807556152,9331.9296875
2020-05-19,39.037296295166,9298.5400390625
2020-05-20,40.220516204834,9485.01953125
2020-05-21,39.589469909668,9377.990234375
2020-05-22,39.4667587280273,9413.990234375
2020-05-26,40.3958015441895,9389.98046875
2020-05-27,40.9567337036133,9442.0498046875
2020-05-28,41.2722511291504,9416.7099609375
2020-05-29,40.9129142761231,9555.5302734375
2020-06-01,41.1846160888672,9598.8896484375
2020-06-02,41.1057357788086,9657.3095703125
2020-06-03,41.9821929931641,9704.6904296875
2020-06-04,41.9997253417969,9629.66015625
2020-06-05,43.0251770019531,9824.3896484375
2020-06-08,43.6912727355957,9901.51953125
2020-06-09,42.9462966918945,9967.169921875
2020-06-10,42.6132354736328,10094.259765625
2020-06-11,39.9137573242187,9588.48046875
2020-06-12,40.3294296264648,9663.7802734375
2020-06-15,40.9485244750977,9776.8896484375
2020-06-16,41.3642044067383,9949.3701171875
2020-06-17,41.1961631774902,9982.48046875
2020-06-18,41.5587730407715,10012.0498046875
2020-06-19,40.7008857727051,10008.6396484375
2020-06-22,40.4532585144043,10130.330078125
2020-06-23,40.3648109436035,10209.8203125
2020-06-24,39.4892425537109,10002.7001953125
2020-06-25,39.7368774414062,10101.830078125
2020-06-26,38.534065246582,9849.3603515625
2020-06-29,39.2327613830566,9961.16015625
2020-06-30,39.5157699584961,10156.849609375
2020-07-01,39.6395874023437,10279.25
2020-07-02,39.6926574707031,10341.8896484375
2020-07-06,40.0021934509277,10604.0595703125
2020-07-07,39.9845123291016,10524.009765625
2020-07-08,39.8606910705566,10666.7001953125
2020-07-09,38.8347625732422,10754.58984375
2020-07-10,39.9314498901367,10836.330078125
2020-07-13,40.0198822021484,10602.2099609375
2020-07-14,40.5682220458984,10689.51953125
2020-07-15,41.0369682312012,10701.6796875
2020-07-16,40.8158645629883,10626.4599609375
2020-07-17,41.4084129333496,10645.2197265625
2020-07-20,40.7893218994141,10952.080078125
2020-07-21,41.7445030212402,10833.0703125
2020-07-22,42.8765525817871,10870.75
2020-07-23,42.6996688842773,10580.58984375
2020-07-24,42.8853950500488,10483.1298828125
2020-07-27,42.8765525817871,10674.3798828125
2020-07-28,42.6112289428711,10532.5
2020-07-29,42.4697227478027,10662.98046875
2020-07-30,42.1778564453125,10715.509765625
2020-07-31,41.7798767089844,10905.8798828125
2020-08-03,40.9485244750977,11055.080078125
2020-08-04,41.2934417724609,11096.5400390625
2020-08-05,41.7621765136719,11125.4404296875
2020-08-06,41.9921340942383,11267.080078125
2020-08-07,42.275146484375,11139.3896484375
2020-08-10,42.2043952941895,11085.169921875
2020-08-11,42.3901214599609,10876.080078125
2020-08-12,42.8323364257813,11157.7197265625
2020-08-13,42.7881202697754,11178.3701171875
2020-08-14,42.8500213623047,11164.4501953125
2020-08-17,42.6377601623535,11288.5703125
2020-08-18,42.8234825134277,11399.0302734375
2020-08-19,41.8948593139649,11318.6396484375
2020-08-20,41.8771591186524,11477.0498046875
2020-08-21,41.8152503967285,11555.16015625
2020-08-24,42.4255065917969,11626.169921875
2020-08-25,42.3724365234375,11721.8095703125
2020-08-26,42.5935401916504,11971.9404296875
2020-08-27,42.6554489135742,11926.16015625
2020-08-28,44.0705146789551,11995.849609375
2020-08-31,43.8051872253418,12110.7001953125
2020-09-01,43.4425811767578,12292.8603515625
2020-09-02,45.2733268737793,12420.5400390625
2020-09-03,44.6453895568848,11771.3701171875
2020-09-04,45.1406593322754,11622.1298828125
2020-09-08,44.0528297424316,11068.259765625
2020-09-09,44.3889045715332,11395.849609375
2020-09-10,44.2208671569824,11154.1201171875
2020-09-11,45.1583595275879,11087.400390625
2020-09-14,45.2118453979492,11277.759765625
2020-09-15,45.5149803161621,11438.8701171875
2020-09-16,45.2831649780273,11247.599609375
2020-09-17,45.0691871643066,11080.9501953125
2020-09-18,44.980037689209,10936.98046875
2020-09-21,43.7674942016602,10980.2197265625
2020-09-22,44.2756881713867,11186.3701171875
2020-09-23,42.9829063415527,10833.330078125
2020-09-24,43.4197769165039,10896.4697265625
2020-09-25,43.4376106262207,11151.1298828125
2020-09-28,43.9368858337402,11364.4501953125
2020-09-29,43.6159210205078,11322.9501953125
2020-09-30,44.0171356201172,11418.0595703125
2020-10-01,43.8477249145508,11583.2001953125
2020-10-02,44.0082130432129,11255.6904296875
2020-10-05,44.0260543823242,11509.0595703125
2020-10-06,43.6337547302246,11291.26953125
2020-10-07,44.1865310668945,11503.1904296875
2020-10-08,44.9889526367187,11550.9404296875
2020-10-09,45.3009986877441,11725.849609375
2020-10-12,45.5506439208984,12088.1103515625
2020-10-13,44.7749710083008,12083.169921875
2020-10-14,44.6858100891113,11985.3603515625
2020-10-15,44.5699119567871,11898.5703125
2020-10-16,44.6055755615234,11852.169921875
2020-10-19,44.2400283813477,11634.349609375
2020-10-20,44.8017234802246,11677.83984375
2020-10-21,44.5699119567871,11665.3701171875
2020-10-22,45.1851005554199,11662.91015625
2020-10-23,45.0424423217774,11692.5703125
2020-10-26,44.4005012512207,11504.51953125
2020-10-27,44.489673614502,11598.9501953125
2020-10-28,42.7600059509277,11142.759765625
2020-10-29,42.8135108947754,11350.740234375
2020-10-30,42.8491630554199,11052.9501953125
2020-11-02,43.348445892334,11084.759765625
2020-11-03,43.9992980957031,11279.91015625
2020-11-04,43.8388137817383,11777.01953125
2020-11-05,44.0795440673828,12078.0703125
2020-11-06,44.0884590148926,12091.349609375
2020-11-09,46.8701820373535,11830.3896484375
2020-11-10,48.1273040771484,11624.2900390625
2020-11-11,47.7706680297852,11892.9296875
2020-11-12,47.2624664306641,11827.1396484375
2020-11-13,47.6547660827637,11937.83984375
2020-11-16,48.0113868713379,12013.3798828125
2020-11-17,47.8598289489746,11977.490234375
2020-11-18,46.9058456420899,11894.7099609375
2020-11-19,47.369457244873,11985.4296875
2020-11-20,46.9593315124512,11906.4404296875
2020-11-23,46.9682540893555,11905.9404296875
2020-11-24,47.4496994018555,12079.8095703125
2020-11-25,47.1911430358887,12152.2197265625
2020-11-27,46.9860877990723,12258.2099609375
2020-11-30,46.3660736083984,12268.3203125
2020-12-01,46.7614440917969,12455.330078125
2020-12-02,46.8243408203125,12456.41015625
2020-12-03,47.4263763427734,12467.1298828125
2020-12-04,48.3878440856934,12528.48046875
2020-12-07,47.6150817871094,12596.4697265625
2020-12-08,47.7858085632324,12635.7197265625
2020-12-09,47.9205894470215,12364.6396484375
2020-12-10,47.6689949035645,12401.740234375
2020-12-11,47.9385643005371,12375.41015625
2020-12-14,47.8666801452637,12462.2099609375
2020-12-15,48.3788566589355,12595.919921875
2020-12-16,47.6779823303223,12668.16015625
2020-12-17,47.8666801452637,12752.0595703125
2020-12-18,48.2890090942383,12738.1796875
2020-12-21,47.4533386230469,12690.259765625
2020-12-22,47.4084091186523,12717.5595703125
2020-12-23,47.6959495544434,12653.1396484375
2020-12-24,48.0194396972656,12711.009765625
2020-12-28,48.6664047241211,12838.8603515625
2020-12-29,48.6394462585449,12843.490234375
2020-12-30,48.9179992675781,12845.3603515625
2020-12-31,49.2774276733398,12888.2802734375
