date,AXON,BRENT,CEG,EVO,FIVE,GEV,HWM,MBLY,NFE,NVDA,NYCB,PLTR,QXO,SEDG,SGML,TBIL,TDOC,TPL,TRGP,UAL,VST,WOLF,SP500
2023-12-13,248.06,75.472,115.6272,10.09000015258789,201.5399932861328,,54.04487609863281,41.08000183105469,35.848777770996094,48.07437515258789,31.288639068603516,17.87,66.04779815673828,82.61000061035156,28.020000457763672,0.0524,20.12,514.2886962890625,82.97421264648438,41.58000183105469,37.5872,40.33000183105469,4707.089844
2023-12-14,253.1199951171875,76.02999877929688,114.8029,11.329999923706055,200.97999572753906,,52.619232177734375,42.29999923706055,37.36296463012695,48.33629608154297,33.445457458496094,18.209999084472656,56.38389587402344,96.31999969482422,26.93000030517578,0.0523,21.25,523.9381103515625,84.37259674072266,43.59000015258789,36.965980529785156,44.25,4719.549805
2023-12-15,255.97999572753906,73.23999786376953,117.9312,11.020000457763672,194.36000061035156,,52.63916778564453,41.959999084472656,37.01883316040039,48.87614059448242,32.3818,18.200000762939453,57.31696319580078,97.12000274658203,26.649999618530273,0.0524,20.520000457763672,521.7429,83.52184295654297,43.58000183105469,37.153324127197266,43.31999969482422,4719.189941
2023-12-18,255.69000244140625,74.26000213623047,118.53697967529297,11.19,190.60000610351562,,53.02798080444336,41.49,36.60586929321289,50.06280517578125,31.140911102294922,17.84000015258789,64.71485137939453,93.48,29.479999542236328,0.0526,20.399999618530273,523.4220581054688,84.07923889160156,42.33000183105469,37.232200622558594,43.33000183105469,4740.560059
2023-12-19,255.9199981689453,76.61000061035156,119.97697448730469,11.329999923706055,197.97000122070312,,53.4866,42.220001220703125,36.39939498901367,49.58993911743164,31.200002670288086,17.950000762939453,63.84843063354492,102.23999786376953,30.37,0.0523,21.579999923706055,531.5884,84.36282348632812,42.41999816894531,37.403751373291016,44.88999938964844,4768.370117
2023-12-20,252.77000427246094,76.55000305175781,116.20318603515625,11.31,195.02999877929688,,52.559417724609375,42.150001525878906,35.40632247924805,48.09736251831055,30.0182,17.25,67.91393280029297,94.85,31.670000076293945,0.0524,20.5,527.1197509765625,83.88365936279297,41.18000030517578,37.294673919677734,41.90999984741211,4698.350098
2023-12-21,256.8399963378906,77.94999694824219,117.49421691894531,11.640000343322754,199.10000610351562,,53.307132720947266,42.90999984741211,36.428890228271484,48.97611618041992,29.722728729248047,17.59000015258789,76.5781,97.08000183105469,33.20000076293945,0.0522,21.280000686645508,528.5342,85.18425750732422,42.58000183105469,37.473167419433594,44.880001068115234,4746.75
2023-12-22,259.0299987792969,79.23,114.5347671508789,11.579999923706055,202.6999969482422,,53.40682601928711,42.95000076293945,37.107322692871094,48.8162,29.781818389892578,17.40999984741211,72.44597625732422,96.02999877929688,32.790000915527344,0.0524,21.5,527.8089599609375,84.79309844970703,42.54999923706055,37.701236724853516,44.43000030517578,4754.629883
2023-12-26,258.1099853515625,79.69999694824219,116.75932312011719,11.699999809265137,210.36000061035156,,53.676002502441406,43.849998474121094,38.375694274902344,49.26502990722656,30.431819915771484,17.68000030517578,79.0441,96.95999908447266,33.095001220703125,0.0525,21.850000381469727,535.2273559570312,85.6145,42.08000183105469,37.879730224609375,46.84000015258789,4774.75
2023-12-27,259.0799865722656,79.38999938964844,116.61035919189453,11.890000343322754,212.6999969482422,,53.88536071777344,43.970001220703125,37.952903747558594,49.402992248535156,30.19545555114746,17.469999313354492,86.97515869140625,96.43000030517578,32.11000061035156,0.0524,22.06999969482422,534.7439,85.1354,41.72999954223633,38.058223724365234,46.51,4781.580078
2023-12-28,258.5899963378906,79.06999969482422,116.30249786376953,11.84000015258789,213.83999633789062,,53.9452,43.84000015258789,37.648101806640625,49.507965087890625,30.78636360168457,17.559999465942383,102.97058868408203,96.73,31.780000686645508,0.0525,22.100000381469727,522.0337524414062,84.44105529785156,41.970001220703125,38.494529724121094,45.470001220703125,4783.350098
2023-12-29,258.3299865722656,81.06999969482422,116.0840072631836,11.729999542236328,213.16000366210938,,53.9552,43.31999969482422,37.09748840332031,49.507965087890625,30.225000381469727,17.170000076293945,114.03409576416016,93.6,31.530000686645508,0.052,21.549999237060547,513.6484985351562,84.94955444335938,41.26,38.197044372558594,43.51,4769.830078
2024-01-02,251.6300048828125,79.65,114.4553,11.399999618530273,215.50999450683594,,53.56633377075195,41.34000015258789,36.586204528808594,48.15434646606445,30.756818771362305,16.579999923706055,107.76921844482422,91.69999694824219,30.239999771118164,0.0522,21.93000030517578,524.1537475585938,84.50950622558594,40.720001220703125,37.750816345214844,43.24,4742.830078
2024-01-03,247.42999267578125,78.38999938964844,115.05118560791016,10.510000228881836,204.69000244140625,,52.59928894042969,39.720001220703125,36.14374923706055,47.555519104003906,30.225000381469727,16.09000015258789,101.57098388671875,86.44000244140625,29.579999923706055,0.0524,21.239999771118164,521.2039794921875,85.81010437011719,39.529998779296875,37.85989761352539,40.560001373291016,4704.810059
2024-01-04,244.92999267578125,77.04000091552734,114.56455993652344,9.600000381469727,204.9600067138672,,52.439781188964844,29.969999313354492,35.68163299560547,47.984397888183594,30.19545555114746,16.25,123.2981185913086,82.80000305175781,29.270000457763672,0.0524,21.360000610351562,506.4783935546875,84.34326934814453,40.470001220703125,38.07805252075195,39.58000183105469,4688.680176
2024-01-05,244.2100067138672,75.88999938964844,115.4384994506836,9.739999771118164,200.83999633789062,,53.66603469848633,30.489999771118164,35.77995300292969,49.08308029174805,30.904544830322266,15.979999542236328,146.49148559570312,79.58000183105469,29.670000076293945,0.0524,21.399999618530273,508.03,83.89344024658203,41.76,38.26646041870117,40.81999969482422,4697.240234
2024-01-08,251.61000061035156,78.25,116.2230453491211,10.050000190734863,192.8800048828125,,53.92523956298828,31.43000030517578,35.79962158203125,52.23818588256836,31.288639068603516,16.670000076293945,126.43054962158203,78.54000091552734,28.940000534057617,0.0525,22.030000686645508,501.9934,82.48526763916016,42.91999816894531,38.81184768676758,41.709999084472656,4763.540039
2024-01-09,249.10000610351562,77.58999633789062,115.6868,9.779999732971191,191.00999450683594,,53.5464,31.889999389648438,36.48788070678711,53.12493896484375,30.904544830322266,16.389999389648438,120.16567993164062,77.22000122070312,28.260000228881836,0.0524,21.809999465942383,500.4092,81.75184631347656,43.540000915527344,39.25807571411133,40.029998779296875,4756.5
2024-01-10,249.02000427246094,78.76000213623047,115.05118560791016,9.479999542236328,191.72999572753906,,55.400733947753906,30.62,35.79962158203125,54.334590911865234,31.111366271972656,16.790000915527344,109.70199584960938,81.01000213623047,27.459999084472656,0.0523,21.799999237060547,493.9969482421875,81.95720672607422,44.26,38.13754653930664,36.189998626708984,4783.450195
2024-01-11,249.5399932861328,76.12000274658203,112.13145446777344,9.210000038146973,190.0500030517578,,55.34091567993164,31.030000686645508,34.88521194458008,54.806461334228516,29.988637924194336,16.68000030517578,105.5031967163086,77.62000274658203,26.06999969482422,0.0523,20.809999465942383,492.7328186035156,81.39,44.51,38.54410934448242,34.52000045776367,4780.240234
2024-01-12,250.69000244140625,77.58999633789062,112.13145446777344,9.09,190.58999633789062,,55.370826721191406,30.06999969482422,35.209678649902344,54.694488525390625,29.545455932617188,16.760000228881836,100.43797302246094,74.23999786376953,26.200000762939453,0.0522,20.87,500.1805419921875,81.96698760986328,39.779998779296875,38.891178131103516,33.86000061035156,4783.830078
2024-01-16,249.47000122070312,76.80000305175781,111.0390396118164,8.329999923706055,190.00999450683594,,53.496551513671875,29.790000915527344,34.76721954345703,56.36602020263672,29.013639450073242,16.530000686645508,89.50776672363281,72.83000183105469,26.38,0.0522,20.190000534057617,481.8616943359375,80.70550537109375,38.93000030517578,38.99033737182617,32.72999954223633,4765.97998
2024-01-17,250.50999450683594,77.41000366210938,111.14827728271484,8.06,189.25999450683594,,53.40682601928711,28.38,34.3346,56.037113189697266,28.92500114440918,16.389999389648438,83.37618255615234,68.22000122070312,25.87,0.0524,19.440000534057617,480.6400451660156,79.6885,37.880001068115234,39.386985778808594,31.489999771118164,4739.209961
2024-01-18,254.10000610351562,78.29000091552734,110.64179992675781,7.97,188.8800048828125,,55.021888732910156,28.06999969482422,32.800750732421875,57.09081268310547,29.043182373046875,16.399999618530273,90.9074,69.27,24.719999313354492,0.0522,19.850000381469727,484.8767395019531,80.76416778564453,39.77000045776367,39.07958221435547,31.899999618530273,4780.939941
2024-01-19,256.7900085449219,78.29000091552734,113.66083526611328,7.840000152587891,186.72000122070312,,55.57021713256836,28.34000015258789,31.83717918395996,59.47414016723633,29.456819534301758,16.780000686645508,93.24003601074219,69.11000061035156,24.010000228881836,0.0522,20.239999771118164,485.9514,80.66638946533203,38.81999969482422,39.83320617675781,32.38999938964844,4839.810059
2024-01-22,259.6600036621094,77.87999725341797,116.40180206298828,8.31,187.14999389648438,,55.899208068847656,28.889999389648438,32.45661544799805,59.6371,30.047727584838867,17.600000381469727,93.30667877197266,71.85,23.610000610351562,0.0522,20.940000534057617,486.3858642578125,81.95720672607422,38.45000076293945,39.6349,34.66999816894531,4850.430176
2024-01-23,255.00999450683594,79.1,117.8716049194336,8.239999771118164,188.2100067138672,,56.258113861083984,28.43000030517578,32.82041549682617,59.85603332519531,30.28409194946289,17.329999923706055,101.97087097167969,71.83999633789062,23.309999465942383,0.0521,20.739999771118164,486.9967346191406,81.39,40.49,39.515892028808594,36.59000015258789,4864.600098
2024-01-24,251.24000549316406,78.55999755859375,114.87242126464844,8.170000076293945,186.3300018310547,,56.16838836669922,27.62,32.57460403442383,61.344608306884766,30.461366653442383,16.75,97.97201538085938,70.19999694824219,22.770000457763672,0.0521,20.190000534057617,491.77569580078125,82.12345123291016,40.84000015258789,38.901092529296875,35.91999816894531,4868.549805
2024-01-25,252.6999969482422,80.05999755859375,119.7187728881836,7.829999923706055,191.8000030517578,,55.101646423339844,27.950000762939453,32.545108795166016,61.59953308105469,30.165910720825195,16.459999084472656,91.57384490966797,70.44000244140625,22.649999618530273,0.0521,20.350000381469727,488.1596374511719,84.08900451660156,42.959999084472656,40.091033935546875,34.22999954223633,4894.160156
2024-01-26,251.36000061035156,79.55000305175781,120.43379974365234,7.900000095367432,190.16000366210938,,55.26115798950195,28.38,32.68276596069336,61.013702392578125,30.78636360168457,16.350000381469727,91.8404,68.83999633789062,22.729999542236328,0.0521,20.209999084472656,486.2879333496094,84.89087677001953,42.54999923706055,40.43809509277344,34.09000015258789,4890.970215
2024-01-29,254.72999572753906,80.04000091552734,120.17559814453125,7.849999904632568,186.91000366210938,,55.61008834838867,27.75,33.47917938232422,62.447296142578125,30.845455169677734,17.09000015258789,90.8407,71.25,22.399999618530273,0.0522,20.59000015258789,496.79315185546875,84.56817626953125,42.09000015258789,40.219940185546875,35.31999969482422,4927.930176
2024-01-30,254.25,82.43000030517578,121.03959655761719,7.829999923706055,182.74000549316406,,55.80948257446289,26.25,33.75448989868164,62.756202697753906,30.668180465698242,16.739999771118164,87.44168853759766,69.16000366210938,21.38,0.0521,19.739999771118164,491.25958251953125,85.61077880859375,41.65999984741211,40.88432312011719,33.95000076293945,4924.970215
2024-01-31,249.05999755859375,83.55000305175781,121.15876770019531,7.739999771118164,179.4600067138672,,56.08863067626953,25.860000610351562,32.67293167114258,61.50956344604492,19.115909576416016,16.09000015258789,88.70800018310547,66.5,20.059999465942383,0.0522,19.43000030517578,477.3506164550781,83.56493377685547,41.380001068115234,40.68600082397461,32.54999923706055,4845.649902
2024-02-01,252.6999969482422,82.4,126.74995422363281,7.519999980926514,182.5399932861328,,57.20521926879883,25.799999237060547,31.866676330566406,63.00913619995117,16.988637924194336,16.329999923706055,88.3748,69.27,19.520000457763672,0.0522,19.84000015258789,473.5254821777344,84.6272,41.5,42.897300720214844,28.12,4906.189941
2024-02-02,256.99,82.87000274658203,128.81561279296875,7.22,181.11000061035156,,57.544185638427734,26.56999969482422,31.119417190551758,66.14125061035156,17.845457077026367,17.020000457763672,88.17481231689453,68,16.850000381469727,0.0523,19.790000915527344,469.7754821777344,84.56818389892578,41.369998931884766,44.17648696899414,26.510000228881836,4958.609863
2024-02-05,257.4700012207031,81.70999908447266,126.15409088134766,7.22,178.69000244140625,,57.61396789550781,26.950000762939453,30.72612190246582,69.3124,15.954546928405762,16.719999313354492,81.64334869384766,65.66999816894531,14.390000343322754,0.0522,18.989999771118164,466.7832946777344,84.1649,40.01,42.986549377441406,25.280000686645508,4942.810059
2024-02-06,259.4599914550781,78.69999694824219,130.1066436767578,7.650000095367432,181.39999389648438,,58.252017974853516,27.209999084472656,31.748687744140625,68.20366668701172,12.409090995788574,21.87,80.77692413330078,67.37999725341797,14.270000457763672,0.0523,20.06999969482422,471.8301696777344,84.80424499511719,41.22999954223633,42.897300720214844,26.700000762939453,4954.22998
2024-02-07,265.4700012207031,77.33000183105469,131.58636474609375,7.829999923706055,182.7100067138672,,58.910011291503906,26.649999618530273,31.493045806884766,70.0791,13.236363410949707,23.600000381469727,87.30839538574219,76.18000030517578,13.06,0.0523,20.010000228881836,486.99346923828125,85.62061309814453,41.279998779296875,43.39310836791992,26.549999237060547,4995.060059
2024-02-08,269,77.98999786376953,129.8186492919922,7.679999828338623,186.10000610351562,,59.03971862792969,26.440000534057617,31.453716278076172,69.62125396728516,12.379546165466309,24.510000228881836,89.10787963867188,75.51000213623047,14.260000228881836,0.0523,20.38,484.04376220703125,86.45665740966797,41.619998931884766,42.54032516479492,28.38,4997.910156
2024-02-09,270.9800109863281,78.58999633789062,131.25863647460938,7.539999961853027,188.9499969482422,,58.47097396850586,27.709999084472656,31.335729598999023,72.11255645751953,14.477272987365723,24.38,99.5716,77.76000213623047,14.640000343322754,0.0524,20.600000381469727,478.9119873046875,85.65995025634766,42.33000183105469,42.867557525634766,29.020000457763672,5026.609863
2024-02-12,266.7099914550781,79.20999908447266,127.6238784790039,7.710000038146973,189.36000061035156,,58.70047378540039,27.760000228881836,32.0142,72.22752380371094,14.447728157043457,25.049999237060547,105.90308380126953,83.30000305175781,15.039999961853027,0.0523,21.100000381469727,478.99041748046875,87.05663299560547,43.02000045776367,42.451080322265625,29.760000228881836,5021.839844
2024-02-13,264.45001220703125,81.62999725341797,127.02803039550781,7.239999771118164,184.1300048828125,,61.843536376953125,26.25,31.1686,72.10755157470703,13.701460838317871,24.010000228881836,98.10531616210938,76.55000305175781,13.930000305175781,0.0525,19.90999984741211,465.3329772949219,86.98778533935547,41.619998931884766,43.82942199707031,27.790000915527344,4953.169922
2024-02-14,270.8399963378906,82.19000244140625,127.78278350830078,7.260000228881836,185.8300018310547,,63.24045181274414,26.350000381469727,30.92276954650879,73.87905883789062,13.850713729858398,25.190000534057617,103.7037124633789,82.61000061035156,14.539999961853027,0.0523,20.65999984741211,469.2985534667969,86.8894,42.83000183105469,43.898834228515625,28.559999465942383,5000.620117
2024-02-15,272.7900085449219,82,130.5933,7.369999885559082,189.55999755859375,,63.13069534301758,26.100000381469727,31.453716278076172,72.63740539550781,14.716383934020996,25.40999984741211,101.57098388671875,86.94000244140625,14.520000457763672,0.0523,21.610000610351562,485.91876220703125,91.73847198486328,42.83000183105469,45.00944900512695,28.020000457763672,5029.72998
2024-02-16,269.79998779296875,82.77,130.25563049316406,7.360000133514404,190.00999450683594,,62.68168640136719,25.63,32.0142,72.59241485595703,14.626832008361816,24.440000534057617,97.37218475341797,85.05999755859375,14.850000381469727,0.0524,21.030000686645508,493.84014892578125,95.34822082519531,41.99,45.19785690307617,26.889999389648438,5005.569824
2024-02-20,267.70001220703125,81.6,130.89120483398438,7.380000114440918,191.85000610351562,,62.971046447753906,25.280000686645508,31.41438865661621,69.43231201171875,13.999966621398926,23.399999618530273,101.97087097167969,84.41999816894531,12.800000190734863,0.0524,20.489999771118164,487.0359191894531,94.77774047851562,43.459999084472656,45.76307678222656,25.299999237060547,4975.509766
2024-02-21,263.7300109863281,82.86000061035156,130.49395751953125,7.340000152587891,189.66000366210938,,63.38014602661133,24.5,31.85684585571289,67.4529,13.432805061340332,22.739999771118164,101.77093505859375,74.13999938964844,12.850000381469727,0.0524,15.640000343322754,497.2928771972656,95.86951446533203,44.04999923706055,45.79282760620117,25.450000762939453,4981.799805
2024-02-22,271.5400085449219,83.47000122070312,132.47023010253906,7.440000057220459,192.66000366210938,,64.9167,24.260000228881836,31.04075813293457,78.51573944091797,13.791011810302734,23.59000015258789,105.10331726074219,69.93000030517578,11.880000114440918,0.0525,15.210000038146973,510.6988525390625,96.7449,45.26,47.22074890136719,25.280000686645508,5087.029785
2024-02-23,270.6300048828125,82.33999633789062,133.0661163330078,7.559999942779541,193.47000122070312,,65.72496795654297,23.739999771118164,31.29640007019043,78.7947,13.49250602722168,22.969999313354492,109.30210876464844,67.35,11.479999542236328,0.0526,14.5,510.0259094238281,95.43673706054688,45.51,48.21236038208008,23.770000457763672,5088.799805
2024-02-26,271.5899963378906,83.02999877929688,132.30142211914062,7.630000114440918,196,,65.715,24.38,30.824445724487305,79.06958770751953,13.16414737701416,23.559999465942383,119.49919891357422,67.08000183105469,12.510000228881836,0.0526,14.789999961853027,509.65679931640625,95.958,44.970001220703125,48.341278076171875,25.56999969482422,5069.529785
2024-02-27,271.82000732421875,83.66999816894531,154.68597412109375,7.650000095367432,200.77999877929688,,65.82475280761719,25.360000610351562,31.28656578063965,78.6787,13.999966621398926,24.530000686645508,116.10017395019531,69.33999633789062,13.220000267028809,0.0525,15.15999984741211,518.4339599609375,95.48591613769531,44.900001525878906,50.552581787109375,25.969999313354492,5078.180176
2024-02-28,309.2200012207031,81.62000274658203,169.65208435058594,7.489999771118164,199.33999633789062,,66.613,26.100000381469727,31.129249572753906,77.641,13.552206993103027,24.420000076293945,108.5689926147461,65.55999755859375,13.84000015258789,0.0524,15.09000015258789,503.7900695800781,95.80066680908203,44.76,52.575477600097656,25.549999237060547,5069.759766
2024-02-29,307.3699951171875,82.52999877929688,167.2884979248047,7.400000095367432,200.67999267578125,,66.40348052978516,25.469999313354492,34.56074142456055,79.0896,14.298474311828613,25.079999923706055,100.238,67.16999816894531,14.220000267028809,0.0525,15.079999923706055,515.7892456054688,96.62686157226562,45.49,54.082733154296875,26.020000457763672,5096.27002
2024-03-01,314.25,83.65,168.8179,7.53,200.80999755859375,,66.85248565673828,27.049999237060547,33.852813720703125,82.25567626953125,10.596989631652832,24.93000030517578,99.90479278564453,67.87999725341797,15.930000305175781,0.0523,15,512.6134033203125,97.70880889892578,44.84000015258789,54.043067932128906,28.43000030517578,5137.080078
2024-03-04,319.8800048828125,83.68000030517578,174.7764892578125,7.199999809265137,203.3300018310547,,67.64073944091797,25.770000457763672,31.48321533203125,85.21282958984375,8.149234771728516,24.040000915527344,103.6370620727539,67.05999755859375,15.59000015258789,0.0524,14.729999542236328,503.63287353515625,99.33171081542969,44.13999938964844,56.5122,27.459999084472656,5130.950195
2024-03-05,315.1000061035156,83.62000274658203,175.5511016845703,6.909999847412109,204.9199981689453,,67.81036376953125,24.959999084472656,32.89907455444336,85.94366455078125,9.611917495727539,23.809999465942383,100.43797302246094,67.61000061035156,14.489999771118164,0.0523,14.390000343322754,496.23699951171875,100.83658599853516,43.74,58.39625930786133,26.459999084472656,5078.649902
2024-03-06,314.9700012207031,83.55000305175781,178.7389678955078,7.070000171661377,208.17999267578125,,68.6286,27.809999465942383,33.00722885131836,88.67901611328125,10.32833480834961,26.15999984741211,97.57213592529297,70.36000061035156,15.109999656677246,0.0524,14.579999923706055,486.3299255371094,102.57752227783203,44.06999969482422,60.38941192626953,27.709999084472656,5104.759766
2024-03-07,315.1300048828125,82.80000305175781,178.6922149658203,7.150000095367432,206.9600067138672,,69.22723388671875,28.38,33.05638885498047,92.6471,10.925347328186035,26.459999084472656,91.3739,75.26000213623047,14.600000381469727,0.0524,15.350000381469727,491.6272277832031,103.01030731201172,44.119998931884766,61.162872314453125,29.030000686645508,5157.359863
2024-03-08,312.7900085449219,82.04000091552734,169.72677612304688,7.099999904632568,204.82000732421875,,67.59085083007812,27.600000381469727,32.20097351074219,87.5073,10.208931922912598,26.040000915527344,90.37419128417969,75.72000122070312,13.5,0.0524,15.420000076293945,500.1723327636719,102.12508392333984,43.29999923706055,59.98284912109375,27.979999542236328,5123.689941
2024-03-11,310.92999267578125,82.95999908447266,167.0799102783203,7.139999866485596,203.5800018310547,,64.85688018798828,27.719999313354492,32.112483978271484,85.75370788574219,9.701469421386719,25.350000381469727,91.70713806152344,74.48999786376953,14.569999694824219,0.0524,15.59000015258789,508.4554748535156,102.88243865966797,42.88999938964844,57.56330490112305,28.06999969482422,5117.939941
2024-03-12,311.3699951171875,82.95999908447266,167.5376434326172,7.320000171661377,209.33999633789062,,65.92452239990234,28.43000030517578,32.09281921386719,91.8913,10.268632888793945,24.700000762939453,93.7732,72.13999938964844,14.460000038146973,0.0525,15.369999885559082,515.8055419921875,103.81684112548828,42.16999816894531,59.695281982421875,28.959999084472656,5175.27002
2024-03-13,306.7799987792969,82.08000183105469,167.03016662597656,7.070000171661377,206.5,,65.48550415039062,28.75,31.91583824157715,90.86650085449219,11.19400405883789,25,96.10588073730469,67.85,14.710000038146973,0.0525,15.140000343322754,525.9549560546875,104.67254638671875,43.040000915527344,60.6472,27.56999969482422,5165.310059
2024-03-14,306.42999267578125,82.20999908447266,163.82608032226562,7.070000171661377,201.5500030517578,,65.35578155517578,28.459999084472656,30.732309341430664,87.9232,11.19400405883789,24.43000030517578,89.17453002929688,64.56999969482422,14.260000228881836,0.0525,14.84000015258789,537.8525,103.90535736083984,42.849998474121094,62.58088302612305,26.030000686645508,5150.47998
2024-03-15,307.6499938964844,81.91999816894531,164.7017364501953,6.889999866485596,201.57000732421875,,66.09415435791016,27.739999771118164,30.94928741455078,87.81621551513672,11.641763687133789,23.489999771118164,92.0404,61.560001373291016,12.949999809265137,0.0525,15.119999885559082,545.6052,104.22994232177734,43.619998931884766,61.04387664794922,26.079999923706055,5117.089844
2024-03-18,308.45001220703125,84.02999877929688,168.00531005859375,7.130000114440918,205.89999389648438,,66.59304809570312,28.940000534057617,29.69672203063965,88.43407440185547,10.835795402526855,24,97.03894805908203,62.70000076293945,12.699999809265137,0.0525,15.119999885559082,546.7872314453125,105.59712219238281,43.54999923706055,61.95616149902344,25.049999237060547,5149.419922
2024-03-19,312.1300048828125,85.41999816894531,171.55767822265625,7.329999923706055,206.66000366210938,,67.02210998535156,28.37,29.95315170288086,89.37686157226562,10.477587699890137,23.799999237060547,88.50804901123047,62.25,12.550000190734863,0.0524,15.029999732971191,551.9928588867188,107.3183822631836,43.90999984741211,63.3641,24.81999969482422,5178.509766
2024-03-20,314.2799987792969,85.33999633789062,174.84136962890625,7.510000228881836,208.97000122070312,,67.38131713867188,30.5,30.318073272705078,90.35062408447266,10.71639347076416,24.56999969482422,89.04122924804688,65.44999694824219,12.59000015258789,0.0524,15.40999984741211,553.8917236328125,107.28887176513672,45.97999954223633,66.41891479492188,27.239999771118164,5224.620117
2024-03-21,316.0899963378906,86.88999938964844,173.26918029785156,7.25,176.7899932861328,,67.53099060058594,31.399999618530273,29.48960304260254,91.41336822509766,11.074602127075195,24.489999771118164,91.17395782470703,66.73,12.59000015258789,0.0525,15.279999732971191,556.5632934570312,109.18717956542969,46.630001068115234,68.0309,27.979999542236328,5241.529785
2024-03-22,316.32000732421875,87.37999725341797,177.35885620117188,7.429999828338623,170.99000549316406,,67.95005798339844,31.56999969482422,29.64740753173828,94.2667,10.567139625549316,24.18000030517578,87.30839538574219,64.69999694824219,11.880000114440918,0.0524,15,551.9502563476562,109.07899475097656,46.470001220703125,68.74730682373047,27.299999237060547,5234.180176
2024-03-25,315.4700012207031,85.94999694824219,186.33424377441406,7.320000171661377,173.8800048828125,,67.2117,31.190000534057617,29.351524353027344,94.97952270507812,9.940275192260742,24.510000228881836,86.84185791015625,64.02,11.850000381469727,0.0523,15.079999923706055,564.6173095703125,109.77732849121094,44.88999938964844,70.84683990478516,27.459999084472656,5218.189941
2024-03-26,319.1400146484375,85.77999877929688,184.4934,7.449999809265137,178.0500030517578,,67.50104522705078,31.350000381469727,29.1937,92.53910064697266,9.552216529846191,24.889999389648438,87.24174499511719,63.43000030517578,11.520000457763672,0.0522,15.050000190734863,549.76,108.83309173583984,45.41999816894531,67.55326080322266,26.93000030517578,5203.580078
2024-03-27,315.6400146484375,85.43000030517578,183.97596740722656,7.809999942779541,183.86000061035156,,67.93010711669922,32.70000076293945,29.1937,90.22864532470703,9.9701,24.510000228881836,86.97515869140625,69.69000244140625,12.15999984741211,0.0522,15.270000457763672,566.0677490234375,109.22653198242188,47.24,67.96123504638672,28.579999923706055,5248.490234
2024-03-28,312.8800048828125,86.75,183.93617248535156,7.829999923706055,181.3800048828125,,68.27933502197266,32.150001525878906,30.17013168334961,90.33462524414062,9.611917495727539,23.010000228881836,87.90821838378906,70.98,12.960000038146973,0.0523,15.100000381469727,568.2088623046875,110.15109252929688,47.880001068115234,69.30453491210938,29.5,5254.350098
2024-04-01,311.3699951171875,86.25,185.06057739257812,7.699999809265137,178.8800048828125,142.02000427246094,65.96443939208984,32.099998474121094,29.70658302307129,90.34162139892578,9.5821,22.860000610351562,85.70884704589844,70.95999908447266,14.109999656677246,0.0523,14.850000381469727,560.9210205078125,110.38715362548828,47.349998474121094,71.17520904541016,29.899999618530273,5243.77002
2024-04-02,309.3599853515625,86.08999633789062,187.2,7.630000114440918,171.1300048828125,140,65.11631774902344,32.709999084472656,29.844661712646484,89.43083953857422,9.1642,22.719999313354492,86.1087,66.88999938964844,14.460000038146973,0.0522,14.329999923706055,565.4096069335938,111.42974090576172,45.650001525878906,70.7971,27.75,5205.810059
2024-04-03,309.1000061035156,87.48,189.31942749023438,7.650000095367432,164.74000549316406,137.33999633789062,65.85468292236328,32.619998931884766,29.815073013305664,88.94295501708984,9.701469421386719,22.700000762939453,86.64192199707031,68.38999938964844,14.970000267028809,0.0522,14.40999984741211,576.4495,114.09525299072266,44.619998931884766,73.39414978027344,27.020000457763672,5211.490234
2024-04-04,306.8299865722656,87.41999816894531,182.2047576904297,7.510000228881836,163.99000549316406,126.05999755859375,65.3857,31.780000686645508,29.321935653686523,85.88467407226562,9.611917495727539,22.479999542236328,85.64220428466797,68.77,13.770000457763672,0.0521,14.25,586.5267333984375,112.4822,43.220001220703125,70.19011688232422,27.06999969482422,5147.209961
2024-04-05,309.8999938964844,88.91999816894531,192.1255,7.559999942779541,162.77000427246094,122.69999694824219,66.9124,31.709999084472656,29.262760162353516,87.9872,9.313410758972168,22.959999084472656,85.57555389404297,66.69000244140625,14.449999809265137,0.0523,14.489999771118164,585.6035,114.06574249267578,43.189998626708984,74.95635986328125,26.309999465942383,5204.339844
2024-04-08,311.2099914550781,89.35,191.03091430664062,7.869999885559082,160.3300018310547,129.9600067138672,66.58307647705078,31.260000228881836,28.996463775634766,87.11238861083984,9.820873260498047,23,83.64277648925781,66.94999694824219,15.140000343322754,0.0523,14.619999885559082,568.8079833984375,114.06574249267578,43.310001373291016,74.05087280273438,26.84000015258789,5202.390137
2024-04-09,311.2699890136719,90.65,187.17010498046875,7.829999923706055,159.5800018310547,132.1699981689453,65.70501708984375,32.029998779296875,29.755897521972656,85.33380126953125,9.611917495727539,22.809999465942383,86.50862121582031,72.08999633789062,15.420000076293945,0.0523,15.06,578.9147338867188,112.53135681152344,43.439998626708984,69.18512725830078,28.899999618530273,5209.910156
2024-04-10,318.26,91.16999816894531,190.1353759765625,7.22,160.22999572753906,138.3699951171875,65.10633850097656,30.90999984741211,28.947153091430664,87.0184,8.835801124572754,22.420000076293945,84.17595672607422,70.69999694824219,15.510000228881836,0.0525,14.5,583.6390991210938,112.79692077636719,42.369998931884766,70.409,27.399999618530273,5160.640137
2024-04-11,324.0899963378906,90.37999725341797,191.9264678955078,7.150000095367432,163,136.57000732421875,65.4456,31.40999984741211,28.562503814697266,90.59455871582031,8.955202102661133,22.84000015258789,87.24174499511719,70.26000213623047,15.600000381469727,0.0525,14.600000381469727,590.8091430664062,113.43624877929688,43.040000915527344,71.64287567138672,27.860000610351562,5199.060059
2024-04-12,310.80999755859375,89.41999816894531,190.72244262695312,7.289999961853027,157.47999572753906,134,63.85908508300781,31.719999313354492,28.010190963745117,88.1651,8.477592468261719,22.670000076293945,84.57583618164062,65.35,14.649999618530273,0.0525,14.210000038146973,594.9343,112.8067626953125,41.79999923706055,69.39408111572266,26.25,5123.410156
2024-04-15,303.30999755859375,90.48,184.4834442138672,7.25,152.80999755859375,131.75,63.35021209716797,31.350000381469727,27.59595489501953,85.98065185546875,8.686546325683594,21.899999618530273,92.64020538330078,60.439998626708984,13.979999542236328,0.0525,13.550000190734863,573.5127,112.46249389648438,41.040000915527344,67.88162231445312,25.549999237060547,5061.819824
2024-04-16,300.30999755859375,89.73999786376953,185.72726440429688,7.010000228881836,149.3000030517578,130.07000732421875,63.879,30.13,27.231035232543945,87.39432525634766,8.716397285461426,21.88,98.23860168457031,59.52000045776367,13.680000305175781,0.0525,13.130000114440918,576.4789428710938,112.19693756103516,41.5,67.26470184326172,25.440000534057617,5051.410156
2024-04-17,299.82000732421875,90.44999694824219,184.4834442138672,7.239999771118164,152.10000610351562,134.75,63.320274353027344,30.959999084472656,27.112680435180664,84.01512145996094,8.865650177001953,21.309999465942383,103.90365600585938,59.74,13.5,0.0525,13.140000343322754,574.5440063476562,110.38715362548828,48.74,68.30949401855469,25.239999771118164,5022.209961
2024-04-18,297.5899963378906,90.1,182.95106506347656,7.150000095367432,152,137.22000122070312,63.360191345214844,30.979999542236328,27.812936782836914,84.65096282958984,8.805950164794922,21.13,91.9737,57.38999938964844,13.40999984741211,0.0525,13.180000305175781,572.0296020507812,109.94453430175781,51.41999816894531,65.55323028564453,23.719999313354492,5011.120117
2024-04-19,293.6099853515625,90.02,180.0056915283203,7.070000171661377,150.2899932861328,135.10000610351562,63.270389556884766,30.229999542236328,27.67485809326172,76.18197631835938,8.805950164794922,20.469999313354492,87.7749,55.79999923706055,13.350000381469727,0.0525,12.979999542236328,572.2260131835938,111.06581115722656,51.380001068115234,65.3343,22.18000030517578,4967.22998
2024-04-22,293.79998779296875,87.29000091552734,182.31422424316406,7.360000133514404,148.61000061035156,136.69000244140625,62.79144287109375,30.12,27.753759384155273,79.49919128417969,9.313410758972168,20.969999313354492,88.50804901123047,54.51,13.539999961853027,0.0522,13.300000190734863,575.3789,111.94120025634766,53.939998626708984,66.38906860351562,23.940000534057617,5010.600098
2024-04-23,301.55999755859375,87.11000061035156,187.31936645507812,7.650000095367432,147.7899932861328,147.8300018310547,64.61742401123047,30.43000030517578,27.684720993041992,82.40350341796875,9.492515563964844,21.639999389648438,91.04066467285156,56.77000045776367,14.029999732971191,0.0525,13.739999771118164,577.3432006835938,114.1050796508789,54.029998779296875,68.11048126220703,22.56999969482422,5070.549805
2024-04-24,302.4100036621094,87.29000091552734,185.2397003173828,5.230000019073486,148.5399932861328,146.17999267578125,64.55754089355469,31.12,27.22117042541504,79.65815734863281,9.134307861328125,21.59000015258789,86.1087,57.86000061035156,14.069999694824219,0.0526,13.729999542236328,578.5219116210938,114.98046112060547,52.66999816894531,70.11051940917969,24.479999542236328,5071.629883
2024-04-25,306.24,87,187.08053588867188,5.099999904632568,150.85000610351562,148.30999755859375,64.6573,30.899999618530273,26.866111755371094,82.61245727539062,9.1642,21.709999084472656,89.50776672363281,56.61000061035156,14.050000190734863,0.0526,13.329999923706055,581.4783325195312,115.7476577758789,53.51,72.12049865722656,24.87,5048.419922
2024-04-26,308.2300109863281,88.41999816894531,187.43875122070312,5.019999980926514,150.0800018310547,153.07000732421875,66.2538,29.200000762939453,26.737897872924805,87.71424102783203,8.865650177001953,22.520000457763672,92.90679168701172,58.20000076293945,14.329999923706055,0.0525,13.010000228881836,585.0632934570312,114.94113159179688,52.84000015258789,72.33940124511719,26.25,5099.959961
2024-04-29,313.29998779296875,88.02,187.67758178710938,5.199999809265137,147.22000122070312,159.00999450683594,66.96224212646484,28,26.530778884887695,87.73624420166016,8.328338623046875,22.829999923706055,99.97144317626953,60.01,14.960000038146973,0.0525,13.390000343322754,591.6734619140625,116.02014923095703,52.970001220703125,77.57331848144531,27.850000381469727,5116.169922
2024-04-30,313.6600036621094,89.01000213623047,185.02076721191406,5.190000057220459,146.33999633789062,153.7100067138672,66.60303497314453,27.549999237060547,25.84038734436035,86.38156127929688,7.910429000854492,21.969999313354492,95.37276458740234,58.650001525878906,14.369999885559082,0.0525,12.75,566.0382690429688,112.91175842285156,51.459999084472656,75.46382141113281,27.030000686645508,5035.689941
2024-05-01,311.57000732421875,89.5,183.64759826660156,5.25,141.92999267578125,151.6699981689453,66.63296508789062,28.87,25.46560287475586,83.02135467529297,10.149230003356934,22.12,94.70628356933594,58.099998474121094,14.949999809265137,0.0526,12.81,548.7417602539062,111.27837371826172,50.66999816894531,76.47877502441406,26.110000610351562,5018.390137
2024-05-02,316.75,88.4,185.25958251953125,5.369999885559082,143.47000122070312,153.8300018310547,76.93024444580078,30.5,25.514917373657227,85.79669952392578,10.059678077697754,22.549999237060547,93.17338562011719,59.65999984741211,15.359999656677246,0.0525,12.989999771118164,548.6140747070312,111.85253143310547,51.68000030517578,79.47383880615234,23.559999465942383,5064.200195
2024-05-03,318.54998779296875,87.86000061035156,193.8966827392578,5.269999980926514,144.80999755859375,166.25999450683594,78.7163,30.030000686645508,26.29407501220703,88.76799774169922,10.537288665771484,23.329999923706055,93.04009246826172,60.45000076293945,15.979999542236328,0.0525,12.779999732971191,551.6195678710938,111.17937469482422,51.650001525878906,81.08580017089844,25.329999923706055,5127.790039
2024-05-06,327.6400146484375,83.44000244140625,196.72264099121094,5.199999809265137,146.02000427246094,169.13999938964844,80.00346374511719,29.850000381469727,25.81079864501953,92.11820220947266,10.89549732208252,25.209999084472656,98.90508270263672,60.06999969482422,16.15999984741211,0.0525,12.789999961853027,561.2647705078125,111.66444396972656,53.970001220703125,82.82711791992188,25.940000534057617,5180.740234
2024-05-07,312.7300109863281,83.66999816894531,199.56851196289062,5.139999866485596,146.74000549316406,167.36000061035156,79.65424346923828,29.100000381469727,25.76148796081543,90.53257751464844,10.955198287963867,21.399999618530273,94.10645294189453,58.709999084472656,16.81999969482422,0.0525,12.880000114440918,559.5753784179688,111.69414520263672,52.689998626708984,81.33456420898438,24.25,5187.700195
2024-05-08,311.8599853515625,82.95999908447266,206.97174072265625,5.190000057220459,142.10000610351562,164,81.24073028564453,28.670000076293945,26.126407623291016,90.39061737060547,10.686541557312012,21.559999465942383,98.37190246582031,57.54999923706055,17.200000762939453,0.0525,12.199999809265137,553.4661865234375,111.3179702758789,53.02000045776367,88.75756072998047,24.37,5187.669922
2024-05-09,309.0899963378906,83.33000183105469,214.84262084960938,5.269999980926514,143.47999572753906,166.39999389648438,81.89968872070312,28.040000915527344,27.10281753540039,88.72601318359375,10.71639347076416,21.139999389648438,99.03837585449219,52.66999816894531,17.87,0.0525,12.239999771118164,604.2749633789062,112.44648742675781,52.630001068115234,92.70787048339844,25.110000610351562,5214.080078
2024-05-10,303.42999267578125,83.16000366210938,213.86744689941406,5.150000095367432,139.1999969482422,167.27000427246094,80.74153137207031,27.13,26.560367584228516,89.85672760009766,10.298483848571777,20.600000381469727,95.63935089111328,49.470001220703125,17.13,0.0526,11.949999809265137,612.6138305664062,112.06041717529297,52.720001220703125,92.95662689208984,24.12,5222.680176
2024-05-13,300.2300109863281,83.58000183105469,212.53408813476562,5.349999904632568,140.02999877929688,161.52999877929688,80.09255981445312,28,26.708309173583984,90.37762451171875,11.074602127075195,20.940000534057617,97.90536499023438,52.209999084472656,17,0.0525,12.449999809265137,594.5022583007812,111.77334594726562,54.400001525878906,89.72274780273438,23.709999084472656,5221.419922
2024-05-14,296.4599914550781,83.87999725341797,216.6636,5.550000190734863,141.99000549316406,165.6300048828125,80.75151062011719,28.719999313354492,28.463876724243164,91.33438873291016,11.611913681030273,21.440000534057617,101.70428466796875,53.75,17.940000534057617,0.0524,12.739999771118164,596.8594360351562,113.27803802490234,55.09000015258789,91.01630401611328,24.84000015258789,5246.680176
2024-05-15,293.95001220703125,82.79000091552734,222.20602416992188,5.670000076293945,140.6699981689453,167.8699951171875,82.61854553222656,28.90999984741211,26.185583114624023,94.60761260986328,10.955198287963867,21.670000076293945,105.30325317382812,51.349998474121094,17.049999237060547,0.0525,12.81,590.8287963867188,114.41645812988281,54.959999084472656,96.42932891845703,25.290000915527344,5308.149902
2024-05-16,290.44000244140625,83.36000061035156,215.27049255371094,5.489999771118164,141.02999877929688,166.39999389648438,82.39889526367188,28.5,25.722034454345703,94.33667755126953,10.955198287963867,21.649999618530273,108.36904907226562,50.52000045776367,17.934999465942383,0.0525,12.899999618530273,597.6845092773438,114.96092224121094,54.779998779296875,92.67801666259766,25.18000030517578,5297.100098
2024-05-17,288.7900085449219,82.37999725341797,212.05645751953125,5.25,137.5399932861328,162.6199951171875,82.79825592041016,28.579999923706055,26.353248596191406,92.45711517333984,11.014899253845215,21.760000228881836,102.63734436035156,48.40999984741211,18.559999465942383,0.0525,12.729999542236328,599.3541870117188,116.48541259765625,54.970001220703125,93.61336517333984,25.530000686645508,5303.27002
2024-05-20,292.0299987792969,82.75,214.00677490234375,5.210000038146973,133.80999755859375,160.9499969482422,83.92646026611328,27.700000762939453,27.10281753540039,94.75758361816406,10.686541557312012,21.62,107.90251922607422,48.709999084472656,17.729999542236328,0.0525,12.300000190734863,606.1117553710938,116.36663055419922,54.619998931884766,91.05611419677734,26.239999771118164,5308.129883
2024-05-21,287.95001220703125,83.27,221.48959350585938,5.090000152587891,132,163.92999267578125,84.65530395507812,27.510000228881836,26.9746,95.36344146728516,10.238781929016113,21.239999771118164,107.83586883544922,48.47999954223633,17.280000686645508,0.0525,11.829999923706055,607.2708,117.01007843017578,53.029998779296875,93.7726,26.780000686645508,5321.410156
2024-05-22,284.8699951171875,83.98,219.0218505859375,5.170000076293945,131.72999572753906,163.85000610351562,83.3274,27.809999465942383,26.047504425048828,94.92754364013672,9.910425186157227,21.170000076293945,104.10359954833984,52.83000183105469,16.40999984741211,0.0525,11.920000076293945,597.1934814453125,113.76310729980469,52.41999816894531,93.80241394042969,27.780000686645508,5307.009766
2024-05-23,279.99,83.70999908447266,220.06666564941406,4.929999828338623,129.60000610351562,161.6699981689453,82.2891,27.559999465942383,24.903427124023438,103.77445220947266,9.641768455505371,20.719999313354492,99.97144317626953,47.209999084472656,15.720000267028809,0.0526,11.449999809265137,597.5960693359375,112.70387268066406,51.76,95.65319061279297,24.93000030517578,5267.839844
2024-05-24,285.6300048828125,82.87999725341797,229.48985290527344,4.769999980926514,132.99000549316406,177.42999267578125,84.58541107177734,25.65999984741211,24.785072326660156,106.44381713867188,9.940275192260742,21.010000228881836,106.5695571899414,48.02000045776367,16.219999313354492,0.0526,11.479999542236328,600.3757,113.12954711914062,51.72999954223633,101.59357452392578,26.270000457763672,5304.720215
2024-05-28,288.20001220703125,81.9,230.12669372558594,4.860000133514404,132.74000549316406,178.08999633789062,85.14452362060547,26.489999771118164,24.617406845092773,113.87406158447266,9.850722312927246,21.049999237060547,118.09959411621094,49.97999954223633,16.739999771118164,0.0526,11.359999656677246,606.1411743164062,114.3472,50.63999938964844,105.6732406616211,26.940000534057617,5306.040039
2024-05-29,284.19000244140625,81.36000061035156,219.98451232910156,4.579999923706055,131.6999969482422,177.32000732421875,83.93644714355469,26.020000457763672,23.867839813232422,114.79783630371094,9.671619415283203,20.940000534057617,129.6296,48.560001373291016,16.219999313354492,0.0526,11.149999618530273,602.8411,113.5255126953125,51.83000183105469,103.10604095458984,25.68000030517578,5266.950195
2024-05-30,281.7300109863281,82.12000274658203,224.19007873535156,4.519999980926514,134.7100067138672,175.0800018310547,84.09619903564453,25.850000381469727,24.21303367614746,110.4738540649414,9.880574226379395,21.729999542236328,129.96287536621094,49.31999969482422,15.550000190734863,0.0526,11.289999961853027,603.5972290039062,115.4063949584961,51.34000015258789,104.84735870361328,25.950000762939453,5235.47998
2024-05-31,281.6700134277344,84.22000122070312,216.50645446777344,4.679999828338623,138.1300048828125,175.89999389648438,84.5155,25.65999984741211,25.00205421447754,109.60707092285156,9.820873260498047,21.68000030517578,123.89794158935547,48.99,15.289999961853027,0.0525,11.239999771118164,603.3713,117.03978729248047,52.99,98.58856201171875,25.700000762939453,5277.509766
2024-06-03,278.5299987792969,83.6,207.54722595214844,4.97,140.75,170.3699951171875,84.49555206298828,26.459999084472656,24.686447143554688,114.9728012084961,9.731321334838867,21.31999969482422,128.96316528320312,48.01,14.869999885559082,0.0526,11.079999923706055,586.2977905273438,115.35689544677734,52.720001220703125,92.7875,26.81999969482422,5283.399902
2024-06-04,276.2200012207031,81.86000061035156,202.4447479248047,4.889999866485596,137.8699951171875,163.0399932861328,82.15927124023438,25.389999389648438,23.483192443847656,116.40945434570312,9.3433,22.100000381469727,130.6959991455078,47.369998931884766,14.529999732971191,0.0525,10.869999885559082,575.168,115.55488586425781,52.34000015258789,89.10582733154297,27.170000076293945,5291.339844
2024-06-05,282.1300048828125,81.62000274658203,208.61355590820312,4.949999809265137,132.7899932861328,163.49000549316406,84.49555206298828,25.940000534057617,23.414152145385742,122.4110336303711,9.283560752868652,22.959999084472656,130.47999572753906,48.91999816894531,14.710000038146973,0.0525,10.979999542236328,583.5719604492188,117.00018310546875,52.90999984741211,91.5437,29.40999984741211,5354.029785
2024-06-06,279.1499938964844,78.36000061035156,201.90660095214844,4.909999847412109,118.72000122070312,160.30999755859375,83.13771057128906,27.399999618530273,23.335250854492188,120.96937561035156,9.5224,23.790000915527344,220,48.31999969482422,14.399999618530273,0.0525,11.029999732971191,583.3062133789062,116.79229736328125,53.29999923706055,85.8322,28.219999313354492,5352.959961
2024-06-07,280.5,77.52,197.3223419189453,4.78,118.48999786376953,162.0800018310547,83.64690399169922,31.68000030517578,22.960468292236328,120.85940551757812,9.342698097229004,23.309999465942383,220,46.290000915527344,14.25,0.0526,10.640000343322754,572.7964,116.8219985961914,53,84.648,27.329999923706055,5346.990234
2024-06-10,285.3999938964844,78.41000366210938,213.8954315185547,4.650000095367432,115.4800033569336,166.63999938964844,83.5171,32.470001220703125,22.654720306396484,121.76119232177734,9.222920417785645,23.13,235.61000061035156,46.88999938964844,13.989999771118164,0.0525,10.65999984741211,711.7566,118.70287322998047,53.029998779296875,87.78242492675781,28.15999984741211,5360.790039
2024-06-11,287.01,79.87000274658203,217.56283569335938,4.769999980926514,120.31999969482422,168.22999572753906,83.04786682128906,30.110000610351562,21.98405647277832,120.89132690429688,9.9416,23.850000381469727,172.99000549316406,45.88999938964844,13.529999732971191,0.0525,10.44,754.4946899414062,119.88088989257812,52.04999923706055,90.76754760742188,28.5,5375.319824
2024-06-12,295.8399963378906,79.62000274658203,217.38345336914062,4.829999923706055,116.56999969482422,177.52000427246094,83.2975,29.34000015258789,22.07282066345215,125.18065643310547,9.7919,23.770000457763672,179.30999755859375,44.66999816894531,13.579999923706055,0.0525,10.199999809265137,764.8865356445312,120.25706481933594,52.93000030517578,90.1108,29.450000762939453,5421.029785
2024-06-13,293.4800109863281,81.62999725341797,219.17727661132812,4.559999942779541,113.75,176.1699981689453,82.66846466064453,29.09000015258789,21.43174171447754,129.58998107910156,9.4026,23.270000457763672,205.39999389648438,43.27000045776367,12.960000038146973,0.0525,9.949999809265137,751.8279,119.02954864501953,52.06999969482422,87.96153259277344,28.65999984741211,5433.740234
2024-06-14,292.3299865722656,81.91999816894531,214.1645050048828,4.550000190734863,112.87999725341797,170.1699981689453,78.8146,28.219999313354492,21.847890853881836,131.85964965820312,9.133086204528809,23.56999969482422,134.2100067138672,39.86000061035156,12.630000114440918,0.0525,10,738.0509033203125,117.80203247070312,49.689998626708984,87.1555,27.149999618530273,5431.600098
2024-06-17,297.1700134277344,82.6,211.2943572998047,4.079999923706055,114.30999755859375,168.75999450683594,79.87290954589844,27.600000381469727,21.104766845703125,130.95977783203125,9.5224,25.020000457763672,122.08999633789062,38.22999954223633,12.289999961853027,0.0525,10.109999656677246,747.9014282226562,120.3758544921875,50.36000061035156,83.62315368652344,27.079999923706055,5473.22998
2024-06-18,293.5199890136719,82.75,219.6556396484375,4.070000171661377,113.93000030517578,179.57000732421875,80.07258605957031,25.969999313354492,21.01559066772461,135.55906677246094,9.192975997924805,25.81999969482422,91.77,37.06999969482422,12.25,0.0524,10.09000015258789,755.4885,122.19733428955078,49.58000183105469,87.37224578857422,26,5487.029785
2024-06-20,293.1400146484375,82.62000274658203,221.54913330078125,4.510000228881836,112.55000305175781,177.17999267578125,79.3837,26.139999389648438,21.45155906677246,130.75979614257812,9.163031578063965,25.559999465942383,81.97000122070312,34.310001373291016,12.029999732971191,0.0524,9.649999618530273,763.8926,125.0483,48.900001525878906,87.98079681396484,23.760000228881836,5473.169922
2024-06-21,291.1499938964844,84.25,217.38345336914062,4.480000019073486,115.33999633789062,175.72999572753906,80.01268768310547,26.889999389648438,21.273208618164062,126.55045318603516,9.163031578063965,23.84000015258789,86.51000213623047,33.01,12.44,0.0523,9.710000038146973,742.7843017578125,123.84062194824219,48.18000030517578,86.654,23.59000015258789,5464.620117
2024-06-24,292.70001220703125,85.33000183105469,215.36041259765625,4.599999904632568,116.29000091552734,178.13999938964844,78.50508117675781,26.729999542236328,22.026241302490234,118.09175872802734,9.2828,24.15999984741211,85.86000061035156,33.25,12.300000190734863,0.0524,10.359999656677246,735.7876,127.30538940429688,49.18000030517578,88.02070617675781,22.950000762939453,5447.870117
2024-06-25,292.6300048828125,85.70999908447266,221.6089324951172,4.72,110.5,181.4499969482422,78.07576751708984,26.079999923706055,20.658891677856445,126.07051849365234,8.9534,24.559999465942383,79.85,26.399999618530273,12.19,0.0523,9.75,738.2673950195312,128.5229949951172,48.52000045776367,89.19790649414062,22.079999923706055,5469.299805
2024-06-26,292.8800048828125,85.23999786376953,209.5902099609375,4.699999809265137,109.66999816894531,180,78.87449645996094,28.149999618530273,20.78769874572754,126.38048553466797,9.163031578063965,24.100000381469727,73.55000305175781,24.989999771118164,12.470000267028809,0.0524,10.149999618530273,731.1821,126.21646118164062,48.06999969482422,85.70620727539062,22.969999313354492,5477.899902
2024-06-27,298.3500061035156,86.01000213623047,204.07913208007812,4.570000171661377,110.62000274658203,176.27999877929688,79.47354888916016,28.020000457763672,20.9165,123.9708480834961,9.103142738342285,25.219999313354492,73.98,25.270000457763672,12.479999542236328,0.0523,10.140000343322754,722.1483764648438,127.28559112548828,48.20000076293945,87.01309967041016,23.229999542236328,5482.870117
2024-06-28,294.24,85.01000213623047,199.58457946777344,4.800000190734863,108.97000122070312,171.50999450683594,77.50666809082031,28.09000015258789,21.778533935546875,123.52091979980469,9.642143249511719,25.329999923706055,71.76000213623047,25.260000228881836,12.029999732971191,0.0522,9.779999732971191,722.5714721679688,127.48357391357422,48.65999984741211,85.77603912353516,22.760000228881836,5460.47998
2024-07-01,289.2099914550781,85.25,204.3482208251953,4.860000133514404,107.8499984741211,167.52000427246094,77.17720031738281,27.610000610351562,20.213016510009766,124.28080749511719,9.702033996582031,25.88,62.26,23.969999313354492,11.989999771118164,0.0524,9.319999694824219,723.1600952148438,129.94851684570312,48.33000183105469,87.13280487060547,22.540000915527344,5475.089844
2024-07-02,293.17999267578125,86.38999938964844,205.44444274902344,4.949999809265137,106.1500015258789,169.80999755859375,77.94597625732422,27.889999389648438,19.796865463256836,122.65105438232422,10.3309,25.829999923706055,65.70999908447266,24.25,11.779999732971191,0.0524,9.399999618530273,733.2764,129.6812286376953,48.20000076293945,87.49195098876953,23.829999923706055,5509.009766
2024-07-03,296.55999755859375,86.41000366210938,209.3510284423828,5.150000095367432,108.47000122070312,172.67999267578125,79.204,27.43000030517578,20.173383712768555,128.26019287109375,10.031423568725586,25.850000381469727,63.650001525878906,25.31999969482422,12.420000076293945,0.0524,9.229999542236328,746.0463256835938,132.2550506591797,48.51,91.50242614746094,23.639999389648438,5537.02002
2024-07-05,298.3800048828125,86.6,210.5668487548828,5.300000190734863,106.16999816894531,176.22999572753906,78.67481994628906,27.81999969482422,19.757232666015625,125.8105697631836,10.031423568725586,27.229999542236328,61,25.049999237060547,12.420000076293945,0.0523,9.210000038146973,745.7869262695312,131.15623474121094,47,89.14801788330078,23.770000457763672,5567.189941
2024-07-08,302.4800109863281,86.23999786376953,214.9916534423828,5.340000152587891,104.08999633789062,174.3699951171875,80.34217071533203,27.81999969482422,19.549156188964844,128.18019104003906,9.8218,27.700000762939453,49.09000015258789,27.37,12.270000457763672,0.0523,9.260000228881836,749.7276611328125,131.2156219482422,46.81999969482422,92.6597,24.450000762939453,5572.850098
2024-07-09,298.51,87.33999633789062,215.22088623046875,5.119999885559082,102.43000030517578,172.97999572753906,80.1125,26.68000030517578,19.123098373413086,131.35972595214844,10.3309,27.389999389648438,46,26.87,11.529999732971191,0.0523,9.149999618530273,748.2411499023438,131.07704162597656,47.20000076293945,91.18318176269531,23.049999237060547,5576.97998
2024-07-10,293.2900085449219,86.54000091552734,218.7986,5.210000038146973,100.94000244140625,179.72999572753906,80.05262756347656,26.75,19.370805740356445,134.88917541503906,10.39075756072998,28.420000076293945,42.97999954223633,29.63,11.94,0.0523,8.949999809265137,775.1379,131.5522003173828,47.150001525878906,92.09101867675781,24.170000076293945,5633.910156
2024-07-11,291.1600036621094,85.75,216.09786987304688,5.070000171661377,104.2300033569336,176.6999969482422,79.53345489501953,27.030000686645508,20.391366958618164,127.38033294677734,11.019593238830566,27.639999389648438,41.74,29.90999984741211,12.149999618530273,0.0521,9.369999885559082,783.2688598632812,132.26495361328125,45.63999938964844,91.39268493652344,24.780000686645508,5584.540039
2024-07-12,292.6600036621094,84.66000366210938,216.39683532714844,4.940000057220459,103.22000122070312,180.4499969482422,79.10414123535156,26.459999084472656,21.01559066772461,129.2200469970703,10.989648818969727,28.06999969482422,49.51,31.649999618530273,12.460000038146973,0.0521,9.390000343322754,799.3809814453125,133.69046020507812,44.720001220703125,91.11334991455078,24.770000457763672,5615.350098
2024-07-15,308.6400146484375,85.08000183105469,212.15142822265625,4.869999885559082,100,177.44000244140625,78.77466583251953,26.950000762939453,21.055225372314453,128.4202,10.081331253051758,28.670000076293945,52.95000076293945,26.790000915527344,12.430000305175781,0.052,9.260000228881836,820.8406,132.9875946044922,44.31999969482422,85.98554229736328,24.420000076293945,5631.220215
2024-07-16,319.42999267578125,85.4,204.17880249023438,4.78,102.06999969482422,182.74000549316406,81.25071716308594,26.989999771118164,22.055967330932617,126.34048461914062,10.530499458312988,28.670000076293945,54.5,30.200000762939453,12.399999618530273,0.052,10.09000015258789,822.1375,133.46278381347656,47.06999969482422,85.66629791259766,24.989999771118164,5667.200195
2024-07-17,317.7799987792969,85.02999877929688,186.03111267089844,4.78,76.5,165.8300018310547,77.73631286621094,26.270000457763672,23.938552856445312,117.97177124023438,11.418852806091309,28.219999313354492,71.69999694824219,28.110000610351562,12.390000343322754,0.052,10.029999732971191,816.6004638671875,132.62132263183594,46.939998626708984,76.01923370361328,23.63,5588.27002
2024-07-18,305.6700134277344,84.85,186.6390380859375,4.78,75.75,161.49000549316406,78.65484619140625,26.440000534057617,23.998001098632812,121.0713,11.069500923156738,28.639999389648438,67.11000061035156,26.739999771118164,12.09000015258789,0.0521,9.31,815.0442,134.79917907714844,46.38999938964844,76.3684,22.59000015258789,5544.589844
2024-07-19,308.45001220703125,83.73,188.65211486816406,4.699999809265137,77.30999755859375,163.33999633789062,77.90604400634766,24.670000076293945,25.365354537963867,117.91178894042969,11.159334182739258,28.579999923706055,58.61000061035156,25.690000534057617,12.229999542236328,0.052,9.09,812.5699462890625,134.99716186523438,47.93000030517578,76.2886,20.969999313354492,5505
2024-07-22,316.76,85.08000183105469,189.76828002929688,4.920000076293945,78.87000274658203,166.75999450683594,80.12252044677734,23.989999771118164,25.404985427856445,123.52091979980469,10.99963092803955,28.459999084472656,60.099998474121094,26.299999237060547,12.399999618530273,0.0519,9.19,805.4966430664062,136.3731689453125,48.189998626708984,78.98219299316406,21.709999084472656,5564.410156
2024-07-23,319.54998779296875,85.11000061035156,189.2201690673828,4.78,75.77,170.49000549316406,82.27908325195312,23.309999465942383,21.64972496032715,122.5710678100586,11.498705863952637,28.809999465942383,79.30000305175781,25.520000457763672,12.069999694824219,0.0518,9.300000190734863,798.0740966796875,134.56158447265625,48.220001220703125,79.88005828857422,20.950000762939453,5555.740234
2024-07-24,313.1099853515625,82.62999725341797,174.4807891845703,4.820000171661377,73,162.89999389648438,79.46356201171875,22.290000915527344,20.460723876953125,114.23235321044922,10.919777870178223,26.600000381469727,123.95999908447266,25.170000076293945,11.359999656677246,0.0518,9.229999542236328,791.6091918945312,130.29498291015625,46.02000045776367,72.40782928466797,18.920000076293945,5427.129883
2024-07-25,310.80999755859375,82.4,169.84669494628906,4.710000038146973,71.75,160,82.20919036865234,21.079999923706055,20.153566360473633,112.26265716552734,10.590387344360352,26.63,83.83000183105469,27.450000762939453,11.5,0.0517,9.25,805.6661987304688,130.6514,46.720001220703125,70.21304321289062,18.34000015258789,5399.220215
2024-07-26,310.5899963378906,81.01000213623047,174.4409,4.78,71.97000122070312,173.11000061035156,82.54866027832031,21.219999313354492,19.985124588012695,113.04253387451172,11.199260711669922,27.18000030517578,78.69000244140625,27.56999969482422,11.619999885559082,0.0516,9.369999885559082,816.9297,130.24549865722656,47.369998931884766,70.9513,19.229999542236328,5459.100098
2024-07-29,309,81.70999908447266,172.0889892578125,4.760000228881836,71.91999816894531,172.0500030517578,82.7184,20.84000015258789,19.360898971557617,111.57276153564453,10.460627555847168,27.079999923706055,60.5,26.809999465942383,11.09000015258789,0.0515,9.569999694824219,815.0142,131.67098999023438,46.76,71.07099914550781,18.979999542236328,5463.540039
2024-07-30,304.7200012207031,82.37000274658203,168.11265563964844,4.710000038146973,71.58999633789062,162.6999969482422,93.66096496582031,20,19.24199867248535,103.71398162841797,10.58040714263916,26.37,12.050000190734863,27.010000228881836,10.789999961853027,0.0514,9.729999542236328,824.3921508789062,132.78961181640625,46.61000061035156,68.83631896972656,17.790000915527344,5436.439941
2024-07-31,300.01,81.12999725341797,189.15040588378906,4.760000228881836,72.73999786376953,178.24000549316406,95.54796600341797,21,19.559064865112305,117.00192260742188,10.500554084777832,26.889999389648438,12.5,28.860000610351562,10.930000305175781,0.0515,9.430000305175781,842.9186401367188,134.67111206054688,45.41999816894531,79.03207397460938,18.850000381469727,5522.299805
2024-08-01,299.6300048828125,79.77999877929688,176.96226501464844,4.630000114440918,70.02,174.02999877929688,94.71929168701172,16.280000686645508,18.55832290649414,109.1931381225586,9.841773986816406,26.079999923706055,12.350000381469727,26.540000915527344,10.430000305175781,0.0512,8.59,821.0799560546875,135.4874267578125,42.380001068115234,75.8596,16.43000030517578,5446.680176
2024-08-02,292.3599853515625,78.62999725341797,166.50816345214844,4.420000076293945,69.19000244140625,164.72999572753906,90.01677703857422,15.960000038146973,16.98289680480957,107.25342559814453,9.891681671142578,24.739999771118164,11.989999771118164,25.31999969482422,9.75,0.0505,7.949999809265137,780.9542846679688,129.9922637939453,40.189998626708984,72.2582,15.270000457763672,5346.560059
2024-08-05,286.1600036621094,80.72000122070312,169.38829040527344,4.329999923706055,67.22000122070312,162.24000549316406,86.6122,15.180000305175781,15.992061614990234,100.43448638916016,10.061367988586426,24.09000015258789,11.449999809265137,25.020000457763672,8.989999771118164,0.0509,7.599999904632568,754.2769775390625,127.28450775146484,37.880001068115234,70.0335,15.31,5186.330078
2024-08-06,295,79.52,180.42037963867188,3.8399999141693115,66.36000061035156,164.35000610351562,88.93849182128906,15.619999885559082,16.249679565429688,104.23390197753906,9.492422103881836,26.59000015258789,11.369999885559082,23.899999618530273,8.91,0.0509,7.489999771118164,771.1073608398438,131.02757263183594,38.79999923706055,74.21353149414062,14.329999923706055,5240.029785
2024-08-07,349.24,76.80999755859375,179.0451202392578,3.059999942779541,64.97000122070312,166.07000732421875,87.78032684326172,15,16.52711296081543,98.89472961425781,9.332716941833496,26.31999969482422,10.989999771118164,23.59000015258789,9.050000190734863,0.0509,7.159999847412109,771.1772,132.64028930664062,38.76,73.77457427978516,12.680000305175781,5199.5
2024-08-08,368.4599914550781,76.30000305175781,186.38987731933594,2.9600000381469727,66.47000122070312,177.2100067138672,91.81390380859375,15.890000343322754,16.863996505737305,104.95378875732422,9.362662315368652,29.280000686645508,11.149999618530273,22.87,9.5,0.0509,7.210000038146973,825.8388061523438,136.0946807861328,41.18000030517578,78.89241027832031,14.130000114440918,5319.310059
2024-08-09,365,76.48,189.2201690673828,3.0899999141693115,66.73999786376953,179.11000061035156,93.02303314208984,15.279999732971191,12.880843162536621,104.73382568359375,9.332716941833496,30.010000228881836,11.15999984741211,21.200000762939453,8.94,0.0509,7.150000095367432,820.6409912109375,135.0792694091797,41.459999084472656,78.45344543457031,12.649999618530273,5344.160156
2024-08-12,368.0299987792969,78.33000183105469,187.03660583496094,2.9700000286102295,66.73,176.44000244140625,92.76322937011719,14.600000381469727,13.980669021606445,109.00315856933594,9.392605781555176,29.38,10.760000228881836,21.440000534057617,8.69,0.0507,6.869999885559082,830.7572631835938,136.9707,40.41999816894531,77.77506256103516,11.970000267028809,5344.390137
2024-08-13,368.9700012207031,79.16000366210938,189.11334228515625,3.319999933242798,67.80999755859375,179.64999389648438,93.8524,14.84000015258789,12.979927062988281,116.12206268310547,10.260997772216797,30.389999389648438,10.949999809265137,21.88,8.899999618530273,0.0506,6.97,817.6580200195312,135.98516845703125,40.91999816894531,80.2592,12.600000381469727,5434.430176
2024-08-14,370.57000732421875,79.66000366210938,185.8584442138672,3.309999942779541,68.36000061035156,184.16000366210938,93.81246948242188,13.920000076293945,13.83204460144043,118.0618,10.031423568725586,31,10.75,22.37,8.859999656677246,0.0507,6.789999961853027,817.3787,139.52914428710938,40.24,79.06200408935547,11.550000190734863,5455.209961
2024-08-15,373.69000244140625,82.30000305175781,190.09181213378906,3.190000057220459,75.33000183105469,188.82000732421875,95.5113,14.270000457763672,13.376260757446289,122.84103393554688,10.360814094543457,31.219999313354492,11.350000381469727,24.56999969482422,9.630000114440918,0.0509,7.059999942779541,826.8763427734375,142.18711853027344,42.65999984741211,81.25678253173828,13.229999542236328,5543.220215
2024-08-16,373.69000244140625,80.69000244140625,189.6824493408203,3.259999990463257,76.95999908447266,184.05999755859375,95.7511,14.300000190734863,12.93038558959961,124.56076049804688,11.019593238830566,32.08000183105469,12.619999885559082,25.290000915527344,9.869999885559082,0.0508,7.110000133514404,819.5635375976562,141.8188018798828,42.06999969482422,79.1618,12.180000305175781,5554.25
2024-08-19,373.07000732421875,79.76000213623047,192.47805786132812,3.2100000381469727,78.12000274658203,185.39999389648438,96.3007,14.880000114440918,12.97001838684082,129.97991943359375,11.189278602600098,32.5,12.260000228881836,27.530000686645508,10.260000228881836,0.0506,7.170000076293945,840.3247,143.83966064453125,42.349998474121094,80.54846954345703,12.640000343322754,5608.25
2024-08-20,373.04998779296875,81.04000091552734,190.42129516601562,3.200000047683716,77.30999755859375,184,95.56121063232422,14.920000076293945,12.712401390075684,127.2303466796875,10.949723243713379,32.31999969482422,12.399999618530273,26.63,10.34000015258789,0.0504,7.199999809265137,815.5928955078125,140.96266174316406,41.76,79.45108032226562,13.170000076293945,5597.120117
2024-08-21,375.1000061035156,79.68000030517578,196.43186950683594,3.0999999046325684,80.66999816894531,184.25999450683594,96.19075775146484,15.15999984741211,12.93038558959961,128.48016357421875,11.069500923156738,32.540000915527344,13.510000228881836,26.850000381469727,11.380000114440918,0.0502,7.380000114440918,823.4244384765625,141.66946411132812,41.99,82.0848,13.510000228881836,5620.850098
2024-08-22,372.69000244140625,77.66000366210938,194.6446533203125,3.0899999141693115,80.44000244140625,186,96.48055267333984,15.15999984741211,12.692584991455078,123.72089385986328,10.39075756072998,31.920000076293945,14,25.049999237060547,10.720000267028809,0.0504,7.110000133514404,827.9837036132812,142.20704650878906,41.439998626708984,83.10240173339844,12.829999923706055,5570.640137
2024-08-23,370.70001220703125,77.19999694824219,194.68460083007812,3.3499999046325684,82.45999908447266,183.2899932861328,97.01016998291016,14.399999618530273,12.781759262084961,129.3500213623047,11.269131660461426,31.780000686645508,13.899999618530273,28.770000457763672,10.779999732971191,0.0501,7.420000076293945,856.9955444335938,143.4812774658203,43.31999969482422,85.56653594970703,13.819999694824219,5634.609863
2024-08-26,360.49,76.05000305175781,194.5847625732422,3.5199999809265137,83.69000244140625,182.1300048828125,96.57048797607422,14.050000190734863,13.029468536376953,126.44046783447266,11.129389762878418,30.850000381469727,14.760000228881836,26.13,10.779999732971191,0.0498,7.309999942779541,859.9585,144.81524658203125,42.779998779296875,84.67864227294922,13.34000015258789,5616.839844
2024-08-27,363.42999267578125,77.22000122070312,195.83279418945312,3.799999952316284,82.52,185.5500030517578,96.88025665283203,13.800000190734863,12.781759262084961,128.2801971435547,10.620333671569824,30.84000015258789,14.859999656677246,25.690000534057617,10.569999694824219,0.0498,7.119999885559082,856.3071,144.47677612304688,42.13999938964844,84.38932800292969,12.25,5625.799805
2024-08-28,362.45001220703125,79.02,193.46652221679688,3.5999999046325684,78.94000244140625,184,96.45056915283203,13.510000228881836,11.989092826843262,125.59060668945312,10.600369453430176,30.360000610351562,14.069999694824219,25.690000534057617,10.199999809265137,0.0496,6.849999904632568,870.9627075195312,143.6405487060547,41.33000183105469,82.30429077148438,10.34000015258789,5592.180176
2024-08-29,362,81.43000030517578,194.13546752929688,3.7100000381469727,78.23999786376953,191.36000061035156,96.89025115966797,14.039999961853027,12.266526222229004,117.57183837890625,10.799999237060547,31,13.449999809265137,24.90999984741211,11.029999732971191,0.0498,7.099999904632568,868.7279663085938,145.6315460205078,42.63999938964844,84.46914672851562,10.630000114440918,5591.959961
2024-08-30,364.9700012207031,79.55000305175781,196.3919219970703,3.7699999809265137,75.43000030517578,201,96.5905,14.279999732971191,12.207076072692871,119.35157012939453,10.819963455200195,31.479999542236328,13.81,24.329999923706055,10.649999618530273,0.0498,7.170000076293945,866.8523559570312,146.23880004882812,44.040000915527344,85.22734069824219,9.75,5648.399902
2024-09-03,355.1600036621094,78.65,177.50155639648438,3.450000047683716,76.27999877929688,192.5500030517578,92.95308685302734,13.619999885559082,11.572942733764648,107.98332214355469,10.49057388305664,30.510000228881836,13.289999961853027,22.06999969482422,9.800000190734863,0.0497,7.380000114440918,814.2249755859375,149.2053985595703,43.869998931884766,75.5603,9.109999656677246,5528.930176
2024-09-04,355.3500061035156,79.94000244140625,177.24197387695312,3.299999952316284,74.54000091552734,199.6300048828125,94.28213500976562,13.619999885559082,11.444134712219238,106.19359588623047,10.410720825195312,30.59000015258789,12.869999885559082,21.719999313354492,9.75,0.0496,7.440000057220459,802.9563,146.4876708984375,44.16999816894531,76.49810028076172,9.5,5520.069824
2024-09-05,354.8599853515625,78.80000305175781,175.7942352294922,3.4200000762939453,76.05000305175781,198.44000244140625,94.1422,12.619999885559082,11.503583908081055,107.19344329833984,10.300923347473145,30.15999984741211,13.710000038146973,20.65999984741211,9.670000076293945,0.0494,7.670000076293945,791.9373168945312,149.1058349609375,45.119998931884766,75.65011596679688,8.800000190734863,5503.410156
2024-09-06,354.6199951171875,73.75,172.8389,3.359999895095825,79.16999816894531,198.3300018310547,91.37422943115234,11.550000190734863,10.958625793457031,102.81411743164062,10.800484657287598,30.329999923706055,14.300000190734863,19.489999771118164,9.239999771118164,0.0493,7.510000228881836,797.7115478515625,146.0894775390625,46.01,73.52516174316406,8.229999542236328,5408.419922
2024-09-09,364.3900146484375,72.69999694824219,174.64602661132812,3.3399999141693115,84.06999969482422,201.80999755859375,93.62261199951172,11.149999618530273,10.096599578857422,106.45355987548828,10.650615692138672,34.599998474121094,14.880000114440918,17.940000534057617,9.399999618530273,0.0489,7.190000057220459,790.7285766601562,143.28216552734375,48.75,74.77220153808594,7.590000152587891,5471.049805
2024-09-10,359.3500061035156,72.69000244140625,179.96768188476562,3.359999895095825,83.97000122070312,202.00999450683594,93.08300018310547,10.800000190734863,9.660633087158203,108.08330535888672,9.811355590820312,34.76,15.199999809265137,17.850000381469727,9.41,0.0485,7.25,786.8624267578125,143.53103637695312,48.41999816894531,75.89952087402344,7.630000114440918,5495.52002
2024-09-11,361.7099914550781,71.05999755859375,186.95672607421875,3.430000066757202,89.58000183105469,209.14999389648438,94.0223,10.84000015258789,10.592016220092773,116.8919448852539,9.991196632385254,34.849998474121094,15.479999542236328,19.360000610351562,10.609999656677246,0.0489,7.300000190734863,788.4608154296875,144.06861877441406,48.470001220703125,79.87007904052734,8.149999618530273,5554.129883
2024-09-12,384.51,71.83999633789062,189.6325225830078,3.4100000858306885,92.52999877929688,215.27000427246094,94.16222381591797,10.569999694824219,10.81,119.13179016113281,10.24097728729248,34.90999984741211,14.949999809265137,18.149999618530273,10.220000267028809,0.0485,7.619999885559082,793.8953857421875,146.0596160888672,49.650001525878906,80.27910614013672,8.050000190734863,5595.759766
2024-09-13,379.6099853515625,69.19000244140625,195.6730499267578,3.5399999618530273,96.55999755859375,225.58999633789062,95.21146392822266,10.90999984741211,11.770000457763672,119.09178924560547,10.590669631958008,35.59000015258789,14.699999809265137,19.700000762939453,10.300000190734863,0.0478,8.09,808.1810302734375,147.5229949951172,50.220001220703125,85.34706115722656,8.720000267028809,5626.02002
2024-09-16,385.7699890136719,70.61000061035156,198.93792724609375,3.5,98.91999816894531,229.92999267578125,95.07156372070312,11.420000076293945,12.15999984741211,116.7719497680664,11.409947395324707,36.310001373291016,13.75,21.950000762939453,10.739999771118164,0.0475,8.16,837.7714233398438,149.9121856689453,51.34000015258789,89.18792724609375,8.239999771118164,5633.089844
2024-09-17,382.57000732421875,71.97000122070312,200.91482543945312,3.640000104904175,101.76000213623047,237.14999389648438,94.52195739746094,11.84000015258789,11.289999961853027,115.582,11.989436149597168,36.45000076293945,14.539999961853027,22.520000457763672,11.239999771118164,0.0475,9.109999656677246,872.6365356445312,151.3357696533203,52.63999938964844,90.93377685546875,8.600000381469727,5634.580078
2024-09-18,383.01,71.61000061035156,200.0162353515625,3.640000104904175,100.19999694824219,235.6699981689453,94.61189270019531,11.609999656677246,10.630000114440918,113.36219024658203,11.909506797790527,36.380001068115234,14.649999618530273,21.690000534057617,11.069999694824219,0.0465,9.09,880.9182739257812,151.5050048828125,52.959999084472656,90.97367858886719,8.34,5618.259766
2024-09-19,389.74,72.75,208.17344665527344,3.640000104904175,97.98,244.4499969482422,97.35991668701172,13.350000381469727,10.600000381469727,117.86187744140625,11.97944450378418,36.83000183105469,14.869999885559082,21.200000762939453,11.34000015258789,0.0461,9.180000305175781,914.7444,151.52491760253906,52.59000015258789,92.52,8.81,5713.640137
2024-09-20,393.2900085449219,73.69999694824219,254.5806427001953,3.390000104904175,95.41000366210938,245.4600067138672,97.37989807128906,12.380000114440918,9.489999771118164,115.99200439453125,11.42992877960205,37.20000076293945,15.079999923706055,20.37,11.40999984741211,0.0456,8.75,935.3438110351562,152.14212036132812,52.16999816894531,107.87999725341797,8.100000381469727,5702.549805
2024-09-23,393.94000244140625,73.65,256.7173,3.2699999809265137,96.30999755859375,251.52999877929688,98.55905151367188,12.34000015258789,9.899999618530273,116.25199127197266,11.18014907836914,37.95000076293945,15.529999732971191,20.639999389648438,11.880000114440918,0.0453,8.670000076293945,951.1779174804688,154.8299560546875,52.36000061035156,111.62999725341797,8.130000114440918,5718.569824
2024-09-24,393.6600036621094,74.87999725341797,253.09298706054688,3.3499999046325684,93.98999786376953,255.47999572753906,99.2486,13.100000381469727,9.994999885559082,120.8616714477539,10.920378684997559,36.900001525878906,15.720000267028809,21.25,12.489999771118164,0.045,8.819999694824219,939.6594,155.7557830810547,53.630001068115234,112.4000015258789,8.199999809265137,5732.930176
2024-09-25,395.26,74.48999786376953,262.4482727050781,3.3299999237060547,91.04000091552734,255.0500030517578,99.64826965332031,12.470000267028809,9.550000190734863,123.50149536132812,10.650615692138672,37.119998931884766,15.100000381469727,20.170000076293945,11.84000015258789,0.0451,8.470000267028809,926.8023071289062,154.84986877441406,54.11000061035156,119.08000183105469,7.889999866485596,5722.259766
2024-09-26,393.25,73.9,256.3678283691406,3.490000009536743,94.98,251.22000122070312,99.22857666015625,13.779999732971191,8.979999542236328,124.03145599365234,11.409947395324707,37.099998474121094,15.199999809265137,21.610000610351562,12.710000038146973,0.045,8.41,873.0261840820312,145.65145874023438,58.849998474121094,114.16000366210938,9.210000038146973,5745.370117
2024-09-27,395.3399963378906,75.16999816894531,256.59747314453125,3.569999933242798,92.58999633789062,249.86000061035156,99.13863372802734,14.390000343322754,9.770000457763672,121.39163970947266,11.449912071228027,36.84000015258789,15.729999542236328,23.12,12.640000343322754,0.045,8.460000038146973,886.1929931640625,146.13925170898438,57.99,117.72000122070312,10.180000305175781,5738.169922
2024-09-30,399.6000061035156,73.45999908447266,259.61273193359375,3.6500000953674316,88.35,254.97999572753906,100.17788696289062,13.699999809265137,9.09,121.43163299560547,11.220113754272461,37.20000076293945,15.770000457763672,22.90999984741211,12.359999656677246,0.0452,9.180000305175781,883.8552856445312,147.34381103515625,57.060001373291016,118.54000091552734,9.699999809265137,5762.47998
2024-10-01,399.2200012207031,71.6,265.1939697265625,3.509999990463257,89.52999877929688,256.5299987792969,100.84740447998047,13.44,9.680000305175781,116.99193572998047,10.770509719848633,36.459999084472656,14.640000343322754,22.020000457763672,13.199999809265137,0.045,8.859999656677246,913.4258,149.90223693847656,56.130001068115234,122.55000305175781,8.890000343322754,5708.75
2024-10-02,404.51,71.98,264.9644,3.4200000762939453,89.05999755859375,252.2899932861328,101.2171401977539,13.279999732971191,8.94,118.84181213378906,10.83045768737793,37.49,14.350000381469727,21.639999389648438,13.130000114440918,0.0448,8.729999542236328,929.0801,152.55027770996094,55.74,125.37000274658203,9.149999618530273,5709.540039
2024-10-03,415.04998779296875,71.77,276.9355773925781,3.359999895095825,89.75,254.67999267578125,100.67752838134766,12.390000343322754,9.029999732971191,122.84153747558594,10.87042236328125,39.24,13.949999809265137,20.260000228881836,12.949999809265137,0.0448,8.680000305175781,969.4896240234375,154.8000946044922,55.619998931884766,132.4499969482422,8.609999656677246,5699.939941
2024-10-04,421.79998779296875,73.55999755859375,285.0727844238281,3.430000066757202,94.27,265.5899963378906,101.95660400390625,12.930000305175781,10.09000015258789,124.91139221191406,10.89040470123291,40.01,13.979999542236328,20.13,13.069999694824219,0.0453,9.039999961853027,980.3887,157.3087615966797,59.220001220703125,138.41000366210938,9.479999542236328,5751.069824
2024-10-07,420.8299865722656,73.9,278.12371826171875,3.3399999141693115,91.80000305175781,262.5400085449219,102.75603485107422,12.329999923706055,9.390000343322754,127.7112045288086,10.760519981384277,38.88999938964844,13.670000076293945,20.420000076293945,13.619999885559082,0.0455,8.640000343322754,984.5845336914062,157.3684844970703,59.18000030517578,131.27000427246094,9.609999656677246,5695.939941
2024-10-08,426.99,77.62000274658203,278.9524230957031,3.259999990463257,92.06999969482422,264.2699890136719,102.9159164428711,12.239999771118164,8.930000305175781,132.88084411621094,10.800484657287598,41.45000076293945,14.770000457763672,18.559999465942383,13.199999809265137,0.0453,8.710000038146973,969.8892211914062,157.57752990722656,60.01,127.95999908447266,9.510000228881836,5751.129883
2024-10-09,432.1400146484375,78.05000305175781,261.86920166015625,3.190000057220459,91.43000030517578,266.6000061035156,103.62540435791016,12.069999694824219,9.029999732971191,132.64085388183594,10.990316390991211,43.130001068115234,14.760000228881836,19,13.869999885559082,0.0454,9.220000267028809,979.1699,162.66453552246094,59.43000030517578,124.18000030517578,9.979999542236328,5792.040039
2024-10-10,428.76,80.93000030517578,261.8992,3.119999885559082,91.52999877929688,264.6199951171875,102.02655792236328,12.289999961853027,9.300000190734863,134.8007049560547,10.940360069274902,43.52000045776367,14.970000267028809,18.18000030517578,13.579999923706055,0.0454,9.489999771118164,1001.1978759765625,161.7884979248047,60.26,124.11000061035156,9.5,5780.049805
2024-10-11,434.9800109863281,77.18000030517578,265.80303955078125,3.140000104904175,93.4,266.8900146484375,103.74532318115234,12.890000343322754,9.359999656677246,134.79071044921875,11.76962947845459,43.51,15.59000015258789,19.459999084472656,13.520000457763672,0.0453,9.199999809265137,1057.3616943359375,165.0139,61.79999923706055,125.29000091552734,11.479999542236328,5815.029785
2024-10-15,434.1199951171875,76.58000183105469,265.7332,2.9000000953674316,93.6,266.3599853515625,103.83525848388672,12.170000076293945,9.16,131.5909423828125,11.829577445983887,42.43000030517578,15.34000015258789,18.190000534057617,13.029999732971191,0.0452,9.510000228881836,1035.6334228515625,161.14141845703125,64.05000305175781,128.2899932861328,13.800000190734863,5815.259766
2024-10-16,433.8299865722656,79.4,279.36175537109375,3.009999990463257,95.75,274.7699890136719,105.23424530029297,12.130000114440918,9.489999771118164,135.7106475830078,12.379093170166016,41.93000030517578,15.40999984741211,18.56999969482422,13.770000457763672,0.0451,9.779999732971191,1046.9121,161.89801025390625,72.02,135.69000244140625,15.899999618530273,5842.470215
2024-10-17,434.4800109863281,79.04000091552734,270.7752380371094,3.0799999237060547,95.05000305175781,272,106.13359832763672,12.880000114440918,9.130000114440918,136.92056274414062,12.369101524353027,42,15.420000076293945,17.93000030517578,13.569999694824219,0.0454,9.510000228881836,1064.9541,161.19119262695312,73.33000183105469,127.2699966430664,16.209999084472656,5841.470215
2024-10-18,438.04998779296875,77.45999908447266,269.73687744140625,3.2200000286102295,94.91000366210938,272.7200012207031,105.4640884399414,12.789999961853027,9.16,137.99049377441406,12.169278144836426,42.970001220703125,15.399999618530273,17.309999465942383,14.029999732971191,0.0453,9.84,1057.4715576171875,162.01747131347656,74.15,131.16000366210938,16.010000228881836,5864.669922
2024-10-21,443.9800109863281,74.25,273.2912902832031,3.1700000762939453,91.65,276.42999267578125,106.24352264404297,13.19,8.920000076293945,143.70010375976562,11.679708480834961,42.70000076293945,15.430000305175781,17.010000228881836,13.40999984741211,0.0451,9.300000190734863,1073.4954833984375,160.98214721679688,74,130.3800048828125,15.390000343322754,5853.97998
2024-10-22,449.6099853515625,74.22000122070312,265.5833740234375,3.2699999809265137,89.97000122070312,276.4200134277344,102.57616424560547,13,8.579999923706055,143.58010864257812,11.76962947845459,42.939998626708984,15.25,17.579999923706055,14.59000015258789,0.0451,9.010000228881836,1090.6383056640625,164.3767852783203,74.48999786376953,125.04000091552734,15.40999984741211,5851.200195
2024-10-23,442.69000244140625,74.44999694824219,265.6333,3.549999952316284,88.44000244140625,279.8800048828125,102.75603485107422,12.569999694824219,8.319999694824219,139.55038452148438,11.799604415893555,42.59000015258789,15.050000190734863,14.944999694824219,14.210000038146973,0.0452,8.680000305175781,1083.1758,165.0935516357422,73.44999694824219,126.11000061035156,14.819999694824219,5797.419922
2024-10-24,443.1199951171875,73.05999755859375,264.0857238769531,3.630000114440918,89.08999633789062,297,100.54762268066406,12.510000228881836,8.869999885559082,140.40032958984375,11.489876747131348,43.560001373291016,14.880000114440918,15.255000114440918,14.609999656677246,0.045,8.600000381469727,1088.880126953125,167.8113,74.51000213623047,125.58000183105469,15,5809.859863
2024-10-25,444.5199890136719,74.29000091552734,263.9958801269531,3.5199999809265137,87.37000274658203,293.5400085449219,101.31707000732422,12.670000076293945,8.640000343322754,141.53024291992188,10.5407,44.86000061035156,15.09000015258789,16.110000610351562,14.19,0.0452,8.569999694824219,1096.9121,165.21302795410156,74.63999938964844,124.02999877929688,14.859999656677246,5808.120117
2024-10-28,444.7699890136719,76.04000091552734,266.5618591308594,3.859999895095825,91.1,289.2300109863281,102.30635070800781,13.020000457763672,8.539999961853027,140.51031494140625,10.600659370422363,44.970001220703125,15.5,17.459999084472656,14.859999656677246,0.0449,9.180000305175781,1089.2198486328125,163.9785919189453,76.08999633789062,127.77999877929688,15.34000015258789,5823.52002
2024-10-29,444,74.95999908447266,264.585,3.9200000762939453,90.54000091552734,298.7699890136719,100.01799774169922,13.270000457763672,8.539999961853027,141.24026489257812,10.270950317382812,44.93000030517578,15.34000015258789,16.770000457763672,14.600000381469727,0.0449,8.920000076293945,1107.791259765625,163.6699981689453,76.93000030517578,126.66000366210938,15.449999809265137,5832.919922
2024-10-30,439,74.37999725341797,261.3699951171875,3.9600000381469727,93.08000183105469,297.6000061035156,101.06724548339844,12.420000076293945,8.649999618530273,139.3303985595703,10.390844345092773,43.689998626708984,15.069999694824219,16.889999389648438,14.149999618530273,0.0447,8.859999656677246,1152.4764404296875,165.8800048828125,80.41999816894531,124.11000061035156,15.050000190734863,5813.669922
2024-10-31,423.5,76.05000305175781,262.5481262207031,3.869999885559082,94.79000091552734,301.6600036621094,99.64826965332031,13.609999656677246,8.41,132.7508544921875,10.111091613769531,41.560001373291016,15.220000267028809,17.059999465942383,13.579999923706055,0.0444,9,1164.8341064453125,166.9600067138672,78.26000213623047,124.95999908447266,13.31,5705.450195
2024-11-01,425.8399963378906,71.41999816894531,257.6957702636719,3.880000114440918,95.93000030517578,301.0899963378906,99.95804595947266,15.569999694824219,8,135.3906707763672,10.380853652954102,41.91999816894531,15.25,17.690000534057617,13.770000457763672,0.0441,9.210000038146973,1171.447509765625,165.27000427246094,80.45999908447266,119.51000213623047,13.350000381469727,5728.799805
2024-11-04,431.57000732421875,71.12000274658203,225.59609985351562,4.400000095367432,95,295.4599914550781,99.76818084716797,14.569999694824219,8.300000190734863,136.04063415527344,10.400835990905762,41.40999984741211,15.210000038146973,18.299999237060547,13.819999694824219,0.0444,8.869999885559082,1206.3724365234375,169.1999969482422,77.25,115.73999786376953,12.930000305175781,5712.689941
2024-11-05,441.0899963378906,72.55000305175781,233.38389587402344,4.579999923706055,93.69000244140625,315.7699890136719,102.08651733398438,15.229999542236328,8.91,139.90036010742188,10.520730018615723,51.130001068115234,15.390000343322754,18.87,13.329999923706055,0.0443,9.149999618530273,1241.906982421875,177.39999389648438,80.02999877929688,121.9000015258789,12.869999885559082,5782.759766
2024-11-06,459.5199890136719,73.16000366210938,234.62196350097656,3.869999885559082,84.41999816894531,336.29998779296875,114.77738189697266,15.44,9.59,145.59996032714844,11.649735450744629,55.529998779296875,15.25,14.675000190734863,13.229999542236328,0.0444,9.44,1328.2905,186.0399932861328,87.58000183105469,126.08999633789062,13.710000038146973,5929.040039
2024-11-07,468.75,73.1,241.21160888671875,4.25,91.52,336.7799987792969,111.13999938964844,16.510000228881836,9.460000038146973,148.8697509765625,11.030281066894531,55.880001068115234,15.649999618530273,14.880000114440918,12.979999542236328,0.0443,9.510000228881836,1333.974853515625,187.7899932861328,85.43000030517578,135.72999572753906,8.329999923706055,5973.100098
2024-11-08,603.1799926757812,75.08000183105469,238.99508666992188,4.130000114440918,86.27999877929688,341.17999267578125,113.6500015258789,16.450000762939453,9.039999961853027,147.6198272705078,11.030281066894531,58.38999938964844,16.049999237060547,13.529999732971191,12.680000305175781,0.0443,9.229999542236328,1372.6861572265625,192.27999877929688,87.51000213623047,141.89999389648438,10.029999732971191,5995.540039
2024-11-12,595.1799926757812,75.52999877929688,228.3418,4.440000057220459,83.26000213623047,323.7099914550781,113.58000183105469,16.93000030517578,9.390000343322754,148.27976989746094,11.27007007598877,59.849998474121094,16.219999313354492,12.239999771118164,13.59000015258789,0.0443,9.699999809265137,1405.3533935546875,194.30999755859375,89.12999725341797,142.16000366210938,8.359999656677246,5983.990234
2024-11-13,601.2899780273438,74.91999816894531,225.60609436035156,4.550000190734863,84.51000213623047,333.26,115.7699966430664,17.309999465942383,8.960000038146973,146.25991821289062,10.97033405303955,60.70000076293945,15.260000228881836,12.100000381469727,14.44,0.044,9.569999694824219,1365.0537,193,89.77999877929688,142.1199951171875,8.069999694824219,5985.379883
2024-11-14,604.5599975585938,75.62999725341797,225.02700805664062,5.099999904632568,88.05000305175781,326.0400085449219,113.22000122070312,15.489999771118164,9.180000305175781,146.7498779296875,10.800484657287598,59.18000030517578,15.229999542236328,12.829999923706055,13.149999618530273,0.0441,8.960000038146973,1359.8389,191.57000732421875,91.16000366210938,138.4600067138672,7.599999904632568,5949.169922
2024-11-15,599.3499755859375,73.87000274658203,224.27999877929688,5.440000057220459,87.02,329.76,112.01000213623047,14.989999771118164,8.56,141.9702,10.650615692138672,65.77,15.399999618530273,10.640000343322754,12.94,0.0441,9.210000038146973,1358.5801,196.0399932861328,91.16999816894531,142.14999389648438,6.699999809265137,5870.620117
2024-11-18,600,71.83000183105469,230.27999877929688,5.550000190734863,86.65,325.3699951171875,113.16999816894531,16.81999969482422,8.899999618530273,140.1403350830078,10.880414009094238,61.26,15.5,10.850000381469727,13.510000228881836,0.0442,9.050000190734863,1397.351318359375,199,90.37999725341797,146.6300048828125,7.019999980926514,5893.620117
2024-11-19,610.2000122070312,71.88999938964844,234.5800018310547,5.150000095367432,84.56999969482422,340,116,16.760000228881836,9.09,146.99986267089844,10.880414009094238,62.97999954223633,15.899999618530273,10.46500015258789,13.880000114440918,0.0441,8.930000305175781,1418.71,203.57000732421875,94.26000213623047,154.86000061035156,6.440000057220459,5916.97998
2024-11-20,609.8200073242188,72.27999877929688,235.4199981689453,5.300000190734863,83.1,342.7699890136719,118.0999984741211,16.920000076293945,9.180000305175781,145.87994384765625,10.750528335571289,62.119998931884766,15.989999771118164,10.869999885559082,14.460000038146973,0.0442,9,1449.2493896484375,202.83999633789062,94.62999725341797,154.6300048828125,6.440000057220459,5917.109863
2024-11-21,631.27,72.55999755859375,251.83999633789062,5.349999904632568,83.48999786376953,339.8500061035156,116.9800033569336,17.290000915527344,9.510000228881836,146.65989685058594,10.770509719848633,61.36000061035156,16.639999389648438,10.729999542236328,14.649999618530273,0.0443,10.399999618530273,1514.0146,207.69000244140625,94.4,166.61000061035156,6.440000057220459,5948.709961
2024-11-22,636.9500122070312,71.04000091552734,249.88999938964844,4.489999771118164,86.91999816894531,349.1600036621094,118.44000244140625,17.969999313354492,9.75,141.94021606445312,11.68970012664795,64.35,17.040000915527344,11.880000114440918,13.949999809265137,0.0443,10.619999885559082,1728.2701416015625,207.30999755859375,95.23999786376953,161.9199981689453,8.44,5969.339844
2024-11-25,619,73.30000305175781,248.92999267578125,4.889999866485596,91.61000061035156,328.9800109863281,115.83999633789062,18.5,9.710000038146973,136.01063537597656,12.269189834594727,64.65,17.459999084472656,13.770000457763672,14.25,0.0442,12.020000457763672,1612.3861083984375,201.05999755859375,96.83000183105469,154.13999938964844,9.94,5987.370117
2024-11-26,632.1599731445312,73.30999755859375,266.7300109863281,4.760000228881836,88.9,338.8900146484375,117.18000030517578,17.920000076293945,10.039999961853027,136.9105682373047,11.799604415893555,65.73999786376953,17.989999771118164,13.69,13.699999809265137,0.044,11.369999885559082,1570.1983642578125,203.41000366210938,96.51000213623047,162.66000366210938,8.869999885559082,6021.629883
2024-11-27,634.9600219726562,72.80999755859375,253.38999938964844,4.829999923706055,93.01000213623047,335.3299865722656,116.69999694824219,18.030000686645508,10.479999542236328,135.33067321777344,11.919498443603516,66.05000305175781,16.780000686645508,14.859999656677246,13.890000343322754,0.044,11.430000305175781,1635.0533447265625,201.38999938964844,96.35,154.52000427246094,8.920000076293945,5998.740234
2024-11-29,646.9600219726562,74.23,256.55999755859375,4.690000057220459,92.69999694824219,334.1199951171875,118.37999725341797,18.049999237060547,10.670000076293945,138.2405,11.959463119506836,67.08000183105469,16.639999389648438,15.800000190734863,13.760000228881836,0.0439,11.979999542236328,1598.489990234375,204.3000030517578,96.83000183105469,159.83999633789062,9.579999923706055,6032.379883
2024-12-02,636.3900146484375,75.16999816894531,249.5800018310547,4.72,99.19999694824219,337.5400085449219,117.69000244140625,17.389999389648438,10.319999694824219,138.62045288085938,11.93947982788086,66.38999938964844,17.31999969482422,15.890000343322754,13.449999809265137,0.0438,11.5,1500.3499755859375,194.5399932861328,97.44000244140625,154.11000061035156,11.100000381469727,6047.149902
2024-12-03,669.8699951171875,73.01000213623047,247.50999450683594,4.539999961853027,103.19999694824219,331.9200134277344,119.11000061035156,17.540000915527344,10.550000190734863,140.25033569335938,11.80959415435791,70.95999908447266,17.149999618530273,14.65999984741211,13.170000076293945,0.0436,10.949999809265137,1569.9300537109375,197.1300048828125,95.79000091552734,154.16000366210938,10.5,6049.879883
2024-12-04,687.3900146484375,72.80999755859375,254.1999969482422,4.579999923706055,104.97000122070312,343.75,120.08999633789062,17.079999923706055,11.350000381469727,145.1300048828125,11.749648094177246,69.85,17.440000534057617,14.06,12.65999984741211,0.0435,11.020000457763672,1387.9200439453125,195.4499969482422,99.25,161.30999755859375,10.029999732971191,6086.490234
2024-12-05,689.78,72.83000183105469,256.0899963378906,4.710000038146973,115.97000122070312,348.1300048828125,120.06999969482422,17.100000381469727,11.960000038146973,145.05999755859375,11.34999942779541,71.87000274658203,17.100000381469727,12.59000015258789,12.09000015258789,0.0434,10.789999961853027,1346.6400146484375,198.3300018310547,102.44000244140625,160.8800048828125,9.300000190734863,6075.109863
2024-12-06,687.6900024414062,73.08999633789062,253.6300048828125,4.610000133514404,112.7300033569336,346.51,118.30999755859375,17,12.40999984741211,142.44000244140625,11.430000305175781,76.33999633789062,17.389999389648438,12.779999732971191,11.84000015258789,0.0431,11,1338.4399,194.33999633789062,100.27999877929688,159.97999572753906,9.449999809265137,6090.27002
2024-12-09,642.5900268554688,72.94000244140625,239.85000610351562,4.699999809265137,111.93000030517578,335.25,113.75,17.510000228881836,13.010000228881836,138.80999755859375,11.149999618530273,72.45999908447266,16.15999984741211,14.279999732971191,12.31,0.043,10.69,1327.04,186.92999267578125,96.02,148.30999755859375,10.069999694824219,6052.850098
