date,TBIL,AMZN,INTC,JNJ,JPM,KO,META,NFLX,PG,TSLA,XOM
13/12/23,0.0524,145.2400055,46.27030945,157.4385376,169.2897491,57.90158463,350.6106873,474.0599976,143.8390656,237.4900055,100.0601273
14/12/23,0.0523,149.1000061,47.8096962,157.829361,169.0440674,58.32855225,357.295166,485.0299988,145.0782166,240.4499969,98.39295197
15/12/23,0.0524,151.3699951,47.41497803,157.9270782,167.7075958,58.22180939,356.0698242,482.0899963,145.6734009,234.9600067,97.17424774
18/12/23,0.0526,153.7299957,46.84264755,158.1615753,168.0613861,58.41588974,369.0602417,478.3299866,146.2978516,233.9400024,96.21878815
19/12/23,0.0523,155.1799927,47.01039505,157.4580536,167.3538208,58.03744125,368.2632751,492.230011,146.8540039,227.2200012,96.19928741
20/12/23,0.0524,154.6199951,46.49726486,158.6696625,166.1254578,58.60025406,373.0649109,492.1600037,146.9418182,218.8899994,97.44723511
21/12/23,0.0522,153.1600037,46.43806839,156.8424988,165.083786,58.21210861,366.061676,481.2399902,146.1514893,219.9100037,95.24383545
22/12/23,0.0524,151.7100067,45.45127869,156.7545624,164.1993561,58.21210861,366.9682007,480.3299866,146.2978516,215.5500031,94.55161285
26/12/23,0.0525,153.5,46.12229156,157.5167084,164.5236511,58.37706757,374.6986694,485.3099976,145.4544373,211.8800049,94.37612152
27/12/23,0.0524,155.3399963,47.51365662,157.9759369,167.3636475,58.05685425,381.9908142,482.9500122,144.8947754,212.1900024,94.52235413
28/12/23,0.0525,154.7799988,47.58273315,158.7478485,167.1671143,57.8045578,380.3271484,485.7099915,145.1795044,208.8000031,94.39561462
29/12/23,0.052,156.0200043,48.24387741,156.1487732,166.0664978,58.0762558,383.7341919,492.1900024,151.1885376,209.1399994,95.45832062
02/01/24,0.0522,156.8699951,48.44123459,155.3182526,167.5503693,57.16411591,389.2132263,544.8699951,149.3622742,207.8300018,97.10600281
03/01/24,0.0524,157.75,48.89515686,155.9044952,169.9481506,57.40670776,391.6837769,562,152.7988129,182.6300049,99.57264709
04/01/24,0.0524,159.1199951,43.07312775,155.8458862,169.2995758,57.61048126,392.6401672,570.4199829,153.3094025,183.25,100.4208603
05/01/24,0.0524,161.2599945,43.2606163,155.7090759,169.7417755,57.95981216,399.4939575,575.789978,153.3290253,190.9299927,100.5476074
08/01/24,0.0525,159,42.35277557,155.1325989,173.2205353,58.12477875,398.5375977,562.8499756,154.6349335,191.5899963,102.2245331
09/01/24,0.0524,155.1999969,42.51066208,155.259613,171.3435822,57.72693253,388.6553955,564.1099854,154.2912598,187.2899933,100.2356186
10/01/24,0.0523,159.2799988,42.78696442,154.7319946,170.7244873,59.17276764,393.27771,567.5100098,156.294281,188.8600006,99.82613373
11/01/24,0.0523,171.8099976,42.03699875,153.0220795,171.7071838,58.74581146,473.1824646,564.6400146,155.2240448,187.9100037,99.41666412
12/01/24,0.0522,170.3099976,42.20475769,152.2306366,171.4811707,58.26062775,457.6617432,562.0599976,155.3418884,181.0599976,99.00717926
16/01/24,0.0522,169.1499939,42.29877853,154.438858,172.0707855,58.16358948,452.989624,555.8800049,156.0782776,185.1000061,99.68964386
17/01/24,0.0524,170.5299988,42.33836365,154.3606873,172.3950653,58.21210861,467.803009,559.2999878,156.2353668,187.5800018,99.66040039
18/01/24,0.0522,169.8399963,42.06125641,152.8168945,171.7759857,58.05685425,468.2114868,558.5300293,155.7640686,189.5599976,101.3665771
19/01/24,0.0522,174.4499969,42.86289215,153.1686401,171.9823456,57.79485321,466.3286438,561.3200073,154.5661926,193.5700073,99.2216568
22/01/24,0.0522,172.3399963,43.57545853,154.2336884,172.7488556,57.93070221,467.1156616,557.8499756,154.2618103,188.1300049,100.5866165
23/01/24,0.0521,168.6399994,42.71443939,152.8852997,171.2453003,57.59107208,458.3690491,554.5200195,153.4370422,184.0200043,99.72066498
24/01/24,0.0521,170.9799957,43.73380661,152.1720123,172.9847107,57.53285599,471.4789734,579.3300171,152.8086395,188.7100067,99.22865295
25/01/24,0.0521,169.8000031,43.59525299,154.3020782,176.758255,57.63959503,482.1880798,593.460022,154.16362,200.4499969,102.0724792
26/01/24,0.0521,169.5099945,43.06082916,154.1248627,175.9328003,57.62989044,471.5188599,583.9500122,154.6545563,199.9499969,102.0724792
29/01/24,0.0522,167.0800018,44.06040192,155.414566,176.620697,58.90106964,469.9548035,575.1300049,155.6364288,193.7599945,101.108139
30/01/24,0.0521,168.5899963,43.02124405,156.2218475,177.7704468,59.42506409,466.7436523,573.3499756,157.492157,194.7700043,103.1745758
31/01/24,0.0522,174.5800018,42.53630066,157.9644318,179.9029236,59.33773422,484.7939148,588.4699707,157.6492615,197.4100037,103.0860214
01/02/24,0.0522,174.9900055,42.54619598,159.3329163,180.8069916,59.38624573,482.6996765,583.5599976,158.1107483,191.9700012,102.1807175
02/02/24,0.0523,174.7299957,42.54619598,158.2991791,180.1878967,58.9107666,480.4159851,587.6500244,157.3154449,199.3999939,102.5841675
05/02/24,0.0522,173.5399933,42.28887939,158.4862366,180.2763214,58.55173492,485.7113953,601.6699829,156.4121246,199.7299957,102.3676834
06/02/24,0.0523,173.1600037,41.55651855,159.0474091,181.1902466,58.60995865,482.6896973,596.4799805,157.1485138,202.0399933,102.6530457
07/02/24,0.0523,176.7599945,42.60557556,158.8800507,182.8411713,58.24121857,488.7829285,602.9199829,156.0586243,201.8800049,102.8498535
08/02/24,0.0523,178.2200012,43.36763,159.6085663,182.0845032,57.76573944,500.9194336,619.3400269,155.9702759,202.6399994,104.1487579
09/02/24,0.0524,177.5800018,45.13915253,157.3638916,183.4504547,58.03744125,496.8207703,615.8300171,156.6674042,188.1399994,102.6924133
12/02/24,0.0523,174.1199951,42.71443939,157.4918823,185.2881012,57.75603867,488.8726807,598.5,156.4317474,180.7400055,103.9519577
13/02/24,0.0525,173.5099945,44.05050278,156.8716431,186.2511444,57.78514481,494.726532,597.6900024,156.6772308,176.5399933,105.0638962
14/02/24,0.0523,176.8200073,45.67357635,156.4089203,184.619873,57.67840576,510.7822876,608.5100098,157.7081757,178.6499939,105.6543121
15/02/24,0.0523,175.3500061,43.54576874,157.0488586,184.9638062,57.75603867,504.5594482,604.8200073,157.4430847,175.3399963,106.6481781
16/02/24,0.0524,171.9600067,44.39689255,158.7323456,185.0325928,58.45470047,482.2608643,600.9299927,158.6213379,177.7700043,107.2779465
20/02/24,0.0524,175.3899994,44.77297211,160.2189789,186.5557861,58.70699692,498.3764954,611.0800171,158.9944305,177.5399933,106.5891342
21/02/24,0.0524,176.5599976,42.78371811,158.6043854,188.0691528,59.30861664,494.2079773,609.4500122,159.3577118,169.4799957,107.7797928
22/02/24,0.0525,178.75,42.30867386,156.7436676,184.7181396,59.17657471,490.4782715,613.0100098,158.5722351,162.5,109.688797
23/02/24,0.0526,174.4199982,42.19980621,155.729599,187.007843,58.57013702,482.7695007,605.8800049,158.454422,163.5700073,109.4919968
26/02/24,0.0526,174.4799957,42.26908875,154.3315887,189.3269958,58.81467056,495.6141052,618.3900146,158.2874908,173.8000031,110.5055389
27/02/24,0.0525,175.8999939,41.61589813,153.7901306,190.4374542,58.9124794,494.8760986,620.7399902,158.8962402,171.3200073,111.2829132
28/02/24,0.0524,178.1499939,41.76435089,153.3470917,192.9335022,59.42110443,504.1306152,627.6900024,159.0533447,175.6600037,111.1845093
29/02/24,0.0525,178.1499939,41.98207855,153.3372498,195.616272,59.14723206,506.3644714,622.710022,158.925705,172.8200073,111.6765137
01/03/24,0.0523,178.8699951,42.13053131,152.8253021,193.2184906,59.16679382,508.1794434,628.0100098,158.7293243,170.8300018,111.6765137
04/03/24,0.0524,179.7100067,41.39817429,152.8154602,191.449646,59.07876205,501.6374817,627.460022,157.2859802,172.6300049,112.8179855
05/03/24,0.0523,178.3000031,41.55651855,153.3569489,192.3438721,59.21570206,494.5270996,629.2399902,157.6394501,177.6699982,111.9717255
06/03/24,0.0524,179.8300018,43.31814575,155.513031,196.0683289,59.69498062,492.502655,613.5300293,159.6621094,179.8300018,113.1328735
07/03/24,0.0524,180.3800049,43.71401215,155.7394562,196.8348236,59.84169769,484.2453918,607.3300171,159.3086243,175.7899933,114.382576
08/03/24,0.0524,180.9700012,44.06040192,155.3358002,195.4983521,59.35263443,489.9995422,614.3099976,157.6688995,175.2200012,115.1205902
11/03/24,0.0524,180.6900024,43.48638535,155.2865753,195.4197388,58.83423233,496.0030212,614.210022,157.6590881,166.6300049,117.3740005
12/03/24,0.0525,182.4100037,39.91366196,151.8703308,194.8694305,58.5212326,505.3472595,630.0800171,153.3192139,168.3800049,117.3936844
13/03/24,0.0525,180,39.31985092,150.1376038,193.3867645,58.00281906,509.5157776,617.1400146,152.631897,171.1100006,117.8069687
14/03/24,0.0525,185.0700073,38.31038284,150.0292969,195.1659546,58.20822906,525.890625,636.1799927,153.2701111,164.8999939,119.4306107
15/03/24,0.0525,185.1900024,37.58791733,149.241684,196.1840363,57.97348022,517.822876,628.4099731,153.2111969,172.9799957,118.6237106
18/03/24,0.0525,185.6699982,37.93430328,149.9308319,194.8694305,58.41363525,515.4793701,618.2000122,153.8199768,176.8800049,119.2436371
19/03/24,0.0524,185.9499969,36.81597137,147.87323,193.2088623,57.63113403,518.4012451,618.5800171,154.3894653,171.7599945,120.2473373
20/03/24,0.0524,189.0500031,37.24153137,146.4850616,193.1693115,57.75828934,521.7220459,628.7800293,153.0148315,174.6000061,119.843895
21/03/24,0.0525,186.1300049,35.32155609,145.2347412,180.6755371,57.00513458,510.4930725,622.8300171,152.5140686,171.0500031,118.4465866
22/03/24,0.0524,183.6199951,35.93515778,145.3036499,180.7743835,56.86819839,498.8551941,607.1500244,152.631897,161.4799957,117.7676086
25/03/24,0.0523,183.3200073,35.88566971,142.2122955,178.7085571,56.7899437,498.3864441,617.5200195,153.1228485,157.1100006,116.7934341
26/03/24,0.0522,181.2799988,35.31166077,142.5273438,177.9968872,57.23009872,492.8118591,613.6900024,154.1145325,155.4499969,116.7343826
27/03/24,0.0522,179.2200012,34.67826843,143.4823151,179.1533508,57.62135315,500.4208679,610.5599976,155.4357605,149.9299927,116.6261368
28/03/24,0.0523,174.6300049,33.84693909,145.6186981,183.6507263,58.85379028,479.7478027,555.039978,156.2757568,147.0500031,117.9644089
01/04/24,0.0523,177.2299957,34.05477142,146.8099518,187.2189636,59.22547531,480.4060059,554.5999756,158.6474609,142.0500031,118.6335449
02/04/24,0.0522,179.5399933,33.92611313,147.2431335,189.9173737,59.31350708,494.7365112,577.75,159.5961456,144.6799927,119.0960388
03/04/24,0.0522,176.5899963,34.14384079,146.2290955,190.8465118,60.20360565,492.1436462,555.1199951,160.6831818,162.1300049,119.1157227
04/04/24,0.0521,173.6699982,34.74754333,144.5455933,191.1331482,60.38945389,440.1669006,564.7999878,160.6337738,170.1799927,119.3912506
05/04/24,0.0523,179.6199951,31.55088997,143.8761139,191.25177,60.38945389,442.0716553,561.2299805,159.3886108,168.2899933,116.0750961
08/04/24,0.0523,180.9600067,31.0362587,144.5455933,191.0441895,60.68288803,431.4309692,559.4899902,159.7542572,194.0500031,117.7282486
09/04/24,0.0523,175,30.1554451,142.3501282,189.5220184,60.41879272,428.9877319,550.6400146,161.2761078,183.2799988,116.3801346
10/04/24,0.0525,179,30.0564785,148.8380432,189.640625,60.57529449,437.9829102,551.710022,161.4737396,179.9900055,114.1759338
11/04/24,0.0525,184.7200012,30.19503212,147.5975647,189.4429321,60.6339798,440.466095,565.1500244,161.9085541,180.0099945,114.382576
12/04/24,0.0525,186.2100067,30.5810051,146.9576263,188.3062286,60.81003952,450.717804,579.3400269,162.5212555,181.1900024,114.1464157
15/04/24,0.0525,188.6999969,30.77477646,146.2783203,189.7789917,60.98610306,464.400116,596.9699707,162.5014954,184.7599945,114.8844299
16/04/24,0.0525,188.7599945,30.48660469,146.416153,189.5318909,61.25019836,466.953064,606,163.8059235,177.8099976,114.3136978
17/04/24,0.0525,188,29.81089211,146.6425934,193.3867645,61.47516251,471.3011169,609.4699707,163.124054,174.7200012,114.294014
18/04/24,0.0525,189.5,29.90032387,147.528656,195.2153778,61.50451279,474.1133728,612.0900269,164.0826263,171.9700012,116.5474243
19/04/24,0.0525,187.4799957,29.66183853,147.5877228,196.4706879,61.87619781,474.8912354,610.8699951,164.8830719,168.4700012,116.0750961
22/04/24,0.0522,186.5700073,30.31767654,148.8774261,196.4311523,62.18920135,466.7237244,616.5900269,163.9146271,171.8899994,116.0259018
23/04/24,0.0525,187.0700073,30.85427284,149.0349579,199.1789856,61.71969604,470.5531616,613.6599731,163.8059235,177.5500031,116.7302246
24/04/24,0.0526,185.9900055,31.07288742,150.3049622,199.772049,61.74904251,480.2165222,613.5200195,164.5470886,173.9900055,117.6329575
25/04/24,0.0526,183.6300049,31.82809448,151.8900299,200.1278839,61.93488693,471.9293518,610.5200195,165.8811646,174.8399963,116.928627
26/04/24,0.0525,184.6999969,31.62935638,152.2444458,202.4210358,61.65122986,470.6130066,621.0999756,165.6637573,177.4600067,118.6844864
29/04/24,0.0525,183.5399933,31.89765358,150.1304932,193.3175812,61.20129395,467.5514221,640.8200073,165.3376465,174.9499969,117.7222366
30/04/24,0.0525,183.1499939,31.53992271,150.1007233,197.2120209,61.53385544,463.3529968,650.6099854,166.3654022,186.6000061,116.908783
01/05/24,0.0526,183.1300049,31.22194099,152.343689,196.0160065,61.62188721,466.4943237,640.4699707,165.8317566,180.1100006,114.5577164
02/05/24,0.0525,181.0500031,29.89038658,148.5723114,194.6420746,60.73179245,464.4998474,635.6699829,163.5391083,173.7400055,112.603447
03/05/24,0.0525,180.75,30.52635193,145.8628845,198.3882599,60.6437645,476.9056702,646.75,163.3809967,179.2400055,112.5141678
06/05/24,0.0525,182.1499939,30.86421013,143.2924042,197.1922455,60.46769714,478.6010132,649,161.1871643,176.75,113.9426651
07/05/24,0.0525,182.0200043,29.94007111,143.351944,195.8183136,60.35032654,473.0562439,654.6199951,159.7443695,176.1900024,112.7224884
08/05/24,0.0525,179.3200073,29.99969482,144.1856079,197.0242004,60.61441803,465.7663269,647.6599731,160.6634064,178.7899933,113.0796127
09/05/24,0.0525,176.4400024,30.65553474,145.5651398,200.2860413,61.55341721,465.546936,641.6199951,162.600296,178.0800018,116.3235016
10/05/24,0.0526,178.3399963,30.09906387,146.6270905,199.4854126,61.55341721,476.1776733,633.789978,162.7089996,176.2899933,113.5359344
13/05/24,0.0525,179.3399963,29.84070396,146.6866302,196.8561707,62.5413208,475.6790161,631.6199951,165.0411835,174.7700043,111.7701569
14/05/24,0.0524,181.2799988,30.58597565,144.8704224,194.9781494,62.52175903,493.6993713,650.2700195,164.092514,175,112.216568
15/05/24,0.0525,185,30.22824478,145.3170166,194.6322021,62.7467308,492.4029541,648.5200195,166.4839783,177.9400024,113.0597763
16/05/24,0.0525,184.3000031,30.5462265,145.9720612,197.6370392,62.51198196,491.6051331,641.4699707,165.0905914,177.4799957,111.8495178
17/05/24,0.0525,187.0599976,30.71515465,146.0216827,197.3009796,62.19898224,501.2186584,644.5,165.377182,173.7899933,112.1768799
20/05/24,0.0525,187.2299957,30.72509193,145.6544647,192.1116943,62.15985489,506.0752563,648.5499878,165.5056458,170.6600037,111.274147
21/05/24,0.0525,186.8899994,30.56610107,144.3146362,189.3144379,61.50451279,507.4414978,650.0599976,163.2327576,177.2899933,110.0440521
22/05/24,0.0525,183.8300018,30.26799202,144.3543243,191.4197998,61.61210632,502.7145386,653.2600098,164.4482727,182.4700012,109.1611633
23/05/24,0.0526,183.6600037,30.25805664,144.4436493,191.5384064,61.65645981,503.2735596,669.3800049,164.8237762,178.0099945,108.2385864
24/05/24,0.0526,184.0599976,30.78471375,144.8505554,192.7245331,61.72546005,505.7391968,675.8300171,165.5254059,187.4400024,107.4945755
28/05/24,0.0526,182.8099976,30.43692017,144.5528259,194.7211609,61.73531723,498.6117249,685.6699829,166.5729065,184.8600006,108.5064316
29/05/24,0.0526,186.1000061,30.42698479,146.6667786,196.3718414,61.29174423,500.8178711,679.0300293,165.6934052,181.5700073,110.84758
30/05/24,0.0526,189.0800018,30.89402008,147.6294708,194.0292664,61.87331772,493.9100342,686.1199951,166.2764435,183.0099945,109.875412
31/05/24,0.0525,185.5700073,30.37729836,147.9966736,196.579422,63.05617523,498.0327759,669.0200195,166.4642029,182.5800018,113.1391373
03/06/24,0.0526,186.3399963,30.5462265,146.0812225,195.7787933,62.92803192,509.70224,672.4099731,164.8830719,187.3500061,113.4565811
04/06/24,0.0525,193.6100006,30.3474884,145.7140198,195.1461792,63.13503265,512.2177734,677.6900024,165.4759979,196.3699951,113.4962616
05/06/24,0.0525,197.8500061,30.39717293,144.7017059,196.8660583,62.99703217,518.6464233,684.3400269,164.655777,197.4199982,113.9823456
06/06/24,0.0525,193.25,30.77477646,145.0589905,199.9203186,62.74074936,503.3334351,674.8800049,162.9758301,197.8800049,114.200592
07/06/24,0.0526,197.1999969,30.64559746,145.3368835,203.0734253,62.37602997,503.7926025,673.6099854,160.8017578,209.8600006,114.0418625
10/06/24,0.0525,200,30.87414742,144.9299622,206.4143066,62.24789047,508.6041565,679.5800171,161.9678345,231.2599945,113.2680969
11/06/24,0.0525,197.5899963,31.03313828,144.5925293,206.2759399,62.42531967,509.0633545,682.5100098,161.8986664,246.3899994,113.8434677
12/06/24,0.0525,200,31.8181591,145.3765717,203.5426788,62.8491745,538.9606323,690.6500244,163.2624207,251.5200043,112.4645691
13/06/24,0.0525,199.2899933,33.77574158,144.3840942,203.9203644,62.06060028,528.3892822,685.7399902,164.5569763,252.9400024,111.2840729
14/06/24,0.0525,199.3399963,34.37195969,145.942276,206.365387,61.7944603,529.0681152,685.7399902,163.7071075,262.3299866,110.053978
17/06/24,0.0525,199.7899933,34.65019226,148.3043365,206.5343628,61.9324646,533.7498169,677.6500244,164.8336792,263.2600098,111.0261459
18/06/24,0.0524,195.0500031,33.2888298,148.5723114,206.1864777,62.19860077,511.7985535,652.75,163.588501,241.0299988,112.34552
20/06/24,0.0524,194.4900055,34.27259064,148.7509613,203.6917725,62.79003143,497.9928589,647.5999756,164.6459045,248.2299957,112.3653641
21/06/24,0.0523,192.7200012,34.24277496,148.1157837,208.7706451,62.50417328,495.2875977,656.4500122,162.6398315,252.6399994,114.2898712
24/06/24,0.0524,193.0200043,34.12353516,149.8724365,212.3188934,63.35188675,488.928833,656.3200073,164.9818878,256.5599976,115.1132431
25/06/24,0.0523,187.9299927,34.24277496,155.4004974,215.5491028,64.27846527,461.1776733,647.460022,167.4425354,248.5,116.7004623
26/06/24,0.0524,183.75,34.65019226,154.2492218,208.7010651,64.25874329,475.0133362,643.039978,166.4543304,249.2299957,117.8512039
27/06/24,0.0523,183.1300049,32.77210617,153.5247345,208.5022888,64.35732269,475.9516907,633.3400269,166.9782562,239.1999969,115.1429977
28/06/24,0.0522,182.5500031,33.1596489,153.078125,208.9992523,63.84474564,486.5430298,647.5,167.2665558,251.5099945,114.3493881
01/07/24,0.0524,186.4100037,32.74229813,151.2023621,209.0489502,64.0320282,487.8307495,642.7600098,165.6460724,246.3800049,112.5042496
02/07/24,0.0524,180.8300018,31.50017548,155.1027527,207.3195343,64.86988831,460.4589539,635.9899902,167.0180206,215.9900055,114.0914688
03/07/24,0.0524,179.8500061,30.90395737,158.437439,207.3990479,65.12617493,452.6127625,634.0900269,165.9244385,220.25,116.4921417
05/07/24,0.0523,182.5,31.1523819,159.4299011,210.9473114,66.09217834,464.8811951,631.3699951,168.1215363,219.8000031,116.3929367
08/07/24,0.0523,183.1999969,30.63566017,157.3655701,209.5657806,65.87532043,464.8911438,626.960022,168.9367371,232.1000061,115.17276
09/07/24,0.0523,181.7100067,29.94007111,160.1147156,213.8793488,66.71318054,462.3755798,622.5800171,160.754837,222.6199951,117.2262268
10/07/24,0.0523,186.9799957,30.5462265,156.6609344,211.5039063,65.78660583,473.9951172,628.3499756,159.8203278,232.0700073,117.6428757
11/07/24,0.0521,184.0700073,28.86687851,159.548996,206.6933899,66.98917389,496.8648376,624.8499756,164.7215271,216.8600006,116.0159683
12/07/24,0.0521,167.8999939,21.34459877,162.9035339,197.9270935,68.33960724,487.2817078,613.6400146,169.0858612,207.6699982,115.9465332
15/07/24,0.052,161.0200043,19.98323441,160.0353088,193.7129211,67.12717438,474.8935547,598.5499878,167.0776672,198.8800049,113.8533783
16/07/24,0.052,161.9299927,19.70499992,157.7724915,199.1197815,67.07789612,493.2212524,609.5700073,167.1074829,200.6399994,113.2482605
17/07/24,0.052,162.7700043,18.98999977,157.7030029,199.1794128,67.48203278,488.0603638,611.4799805,169.0262146,191.7599945,114.7561188
18/07/24,0.0521,165.8000031,20.48999977,159.0130768,202.8171234,67.7481842,508.7339478,630.3499756,169.8712311,198.8399963,116.9484634
19/07/24,0.052,166.9400024,19.70999908,159.4100494,204.5465393,67.69889069,516.8596191,633.9400024,169.5431671,200,117.900795
22/07/24,0.0519,166.8000031,19.36000061,158.6756287,204.9341583,67.19617462,515.0428467,633.1400146,165.8349762,197.4900055,118.0495987
23/07/24,0.0518,170.2299957,20.46999931,157.1968536,206.6735077,67.48203278,527.6106567,648.0200195,166.3121643,207.8300018,116.9187088
24/07/24,0.0518,170.1000061,19.92000008,157.2861786,208.9595032,67.60032654,525.8338013,661.6799927,167.8133392,201.3800049,118
25/07/24,0.0517,177.5899963,20.69000053,157.8915863,210.2615204,67.66932678,536.3852539,663.2199707,166.9384766,214.1399994,118.7300034
26/07/24,0.0516,177.0599976,20.87000084,158.1893158,212.6667786,68.19174957,526.4926147,674.0700073,166.9086609,216.1199951,118.1699982
29/07/24,0.0515,178.2200012,21.52000046,158.4275208,214.1377563,67.99460602,528.3494263,688.5300293,167.4355621,222.7200012,118.5299988
30/07/24,0.0514,178.8800049,20.98999977,158.9535217,213.2134247,68.3888855,525.803833,698.539978,169.4139404,221.1000061,114.5800018
31/07/24,0.0515,180.1100006,21.40999985,160.2139435,213.2929382,68.5761795,534.2189941,697.1199951,169.16539,223.2700043,113.8499985
01/08/24,0.0512,176.1300049,20.10000038,161.1270294,215.3105774,68.33960724,530.9946899,688.960022,169.1554413,210.6600037,114.7300034
02/08/24,0.0505,177.0399933,20.54000092,162.8936157,216.9803314,68.79303741,527.0716553,686.7299805,168.1811829,220.3200073,116.3199997
05/08/24,0.0509,175.5,20.12999916,163.3699951,217.8350983,69.82803345,520.2037354,688.4400024,169.3542938,213.2100067,118.8099976
06/08/24,0.0509,173.1199951,20.06999969,162.9499969,218.8389435,70.47860718,518.1872559,695.7199707,168.2607117,209.2100067,117.6800003
07/08/24,0.0509,170.8000031,19.61000061,163.9199982,219.9421844,70.72503662,515.8713989,683.8400269,168.0718231,205.75,116.5199966
08/08/24,0.0509,172.1199951,20.12999916,164.2299957,220.8565979,71.02075195,517.3087769,692.4799805,169.0361481,206.2799988,118.1299973
09/08/24,0.0509,178.5,22.04000092,165.8600006,223.4308167,71.43475342,520.3933716,701.3499756,170.537323,214.1100006,117.9400024
12/08/24,0.0507,176.25,20.10000038,167.1600037,218.9582214,71.96704102,510.8601685,675.3200073,173.4999084,210.6000061,115.4700012
13/08/24,0.0506,173.3300018,19.43000031,167.3600006,217.9941254,71.52346039,511.8384399,679.6799927,174.8718414,219.4100037,114.0599976
14/08/24,0.0507,177.8899994,19.39999962,164.9900055,216.3044891,70.15332031,515.9512329,683.6199951,174.4443512,230.1699982,113.1699982
15/08/24,0.0509,171.3899994,18.88999939,164.3800049,211.1659698,70.12374878,499.3903809,665.7700195,174.5636444,210.7299957,112.6399994
16/08/24,0.0508,175.3999939,19.06999969,166.6100006,215.4894714,70.82360077,503.9024353,675.4199829,175.030899,216.2700043,115.0100021
19/08/24,0.0506,179.5500031,18.97999954,167.3800049,204.3079987,70.52789307,503.9024353,673.6199951,176.7507935,226.1699982,110.8199997
20/08/24,0.0504,184.5200043,19.63999939,164.8200073,205.9678192,70.06460571,510.9300232,681.4699707,172.9034119,228.1300049,109.7200012
21/08/24,0.0502,187,19.36000061,164.6399994,205.3416748,70.21247101,524.6757813,686.7999878,172.4560394,229.8099976,111.2300034
22/08/24,0.0504,186.4900055,19.65999985,165.5200043,203.0755615,70.87245941,523.6975708,697.0599976,173.0624847,230.2899933,111.1500015
23/08/24,0.0501,184.8899994,20.90999985,166.9900055,206.5939941,71.55726624,532.8502197,696.5,176.20401,226.7799988,112.7099991
26/08/24,0.0498,186.8800049,21.46999931,167.0700073,207.9755249,71.25952911,535.8877563,706.9099731,174.8519592,227.8699951,114.1800003
27/08/24,0.0498,186.4299927,20.77000046,166.1499939,206.2659912,71.2098999,537.5164185,690.4699707,172.9034119,227.1999969,114.5800018
28/08/24,0.0496,189.8699951,21.13999939,164.8200073,209.1980286,70.08840942,558.649353,704.3200073,170.537323,243.9199982,116
29/08/24,0.0498,191.6000061,21.84000015,164.1600037,209.804306,71.1007309,560.897522,701.0300293,173.2016602,238.25,115.2699966
30/08/24,0.0498,193.8800049,22.55999947,163.2200012,210.1521912,71.19005585,563.9550781,705.3699951,172.754303,250,117.3600006
03/09/24,0.0497,193.9600067,22.80999947,162.7799988,210.3012695,70.7930603,562.8759766,722.2600098,172.2274017,254.2700043,117.0500031
04/09/24,0.0496,192.5299988,23.54000092,160.6000061,208.9098053,70.91215515,567.8519287,721.5599976,171.2531128,257.019989,114.7699966
05/09/24,0.0494,191.1600037,23.92000008,161.3899994,208.5022888,70.86253357,567.3823853,711.4299927,172.1975708,254.2200012,112.8000031
06/09/24,0.0493,187.9700012,23.90999985,161.3999939,209.2179108,71.24960327,566.90271,707.3499756,172.5355835,260.4599915,115.8199997
09/09/24,0.0489,186.3300018,23.45999908,162.0599976,209.5757141,71.31906891,571.9786377,709.2700195,172.1876221,261.6300049,117.2200012
10/09/24,0.0485,185.1300049,22.69000053,161.9900055,205.7789764,71.17019653,576.0053711,706.1300049,172.0285492,258.019989,119.9300003
11/09/24,0.0489,184.7599945,22.38999939,161.1699982,206.0274506,70.4754715,572.3483276,711.0900269,170.9151001,249.0200043,121.5199966
12/09/24,0.0485,181.9600067,22.26000023,160.5,203.9799957,69.98915863,582.300293,706.7999878,169.1256256,240.6600037,122.5800018
13/09/24,0.0478,186.5099945,22.59000015,160.2899933,211.2200012,69.6417923,595.4597168,719.7000122,167.8928833,250.0800018,124.8300018
16/09/24,0.0475,180.8000031,22.37999916,159.5299988,210.9299927,68.49052429,584.3087158,701.9199829,166.143158,240.8300018,125.3700027
17/09/24,0.0475,182.7200012,23.31999969,159.6900024,210.75,68.65924835,592.4121704,721.7600098,167.1770935,244.5,122.0400009
18/09/24,0.0465,185.1699982,23.45999908,160.6499939,213.4199982,69.04631042,590.0340576,727.4299927,168.2805939,241.0500031,122.0899963
19/09/24,0.0461,186.6499939,23.21999931,160.5099945,212.8399963,68.72872162,583.359436,730.289978,167.9624634,238.7700043,123.1399994
20/09/24,0.0456,188.8200073,23.55999947,161.4600067,222.2899933,69.04631042,589.4745483,722.789978,170.0899506,217.8000031,123.6100006
23/09/24,0.0453,187.5399933,23.44000053,161.6000061,221.4799957,69.81050873,589.9440918,713,171.5016479,219.1600037,124.0800018
24/09/24,0.045,187.6900024,22.65999985,164.1000061,222.3899994,69.81050873,585.7974854,705.9799805,172.5554657,219.5700073,120.3499985
25/09/24,0.0451,186.8899994,22.30999947,164.2799988,223.6399994,70.03878021,576.3250732,702,171.3724213,221.3300018,120.6600037
26/09/24,0.045,187.5299988,22.44000053,164.4700012,224.4199982,69.37382507,576.4650269,687.6500244,171.272995,220.8899994,120.3499985
27/09/24,0.045,188.9900055,22.77000046,165.1199951,225.3699951,69.90975952,576.0053711,763.8900146,171.2799988,220.6999969,120.0100021
30/09/24,0.0452,189.0700073,22.84000015,162.8300018,223,68.92720795,574.6964111,772.0700073,169.5399933,218.8500061,120.0800018
01/10/24,0.045,189.6999969,22.39999962,163.4499969,224.1199951,68.92720795,581.5409546,764.2399902,169.6999969,217.9700012,120.6999969
02/10/24,0.0448,184.7100067,21.97999954,165.8600006,223.4100037,67.4980545,563.2356567,749.289978,169.5800018,213.6499939,120.2699966
03/10/24,0.0448,186.3800049,22.34000015,163.6699982,224.9799957,66.79340363,567.3223877,754.5499878,169.6199951,260.480011,119.5899963
04/10/24,0.0453,187.8300018,22.68000031,160.8800049,222.3099976,66.41625214,572.7879639,754.6799927,168.2200012,269.1900024,119.4899979
07/10/24,0.0455,188.3899994,22.92000008,161.6000061,225.5,66.1681366,577.6939697,749.1199951,169.3000031,262.5100098,118.9000015
08/10/24,0.0453,190.8300018,22.89999962,160.0899963,222.8999939,65.06649017,592.8018799,759.4400024,167.1699982,259.519989,117.2799988
09/10/24,0.0454,192.7299957,22.29999924,160.6100006,224.4100037,65.42378235,591.322998,753.7399902,166.1600037,257.5499878,116.6900024
10/10/24,0.0454,186.3999939,21.52000046,159.8600006,221.9199982,64.81837463,567.1225586,756.0300293,165.1799927,249.8500061,116.7799988
11/10/24,0.0453,197.9299927,23.20000076,160.1300049,222.9400024,64.52063751,566.7028809,756.0999756,165.1000061,248.9799957,114.9499969
15/10/24,0.0452,195.7799988,22.52000046,158.2400055,219.7799988,64.61988068,560.2280884,755.5100098,165.0800018,242.8399963,118.6100006
16/10/24,0.0451,199.5,23.31999969,158.3500061,221.4900055,64.87792969,571.9686279,763.9099731,165.7599945,251.4400024,118.9599991
17/10/24,0.0454,207.0899963,25.04999924,157.8800049,247.0599976,63.22049713,571.5889282,780.210022,161.0500031,288.5299988,121
18/10/24,0.0453,210.0500031,26.22999954,156.7299957,236.3800049,63.18079758,591.2231445,796.539978,163.4100037,296.9100037,121.1500015
21/10/24,0.0451,208.1799927,26.20000076,155.4700012,236.9799957,63.43883896,588.8650513,795.039978,167.7100067,321.2200012,121.1100006
22/10/24,0.0451,206.8399963,25.04999924,155.0399933,239.2899933,62.88305664,582.6999512,805.4400024,166.0299988,350,120.4700012
23/10/24,0.0452,208.9100037,24.15999985,152.6399994,239.5599976,62.72426224,584.3486328,819.5,165.8399963,328.4899902,120.3499985
24/10/24,0.045,214.1000061,24.92000008,153.2400055,241.1600037,62.52576447,579.5325317,830.4699707,166.5800018,330.2399902,121.4700012
25/10/24,0.0452,211.4799957,25.03000069,151.8699951,241.8699951,62.07915115,576.6948242,837.2600098,167.0800018,311.1799927,120.5599976
28/10/24,0.0449,202.6100006,24.35000038,154,245.3099976,61.2752533,553.6334229,823.960022,169.5399933,320.7200012,119.3099976
29/10/24,0.0449,201.6999969,24.84000015,154.7700043,245.0299988,61.39434814,553.953186,847.0499878,170.75,338.7399902,120.3099976
30/10/24,0.0447,204.6100006,24.20000076,153,243.0899963,62.11885071,560.6378174,871.3200073,170.7599945,346,118.6299973
31/10/24,0.0444,202.8800049,24.01000023,153.1100006,240.7799988,62.51584244,565.064209,883.8499756,170.8899994,342.0299988,120.3199997
01/11/24,0.0441,198.3800049,24.44000053,155.5,244.7599945,63.28004456,562.6361694,897.4799805,172.75,339.6400146,121.9300003
04/11/24,0.0444,197.1199951,24.5,155.1699982,248.5500031,63.43883896,558.6893921,897.789978,176.2799988,352.5599976,121.7900009
05/11/24,0.0443,201.4499969,24.87000084,155.7799988,250.2899933,63.8953743,564.654541,865.5900269,177.3899994,338.5899963,119.9700012
06/11/24,0.0444,207.8600006,24.04999924,154.5200043,249.9700012,64.06410217,573.0776978,872.5999756,179.3099976,338.230011,117.9700012
07/11/24,0.0443,205.7400055,23.64999962,155.3999939,249.7899933,63.94499969,568.741272,877.3400269,179.3600006,332.8900146,117.6600037
08/11/24,0.0443,207.8899994,24.04999924,155.0099945,249.7200012,64.08000183,573.8571167,886.8099976,179.2599945,345.1600037,117.9599991
12/11/24,0.0443,210.7100067,23.93000031,154.8000031,246.25,63.65000153,592.3522339,897.7399902,179.6999969,357.0899963,117.8499985
13/11/24,0.044,213.4400024,22.46999931,152.3600006,244.8200073,63.52000046,613.1554565,902.1699829,175.4199982,351.4200134,117.6699982
14/11/24,0.0441,218.1600037,21.95999908,150.4700012,243.3999939,62.20999908,613.2853394,911.0599976,175.1100006,357.9299927,114.2799988
15/11/24,0.0441,220.5500031,20.79999924,149.5200043,245.4799957,62.91999817,608.439209,917.8699951,176.0299988,369.4899902,114.7799988
18/11/24,0.0442,227.0299988,20.92000008,149.3099976,247.3600006,62.52999878,623.2672729,934.7399902,173.8200073,389.2200012,113.5699997
19/11/24,0.0441,226.0899963,20.80999947,149.6000061,243.8099976,62.59999847,613.0755005,913.6900024,170.7899933,389.7900085,112.9000015
20/11/24,0.0442,225.0399933,20.15999985,149.2299957,242.8600006,62.90999985,618.8208618,913.3499756,172.2799988,400.9899902,112.6699982
21/11/24,0.0443,230.2599945,20.12000084,146.6399994,243.5299988,62.63999939,632.1700439,936.5599976,170.6300049,424.769989,111.9199982
22/11/24,0.0443,228.9700012,20.78000069,146.2400055,241.5299988,63.84000015,630.2815552,925.5499878,170.8500061,418.1000061,111.8199997
25/11/24,0.0442,227.4600067,20.34000015,146.6199951,239.9400024,63.11999893,619.8499756,918.8699951,171.0599976,436.230011,110.8399963
26/11/24,0.044,232.9299927,20.82999992,143.8500061,239.5800018,62.54999924,624.2399902,921.0800171,171.1399994,463.019989,108.4700012
27/11/24,0.044,231.1499939,20.44000053,146.4100037,238.3600006,63.40000153,619.4400024,919.1300049,170.3300018,479.8599854,108.0100021
29/11/24,0.0439,220.5200043,19.29999924,144.75,230.3699951,62.84999847,597.1900024,889.5499878,169.0800018,440.1300049,106.4199982
02/12/24,0.0438,223.2899933,19.05999947,143.5800018,232.9600067,62.45000076,595.5700073,902.039978,169.1900024,436.1700134,105.5100021
03/12/24,0.0436,224.9199982,19.52000046,144.4700012,237.6000061,62.54999924,585.25,909.0499878,168.0599976,421.0599976,105.8700027
04/12/24,0.0435,225.0599976,20.20000076,145.2700043,238.3899994,62.38000107,599.8499756,911.4500122,168.1100006,430.6000061,106.3000031
05/12/24,0.0434,229.0500031,20.39999962,145.8500061,242.3099976,62.84000015,607.75,932.1199951,168.9400024,462.2799988,106.4000015
06/12/24,0.0431,227.0500031,20.44000053,145.5800018,243.1399994,62.56999969,603.3499756,924.1400146,170.1600037,454.1300049,106.4899979
09/12/24,0.043,223.75,20.29999924,145.0500031,241.1699982,62.45000076,599.8099976,907.5499878,169.5299988,431.6600037,106.4800034
