Date,aapl,nflx
2014-01-02,17.598297119140625,51.83142852783203
2014-01-03,17.211734771728516,51.871429443359375
2014-01-06,17.305593490600586,51.36714172363281
2014-01-07,17.18182945251465,48.5
2014-01-08,17.29064178466797,48.71285629272461
2014-01-09,17.06983757019043,48.150001525878906
2014-01-10,16.9559326171875,47.448570251464844
2014-01-13,17.04469871520996,48.11571502685547
2014-01-14,17.38385581970215,48.279998779296875
2014-01-15,17.732877731323242,47.1971435546875
2014-01-16,17.633934020996094,47.38285827636719
2014-01-17,17.201873779296875,47.1485710144043
2014-01-21,17.46912384033203,46.95857238769531
2014-01-22,17.546756744384766,47.67571258544922
2014-01-23,17.695337295532227,55.531429290771484
2014-01-24,17.37367820739746,55.1542854309082
2014-01-27,17.514619827270508,54.461429595947266
2014-01-28,16.114723205566406,58.11000061035156
2014-01-29,15.931780815124512,57.202857971191406
2014-01-30,15.900918960571289,57.810001373291016
2014-01-31,15.927005767822266,58.47571563720703
2014-02-03,15.956603050231934,57.76856994628906
2014-02-04,16.187578201293945,57.987144470214844
2014-02-05,16.308481216430664,57.77428436279297
2014-02-06,16.403541564941406,58.272857666015625
2014-02-07,16.633018493652344,61.42571258544922
2014-02-10,16.930999755859375,61.49142837524414
2014-02-11,17.154088973999023,61.99856948852539
2014-02-12,17.15280532836914,61.27571487426758
2014-02-13,17.42517852783203,62.36428451538086
2014-02-14,17.41109848022461,62.21571350097656
2014-02-18,17.475114822387695,62.407142639160156
2014-02-19,17.199214935302734,61.17571258544922
2014-02-20,17.000139236450195,62.13571548461914
2014-02-21,16.811304092407227,61.74714279174805
2014-02-24,16.884910583496094,63.85714340209961
2014-02-25,16.709199905395508,64.71857452392578
2014-02-26,16.55844497680664,64.11285400390625
2014-02-27,16.888761520385742,64.60428619384766
2014-02-28,16.842988967895508,63.66143035888672
2014-03-03,16.891639709472656,63.65571212768555
2014-03-04,17.003023147583008,64.99714660644531
2014-03-05,17.038867950439453,64.78571319580078
2014-03-06,16.987335205078125,64.35857391357422
2014-03-07,16.977413177490234,64.0528564453125
2014-03-10,16.99277687072754,62.849998474121094
2014-03-11,17.15825653076172,62.49714279174805
2014-03-12,17.174890518188477,62.36857223510742
2014-03-13,16.984132766723633,61.43714141845703
2014-03-14,16.793380737304688,60.64142990112305
2014-03-17,16.85898780822754,60.388572692871094
2014-03-18,17.008148193359375,60.03571319580078
2014-03-19,17.003660202026367,60.012855529785156
2014-03-20,16.921724319458008,60.61000061035156
2014-03-21,17.05518913269043,57.99856948852539
2014-03-24,17.257471084594727,54.128570556640625
2014-03-25,17.44310760498047,52.977142333984375
2014-03-26,17.276350021362305,53.182857513427734
2014-03-27,17.202096939086914,52.02571487426758
2014-03-28,17.182891845703125,51.26714324951172
2014-03-31,17.17905616760254,50.290000915527344
2014-04-01,17.336204528808594,52.09857177734375
2014-04-02,17.365013122558594,51.84000015258789
2014-04-03,17.24466896057129,50.66999816894531
2014-04-04,17.021583557128906,48.18714141845703
2014-04-07,16.754331588745117,48.28571319580078
2014-04-08,16.75336456298828,49.8414306640625
2014-04-09,16.97357177734375,50.432857513427734
2014-04-10,16.754648208618164,47.81856918334961
2014-04-11,16.630781173706055,46.672855377197266
2014-04-14,16.69704246520996,47.36857223510742
2014-04-15,16.57797622680664,46.61000061035156
2014-04-16,16.611581802368164,47.34428787231445
2014-04-17,16.80137825012207,49.39142990112305
2014-04-21,17.000776290893555,49.78428649902344
2014-04-22,17.01774024963379,53.271427154541016
2014-04-23,16.795299530029297,50.5
2014-04-24,18.17220687866211,49.15285873413086
2014-04-25,18.305675506591797,46.01142883300781
2014-04-28,19.014612197875977,44.887142181396484
2014-04-29,18.958288192749023,45.69571304321289
2014-04-30,18.88658905029297,46.005714416503906
2014-05-01,18.931079864501953,48.07428741455078
2014-05-02,18.96628189086914,48.66428756713867
2014-05-05,19.234495162963867,49.1971435546875
2014-05-06,19.024856567382812,46.59857177734375
2014-05-07,18.958288192749023,45.79142761230469
2014-05-08,18.92449188232422,45.9514274597168
2014-05-09,18.84563636779785,46.93571472167969
2014-05-12,19.08026885986328,49.349998474121094
2014-05-13,19.110191345214844,49.5914306640625
2014-05-14,19.113733291625977,50.26856994628906
2014-05-15,18.951204299926758,49.16999816894531
2014-05-16,19.23089027404785,49.98285675048828
2014-05-19,19.45876121520996,52.07143020629883
2014-05-20,19.46261978149414,53.0957145690918
2014-05-21,19.51412582397461,55.79999923706055
2014-05-22,19.545015335083008,55.97142791748047
2014-05-23,19.765806198120117,57.478572845458984
2014-05-27,20.135934829711914,56.97285842895508
2014-05-28,20.083799362182617,57.31999969482422
2014-05-29,20.449735641479492,59.31428527832031
2014-05-30,20.373138427734375,59.689998626708984
2014-06-02,20.233135223388672,60.29428482055664
2014-06-03,20.519254684448242,59.65285873413086
2014-06-04,20.753564834594727,60.45857238769531
2014-06-05,20.834989547729492,61.19285583496094
2014-06-06,20.77770233154297,61.4471435546875
2014-06-09,21.11017417907715,60.441429138183594
2014-06-10,21.234086990356445,61.18428421020508
2014-06-11,21.14622688293457,61.42856979370117
2014-06-12,20.792510986328125,60.349998474121094
2014-06-13,20.56496238708496,61.1014289855957
2014-06-16,20.772233963012695,61.46571350097656
2014-06-17,20.745197296142578,63.378570556640625
2014-06-18,20.76772117614746,64.0971450805664
2014-06-19,20.69563102722168,63.05571365356445
2014-06-20,20.481603622436523,62.88285827636719
2014-06-23,20.463577270507812,62.788570404052734
2014-06-24,20.33966636657715,62.33714294433594
2014-06-25,20.357688903808594,63.45857238769531
2014-06-26,20.47935676574707,62.801429748535156
2014-06-27,20.722671508789062,63.1542854309082
2014-06-30,20.93670082092285,62.94285583496094
2014-07-01,21.069625854492188,67.5857162475586
2014-07-02,21.060611724853516,66.67713928222656
2014-07-03,21.184520721435547,67.47856903076172
2014-07-07,21.621597290039062,65.8028564453125
2014-07-08,21.48191261291504,63.57857131958008
2014-07-09,21.490922927856445,63.28571319580078
2014-07-10,21.412071228027344,62.650001525878906
2014-07-11,21.452625274658203,62.8514289855957
2014-07-14,21.729738235473633,64.65428924560547
2014-07-15,21.475154876708984,64.15571594238281
2014-07-16,21.353492736816406,63.49142837524414
2014-07-17,20.972747802734375,62.76571273803711
2014-07-18,21.274639129638672,63.452857971191406
2014-07-21,21.164247512817383,64.56428527832031
2014-07-22,21.339975357055664,61.584285736083984
2014-07-23,21.896459579467773,61.128570556640625
2014-07-24,21.860408782958984,60.76856994628906
2014-07-25,22.004600524902344,60.26571273803711
2014-07-28,22.308746337890625,60.665714263916016
2014-07-29,22.164554595947266,60.611427307128906
2014-07-30,22.11273956298828,62.051429748535156
2014-07-31,21.53823471069336,60.388572692871094
2014-08-01,21.657644271850586,60.771427154541016
2014-08-04,21.535982131958008,60.38571548461914
2014-08-05,21.430095672607422,60.407142639160156
2014-08-06,21.3940486907959,61.47142791748047
2014-08-07,21.391786575317383,64.23857116699219
2014-08-08,21.450647354125977,63.69285583496094
2014-08-11,21.733675003051758,64.5057144165039
2014-08-12,21.729143142700195,63.772857666015625
2014-08-13,22.01668930053711,64.50428771972656
2014-08-14,22.075559616088867,64.41000366210938
2014-08-15,22.184240341186523,65.58428955078125
2014-08-18,22.45140838623047,66.57142639160156
2014-08-19,22.761598587036133,66.87857055664062
2014-08-20,22.770660400390625,67.4557113647461
2014-08-21,22.772918701171875,67.43571472167969
2014-08-22,22.94046974182129,68.4557113647461
2014-08-25,22.990285873413086,68.70428466796875
2014-08-26,22.843107223510742,68.4800033569336
2014-08-27,23.12386703491211,67.81428527832031
2014-08-28,23.151037216186523,67.88714599609375
2014-08-29,23.207643508911133,68.23428344726562
2014-09-02,23.38877296447754,68.0857162475586
2014-09-03,22.40159797668457,68.19857025146484
2014-09-04,22.215940475463867,67.52428436279297
2014-09-05,22.408390045166016,67.95428466796875
2014-09-08,22.270275115966797,68.47571563720703
2014-09-09,22.186506271362305,68.43000030517578
2014-09-10,22.868017196655273,69.19857025146484
2014-09-11,22.965375900268555,68.7942886352539
2014-09-12,23.0174560546875,68.07856750488281
2014-09-15,23.010656356811523,65.39286041259766
2014-09-16,22.83631706237793,65.27285766601562
2014-09-17,22.999332427978516,64.93285369873047
2014-09-18,23.04688835144043,65.57286071777344
2014-09-19,22.85896110534668,65.36000061035156
2014-09-22,22.88159942626953,63.25428771972656
2014-09-23,23.239337921142578,63.41428756713867
2014-09-24,23.037830352783203,64.36571502685547
2014-09-25,22.159339904785156,63.355712890625
2014-09-26,22.811410903930664,64.10713958740234
2014-09-29,22.666501998901367,64.22285461425781
2014-09-30,22.811410903930664,64.45428466796875
2014-10-01,22.45594024658203,62.68571472167969
2014-10-02,22.618959426879883,64.2828598022461
2014-10-03,22.555559158325195,65.64856719970703
2014-10-06,22.555559158325195,66.21142578125
2014-10-07,22.358579635620117,65.17857360839844
2014-10-08,22.82272720336914,66.69428253173828
2014-10-09,22.872543334960938,65.94571685791016
2014-10-10,22.8068790435791,64.58285522460938
2014-10-13,22.598583221435547,62.6542854309082
2014-10-14,22.358579635620117,64.16000366210938
2014-10-15,22.084613800048828,64.08428955078125
2014-10-16,21.794803619384766,51.67142868041992
2014-10-17,22.114051818847656,51.012855529785156
2014-10-20,22.587261199951172,51.317142486572266
2014-10-21,23.200843811035156,52.28428649902344
2014-10-22,23.318588256835938,53.521427154541016
2014-10-23,23.735187530517578,54.720001220703125
2014-10-24,23.823495864868164,55.00285720825195
2014-10-27,23.798583984375,54.20000076293945
2014-10-28,24.16764259338379,55.174285888671875
2014-10-29,24.303491592407227,54.014286041259766
2014-10-30,24.22198486328125,54.144287109375
2014-10-31,24.452926635742188,56.11000061035156
2014-11-03,24.769908905029297,55.487144470214844
2014-11-04,24.588777542114258,54.682857513427734
2014-11-05,24.647647857666016,54.34000015258789
2014-11-06,24.718135833740234,54.75714111328125
2014-11-07,24.788631439208984,54.880001068115234
2014-11-10,24.747699737548828,55.32428741455078
2014-11-11,24.94553565979004,54.650001525878906
2014-11-12,25.298006057739258,54.83714294433594
2014-11-13,25.655017852783203,54.2014274597168
2014-11-14,25.964279174804688,55.1485710144043
2014-11-17,25.921066284179688,54.448570251464844
2014-11-18,26.25762176513672,54.432857513427734
2014-11-19,26.07570457458496,51.871429443359375
2014-11-20,26.448637008666992,52.5914306640625
2014-11-21,26.48502540588379,51.468570709228516
2014-11-24,26.976194381713867,50.924285888671875
2014-11-25,26.741979598999023,49.855712890625
2014-11-26,27.060333251953125,50.165714263916016
2014-11-28,27.044416427612305,49.512855529785156
2014-12-01,26.166662216186523,48.83000183105469
2014-12-02,26.06661033630371,50.33000183105469
2014-12-03,26.36222267150879,50.73143005371094
2014-12-04,26.262170791625977,50.08571243286133
2014-12-05,26.150747299194336,50.13142776489258
2014-12-08,25.559513092041016,48.49714279174805
2014-12-09,25.950634002685547,49.111427307128906
2014-12-10,25.457185745239258,47.7599983215332
2014-12-11,25.382139205932617,47.80428695678711
2014-12-12,24.952360153198242,47.78285598754883
2014-12-15,24.611263275146484,46.720001220703125
2014-12-16,24.274715423583984,45.20571517944336
2014-12-17,24.879589080810547,47.66428756713867
2014-12-18,25.616357803344727,47.77428436279297
2014-12-19,25.418521881103516,48.58856964111328
2014-12-22,25.68230628967285,48.09714126586914
2014-12-23,25.591350555419922,48.06142807006836
2014-12-24,25.4708251953125,48.871429443359375
2014-12-26,25.921066284179688,48.57857131958008
2014-12-29,25.902881622314453,48.84714126586914
2014-12-30,25.58679962158203,49.03285598754883
2014-12-31,25.10016441345215,48.801429748535156
2015-01-02,24.861400604248047,49.84857177734375
2015-01-05,24.161012649536133,47.31142807006836
2015-01-06,24.163293838500977,46.50143051147461
2015-01-07,24.502111434936523,46.74285888671875
2015-01-08,25.443538665771484,47.779998779296875
2015-01-09,25.4708251953125,47.04142761230469
2015-01-12,24.843210220336914,45.547142028808594
2015-01-13,25.063779830932617,46.255714416503906
2015-01-14,24.968278884887695,46.31999969482422
2015-01-15,24.29062843322754,46.25143051147461
2015-01-16,24.101886749267578,48.191429138183594
2015-01-20,24.722686767578125,49.82857131958008
2015-01-21,24.91143226623535,58.468570709228516
2015-01-22,25.559513092041016,61.20571517944336
2015-01-23,25.691396713256836,62.494285583496094
2015-01-26,25.718687057495117,63.79428482055664
2015-01-27,24.818195343017578,64.88143157958984
2015-01-28,26.221235275268555,63.20857238769531
2015-01-29,27.037595748901367,63.400001525878906
2015-01-30,26.641925811767578,63.11428451538086
2015-02-02,26.976194381713867,63.0099983215332
2015-02-03,26.980745315551758,65.27428436279297
2015-02-04,27.18767738342285,64.10143280029297
2015-02-05,27.38173484802246,64.12999725341797
2015-02-06,27.151153564453125,63.47999954223633
2015-02-09,27.33150863647461,63.29571533203125
2015-02-10,27.856582641601562,64.8499984741211
2015-02-11,28.509511947631836,64.98428344726562
2015-02-12,28.87021255493164,65.24714660644531
2015-02-13,29.01175880432129,66.5857162475586
2015-02-17,29.182979583740234,67.13714599609375
2015-02-18,29.386165618896484,67.86571502685547
2015-02-19,29.32451820373535,67.80000305175781
2015-02-20,29.564231872558594,68.31428527832031
2015-02-23,30.36326789855957,67.40571594238281
2015-02-24,30.17378044128418,67.83999633789062
2015-02-25,29.402137756347656,68.33285522460938
2015-02-26,29.774269104003906,69.00428771972656
2015-02-27,29.32680892944336,67.84428405761719
2015-03-02,29.470624923706055,68.60713958740234
2015-03-03,29.532270431518555,67.81571197509766
2015-03-04,29.345064163208008,67.11000061035156
2015-03-05,28.858802795410156,66.80714416503906
2015-03-06,28.902177810668945,64.87428283691406
2015-03-09,29.025455474853516,63.66143035888672
2015-03-10,28.425037384033203,62.15142822265625
2015-03-11,27.906808853149414,62.88428497314453
2015-03-12,28.41133689880371,64.04571533203125
2015-03-13,28.21500587463379,62.628570556640625
2015-03-16,28.525484085083008,60.281429290771484
2015-03-17,29.002626419067383,59.788570404052734
2015-03-18,29.329090118408203,60.44571304321289
2015-03-19,29.107641220092773,60.744285583496094
2015-03-20,28.74237060546875,61.18571472167969
2015-03-23,29.04143524169922,60.71428680419922
2015-03-24,28.922719955444336,62.611427307128906
2015-03-25,28.167062759399414,60.25
2015-03-26,28.3634033203125,59.75143051147461
2015-03-27,28.137388229370117,59.25285720825195
2015-03-30,28.849668502807617,60.36714172363281
2015-03-31,28.406776428222656,59.52714157104492
2015-04-01,28.365680694580078,59.01714324951172
2015-04-02,28.60996437072754,59.1542854309082
2015-04-06,29.073394775390625,60.33000183105469
2015-04-07,28.76748275756836,60.494285583496094
2015-04-08,28.673885345458984,63.04999923706055
2015-04-09,28.893047332763672,62.78571319580078
2015-04-10,29.016324996948242,64.93856811523438
2015-04-13,28.95924949645996,67.81143188476562
2015-04-14,28.833690643310547,68.38714599609375
2015-04-15,28.943269729614258,67.92285919189453
2015-04-16,28.80400848388672,80.29285430908203
2015-04-17,28.479829788208008,81.6500015258789
2015-04-20,29.130468368530273,81.05571746826172
2015-04-21,28.97294807434082,80.06285858154297
2015-04-22,29.363327026367188,79.66857147216797
2015-04-23,29.603044509887695,79.86571502685547
2015-04-24,29.7423038482666,79.77143096923828
2015-04-27,30.283357620239258,80.86856842041016
2015-04-28,29.806230545043945,80.43714141845703
2015-04-29,29.367900848388672,80.40714263916016
2015-04-30,28.571151733398438,79.5
2015-05-01,29.438671112060547,79.57571411132812
2015-05-04,29.381591796875,79.27143096923828
2015-05-05,28.71954345703125,80.79285430908203
2015-05-06,28.5391845703125,80.07714080810547
2015-05-07,28.71571159362793,80.74857330322266
2015-05-08,29.25673484802246,82.0857162475586
2015-05-11,28.958709716796875,84.27857208251953
2015-05-12,28.85555076599121,83.37714385986328
2015-05-13,28.887643814086914,82.87285614013672
2015-05-14,29.561635971069336,83.8357162475586
2015-05-15,29.520374298095703,87.60713958740234
2015-05-18,29.845909118652344,88.26714324951172
2015-05-19,29.818395614624023,88.06857299804688
2015-05-20,29.816099166870117,88.79000091552734
2015-05-21,30.121009826660156,89.00285339355469
2015-05-22,30.3846378326416,88.83856964111328
2015-05-26,29.715234756469727,87.99285888671875
2015-05-27,30.270009994506836,89.85713958740234
2015-05-28,30.210407257080078,89.50714111328125
2015-05-29,29.866539001464844,89.15142822265625
2015-06-01,29.9261417388916,89.00285339355469
2015-06-02,29.79318618774414,89.12999725341797
2015-06-03,29.82985496520996,88.8085708618164
2015-06-04,29.655628204345703,89.34857177734375
2015-06-05,29.49285888671875,90.45999908447266
2015-06-08,29.29800033569336,89.60428619384766
2015-06-09,29.210886001586914,92.44999694824219
2015-06-10,29.545589447021484,95.87142944335938
2015-06-11,29.479106903076172,95.09428405761719
2015-06-12,29.153573989868164,94.41857147216797
2015-06-15,29.09625816345215,93.43142700195312
2015-06-16,29.252151489257812,95.27285766601562
2015-06-17,29.183380126953125,94.27143096923828
2015-06-18,29.31633949279785,94.74285888671875
2015-06-19,29.02290153503418,93.87142944335938
2015-06-22,29.254440307617188,96.4142837524414
2015-06-23,29.121477127075195,97.31285858154297
2015-06-24,29.369070053100586,96.94428253173828
2015-06-25,29.22922706604004,94.89142608642578
2015-06-26,29.057289123535156,93.08856964111328
2015-06-29,28.548355102539062,92.23143005371094
2015-06-30,28.754684448242188,93.84857177734375
2015-07-01,29.02290153503418,93.63571166992188
2015-07-02,28.986221313476562,94.0442886352539
2015-07-06,28.88535499572754,94.57142639160156
2015-07-07,28.814287185668945,94.0914306640625
2015-07-08,28.09902572631836,93.50714111328125
2015-07-09,27.525907516479492,95.72714233398438
2015-07-10,28.261796951293945,97.22856903076172
2015-07-13,28.807411193847656,101.08714294433594
2015-07-14,28.795944213867188,100.37142944335938
2015-07-15,29.07333755493164,98.12999725341797
2015-07-16,29.46076774597168,115.80999755859375
2015-07-17,29.715234756469727,114.7699966430664
2015-07-20,30.276893615722656,110.55000305175781
2015-07-21,29.974287033081055,112.51000213623047
2015-07-22,28.70654296875,111.5
2015-07-23,28.69278907775879,110.0999984741211
2015-07-24,28.541479110717773,109.33999633789062
2015-07-27,28.144880294799805,106.43000030517578
2015-07-28,28.284719467163086,106.9000015258789
2015-07-29,28.195308685302734,107.08000183105469
2015-07-30,28.05318260192871,111.55999755859375
2015-07-31,27.807886123657227,114.30999755859375
2015-08-03,27.152231216430664,112.55999755859375
2015-08-04,26.281085968017578,121.1500015258789
2015-08-05,26.455312728881836,123.70999908447266
2015-08-06,26.51288414001465,126.44999694824219
2015-08-07,26.60269546508789,123.5199966430664
2015-08-10,27.569904327392578,123.02999877929688
2015-08-11,26.13521957397461,122.73999786376953
2015-08-12,26.53821563720703,120.51000213623047
2015-08-13,26.517494201660156,123.7300033569336
2015-08-14,26.704023361206055,123.38999938964844
2015-08-17,26.980371475219727,125.36000061035156
2015-08-18,26.82837677001953,124.05000305175781
2015-08-19,26.48525047302246,122.05999755859375
2015-08-20,25.9417781829834,112.48999786376953
2015-08-21,24.355104446411133,103.95999908447266
2015-08-24,23.747148513793945,96.87999725341797
2015-08-25,23.889921188354492,101.5199966430664
2015-08-26,25.2601318359375,110.12999725341797
2015-08-27,26.003952026367188,117.66000366210938
2015-08-28,26.08915901184082,117.62999725341797
2015-08-31,25.967105865478516,115.02999877929688
2015-09-01,24.80646514892578,105.79000091552734
2015-09-02,25.870384216308594,105.44000244140625
2015-09-03,25.416723251342773,101.05999755859375
2015-09-04,25.163410186767578,98.79000091552734
2015-09-08,25.863481521606445,94.94999694824219
2015-09-09,25.366060256958008,99.18000030517578
2015-09-10,25.923351287841797,99.4800033569336
2015-09-11,26.301023483276367,97.51000213623047
2015-09-14,26.554340362548828,95.69000244140625
2015-09-15,26.777711868286133,99.16000366210938
2015-09-16,26.807653427124023,104.08000183105469
2015-09-17,26.234237670898438,104.20999908447266
2015-09-18,26.126007080078125,102.62000274658203
2015-09-21,26.53131103515625,100.30000305175781
2015-09-22,26.1144962310791,98.47000122070312
2015-09-23,26.326353073120117,98.06999969482422
2015-09-24,26.482946395874023,103.76000213623047
2015-09-25,26.416162490844727,102.23999786376953
2015-09-28,25.893421173095703,99.47000122070312
2015-09-29,25.115047454833984,98.3499984741211
2015-09-30,25.40060043334961,103.26000213623047
2015-10-01,25.234790802001953,105.9800033569336
2015-10-02,25.419023513793945,106.11000061035156
2015-10-05,25.511140823364258,111.25
2015-10-06,25.633193969726562,108.33000183105469
2015-10-07,25.511140823364258,108.0999984741211
2015-10-08,25.216373443603516,114.93000030517578
2015-10-09,25.81972885131836,113.33000183105469
2015-10-12,25.699968338012695,113.44999694824219
2015-10-13,25.743730545043945,109.7300033569336
2015-10-14,25.379878997802734,110.2300033569336
2015-10-15,25.75984764099121,101.08999633789062
2015-10-16,25.571016311645508,98.98999786376953
2015-10-19,25.729915618896484,101.69000244140625
2015-10-20,26.19969367980957,98.98999786376953
2015-10-21,26.1973876953125,97.95999908447266
2015-10-22,26.59808921813965,97.31999969482422
2015-10-23,27.422521591186523,100.04000091552734
2015-10-26,26.547428131103516,103.04000091552734
2015-10-27,26.37932014465332,103.06999969482422
2015-10-28,27.466272354125977,105.80000305175781
2015-10-29,27.756427764892578,105.12000274658203
2015-10-30,27.519243240356445,108.37999725341797
2015-11-02,27.90612030029297,107.63999938964844
2015-11-03,28.22621726989746,109.73999786376953
2015-11-04,28.094953536987305,114.05000305175781
2015-11-05,27.965438842773438,113.5
2015-11-06,27.997817993164062,114.05999755859375
2015-11-09,27.884496688842773,109.86000061035156
2015-11-10,27.005664825439453,112.69999694824219
2015-11-11,26.8530216217041,112.86000061035156
2015-11-12,26.76282501220703,108.91999816894531
2015-11-13,25.981122970581055,103.6500015258789
2015-11-16,26.406667709350586,111.3499984741211
2015-11-17,26.293344497680664,117.0999984741211
2015-11-18,27.125925064086914,120.62999725341797
2015-11-19,27.470516204833984,120.22000122070312
2015-11-20,27.590784072875977,123.83999633789062
2015-11-23,27.232309341430664,125.02999877929688
2015-11-24,27.4936466217041,123.30999755859375
2015-11-25,27.29706573486328,124.16000366210938
2015-11-27,27.246185302734375,125.44000244140625
2015-11-30,27.359512329101562,123.33000183105469
2015-12-01,27.13748550415039,125.37000274658203
2015-12-02,26.892335891723633,128.92999267578125
2015-12-03,26.642566680908203,126.80999755859375
2015-12-04,27.528339385986328,130.92999267578125
2015-12-07,27.354881286621094,125.36000061035156
2015-12-08,27.34332275390625,126.9800033569336
2015-12-09,26.739704132080078,124.19999694824219
2015-12-10,26.866899490356445,122.91000366210938
2015-12-11,26.175395965576172,118.91000366210938
2015-12-14,26.013504028320312,120.66999816894531
2015-12-15,25.553272247314453,118.5999984741211
2015-12-16,25.749855041503906,122.63999938964844
2015-12-17,25.204051971435547,122.51000213623047
2015-12-18,24.521800994873047,118.0199966430664
2015-12-21,24.822450637817383,116.62999725341797
2015-12-22,24.79932403564453,116.23999786376953
2015-12-23,25.118480682373047,118.16000366210938
2015-12-24,24.984346389770508,117.33000183105469
2015-12-28,24.70450210571289,117.11000061035156
2015-12-29,25.148544311523438,119.12000274658203
2015-12-30,24.820138931274414,116.70999908447266
2015-12-31,24.343717575073242,114.37999725341797
2016-01-04,24.36453628540039,109.95999908447266
2016-01-05,23.753976821899414,107.66000366210938
2016-01-06,23.28911590576172,117.68000030517578
2016-01-07,22.30620765686035,114.55999755859375
2016-01-08,22.42415428161621,111.38999938964844
2016-01-11,22.78725814819336,114.97000122070312
2016-01-12,23.11797523498535,116.58000183105469
2016-01-13,22.523605346679688,106.55999755859375
2016-01-14,23.016216278076172,107.05999755859375
2016-01-15,22.463472366333008,104.04000091552734
2016-01-19,22.354780197143555,107.88999938964844
2016-01-20,22.384841918945312,107.73999786376953
2016-01-21,22.271520614624023,102.3499984741211
2016-01-22,23.45563316345215,100.72000122070312
2016-01-25,22.997716903686523,99.12000274658203
2016-01-26,23.124914169311523,97.83000183105469
2016-01-27,21.605453491210938,91.1500015258789
2016-01-28,21.76041030883789,94.41000366210938
2016-01-29,22.512041091918945,91.83999633789062
2016-02-01,22.30158233642578,94.08999633789062
2016-02-02,21.850603103637695,91.48999786376953
2016-02-03,22.283084869384766,90.73999786376953
2016-02-04,22.462125778198242,89.70999908447266
2016-02-05,21.86220932006836,82.79000091552734
2016-02-08,22.092409133911133,83.31999969482422
2016-02-09,22.087757110595703,86.12999725341797
2016-02-10,21.920339584350586,88.44999694824219
2016-02-11,21.787796020507812,86.3499984741211
2016-02-12,21.85523223876953,87.4000015258789
2016-02-16,22.47142791748047,89.05000305175781
2016-02-17,22.81556510925293,94.76000213623047
2016-02-18,22.38306999206543,90.48999786376953
2016-02-19,22.33191680908203,89.2300033569336
2016-02-22,22.527231216430664,91.93000030517578
2016-02-23,22.018001556396484,89.12000274658203
2016-02-24,22.345863342285156,91.61000061035156
2016-02-25,22.499330520629883,94.52999877929688
2016-02-26,22.534208297729492,94.79000091552734
2016-02-29,22.483057022094727,93.41000366210938
2016-03-01,23.37596321105957,98.30000305175781
2016-03-02,23.42711639404297,97.61000061035156
2016-03-03,23.601511001586914,97.93000030517578
2016-03-04,23.952627182006836,101.58000183105469
2016-03-07,23.687551498413086,95.48999786376953
2016-03-08,23.492223739624023,96.2300033569336
2016-03-09,23.513154983520508,98.0
2016-03-10,23.5247745513916,97.36000061035156
2016-03-11,23.778234481811523,97.66000366210938
2016-03-14,23.838687896728516,98.12999725341797
2016-03-15,24.31770133972168,97.86000061035156
2016-03-16,24.640911102294922,99.3499984741211
2016-03-17,24.60137939453125,99.72000122070312
2016-03-18,24.629283905029297,101.12000274658203
2016-03-21,24.6269588470459,101.05999755859375
2016-03-22,24.8153018951416,99.83999633789062
2016-03-23,24.678110122680664,99.58999633789062
2016-03-24,24.571147918701172,98.36000061035156
2016-03-28,24.45953369140625,101.20999908447266
2016-03-29,25.03852653503418,104.12999725341797
2016-03-30,25.475679397583008,102.19000244140625
2016-03-31,25.343137741088867,102.2300033569336
2016-04-01,25.575666427612305,105.69999694824219
2016-04-04,25.838420867919922,104.3499984741211
2016-04-05,25.533809661865234,104.94000244140625
2016-04-06,25.80121612548828,104.83000183105469
2016-04-07,25.238500595092773,104.44999694824219
2016-04-08,25.266407012939453,103.80999755859375
2016-04-11,25.350114822387695,102.68000030517578
2016-04-12,25.68030548095703,106.9800033569336
2016-04-13,26.052345275878906,109.6500015258789
2016-04-14,26.06629753112793,110.41999816894531
2016-04-15,25.54311180114746,111.51000213623047
2016-04-18,24.992023468017578,108.4000015258789
2016-04-19,24.85948371887207,94.33999633789062
2016-04-20,24.910642623901367,96.7699966430664
2016-04-21,24.640911102294922,94.9800033569336
2016-04-22,24.57347869873047,95.9000015258789
2016-04-25,24.4339599609375,93.55999755859375
2016-04-26,24.264211654663086,92.43000030517578
2016-04-27,22.745811462402344,91.04000091552734
2016-04-28,22.05055809020996,90.27999877929688
2016-04-29,21.797100067138672,90.02999877929688
2016-05-02,21.773847579956055,93.11000061035156
2016-05-03,22.13193702697754,91.54000091552734
2016-05-04,21.90174102783203,90.79000091552734
2016-05-05,21.81283950805664,89.37000274658203
2016-05-06,21.69118881225586,90.83999633789062
2016-05-09,21.707569122314453,90.54000091552734
2016-05-10,21.854948043823242,92.88999938964844
2016-05-11,21.642059326171875,90.0199966430664
2016-05-12,21.134403228759766,87.73999786376953
2016-05-13,21.176513671875,87.87999725341797
2016-05-16,21.962560653686523,89.12000274658203
2016-05-17,21.871320724487305,88.62999725341797
2016-05-18,22.12164306640625,90.5
2016-05-19,22.03742790222168,89.55000305175781
2016-05-20,22.276042938232422,92.48999786376953
2016-05-23,22.55911636352539,94.88999938964844
2016-05-24,22.90301513671875,97.88999938964844
2016-05-25,23.305397033691406,100.19999694824219
2016-05-26,23.49021339416504,102.80999755859375
2016-05-27,23.476171493530273,103.30000305175781
2016-05-31,23.361541748046875,102.56999969482422
2016-06-01,23.03402328491211,101.51000213623047
2016-06-02,22.860904693603516,101.25
2016-06-03,22.907691955566406,99.58999633789062
2016-06-06,23.073789596557617,100.73999786376953
2016-06-07,23.167369842529297,99.88999938964844
2016-06-08,23.146316528320312,97.86000061035156
2016-06-09,23.31241226196289,97.08999633789062
2016-06-10,23.12057876586914,93.75
2016-06-13,22.772001266479492,93.8499984741211
2016-06-14,22.80007553100586,94.12000274658203
2016-06-15,22.725215911865234,94.29000091552734
2016-06-16,22.821134567260742,95.44000244140625
2016-06-17,22.30178451538086,94.44999694824219
2016-06-20,22.24797821044922,93.80000305175781
2016-06-21,22.437467575073242,90.98999786376953
2016-06-22,22.353246688842773,90.01000213623047
2016-06-23,22.481914520263672,91.66000366210938
2016-06-24,21.850271224975586,88.44000244140625
2016-06-27,21.5321102142334,85.33000183105469
2016-06-28,21.89472198486328,87.97000122070312
2016-06-29,22.084213256835938,91.05999755859375
2016-06-30,22.364946365356445,91.4800033569336
2016-07-01,22.432790756225586,96.66999816894531
2016-07-05,22.222238540649414,97.91000366210938
2016-07-06,22.348569869995117,94.5999984741211
2016-07-07,22.444482803344727,95.0999984741211
2016-07-08,22.617603302001953,97.05999755859375
2016-07-11,22.687780380249023,94.66999816894531
2016-07-12,22.790721893310547,95.97000122070312
2016-07-13,22.662050247192383,96.43000030517578
2016-07-14,23.111225128173828,98.0199966430664
2016-07-15,23.108884811401367,98.38999938964844
2016-07-18,23.354522705078125,98.80999755859375
2016-07-19,23.363882064819336,85.83999633789062
2016-07-20,23.38494300842285,87.91000366210938
2016-07-21,23.260948181152344,85.98999786376953
2016-07-22,23.080814361572266,85.88999938964844
2016-07-25,22.772001266479492,87.66000366210938
2016-07-26,22.61526107788086,91.41000366210938
2016-07-27,24.084423065185547,92.04000091552734
2016-07-28,24.409603118896484,91.6500015258789
2016-07-29,24.379188537597656,91.25
2016-08-01,24.809646606445312,94.37000274658203
2016-08-02,24.442359924316406,93.55999755859375
2016-08-03,24.748821258544922,93.0999984741211
2016-08-04,24.901708602905273,93.44000244140625
2016-08-05,25.280399322509766,97.02999877929688
2016-08-08,25.489734649658203,95.11000061035156
2016-08-09,25.593223571777344,93.98999786376953
2016-08-10,25.402708053588867,93.93000030517578
2016-08-11,25.38624382019043,95.88999938964844
2016-08-12,25.445039749145508,96.58999633789062
2016-08-15,25.750818252563477,95.30999755859375
2016-08-16,25.727296829223633,95.12000274658203
2016-08-17,25.689666748046875,96.37000274658203
2016-08-18,25.656736373901367,96.16000366210938
2016-08-19,25.72259521484375,95.87000274658203
2016-08-22,25.52266502380371,95.26000213623047
2016-08-23,25.60263442993164,95.94000244140625
2016-08-24,25.409765243530273,95.18000030517578
2016-08-25,25.301565170288086,97.31999969482422
2016-08-26,25.153379440307617,97.58000183105469
2016-08-29,25.12516212463379,97.30000305175781
2016-08-30,24.932287216186523,97.44999694824219
2016-08-31,24.955808639526367,97.44999694824219
2016-09-01,25.103992462158203,97.37999725341797
2016-09-02,25.339200973510742,97.37999725341797
2016-09-06,25.332143783569336,100.08999633789062
2016-09-07,25.487382888793945,99.1500015258789
2016-09-08,24.81938362121582,99.66000366210938
2016-09-09,24.257230758666992,96.5
2016-09-12,24.800569534301758,99.05000305175781
2016-09-13,25.390945434570312,96.08999633789062
2016-09-14,26.289451599121094,97.01000213623047
2016-09-15,27.18324851989746,97.33999633789062
2016-09-16,27.030363082885742,99.4800033569336
2016-09-19,26.715181350708008,98.05999755859375
2016-09-20,26.712825775146484,98.25
2016-09-21,26.70812225341797,94.87999725341797
2016-09-22,26.95979881286621,95.83000183105469
2016-09-23,26.510547637939453,95.94000244140625
2016-09-26,26.550533294677734,94.55999755859375
2016-09-27,26.599924087524414,97.06999969482422
2016-09-28,26.802207946777344,97.4800033569336
2016-09-29,26.38588523864746,96.66999816894531
2016-09-30,26.590518951416016,98.55000305175781
2016-10-03,26.465856552124023,102.62999725341797
2016-10-04,26.57875633239746,102.33999633789062
2016-10-05,26.590518951416016,106.27999877929688
2016-10-06,26.78809356689453,105.06999969482422
2016-10-07,26.828075408935547,104.81999969482422
2016-10-10,27.296154022216797,103.33000183105469
2016-10-11,27.35495376586914,100.58999633789062
2016-10-12,27.599573135375977,99.5
2016-10-13,27.514896392822266,100.2300033569336
2016-10-14,27.66777992248535,101.47000122070312
2016-10-17,27.64896583557129,99.80000305175781
2016-10-18,27.630149841308594,118.79000091552734
2016-10-19,27.547821044921875,121.87000274658203
2016-10-20,27.53371238708496,123.3499984741211
2016-10-21,27.42551612854004,127.5
2016-10-24,27.6724910736084,127.33000183105469
2016-10-25,27.813613891601562,126.51000213623047
2016-10-26,27.187952041625977,126.97000122070312
2016-10-27,26.926868438720703,126.47000122070312
2016-10-28,26.74810791015625,126.56999969482422
2016-10-31,26.705768585205078,124.87000274658203
2016-11-01,26.22359275817871,123.30000305175781
2016-11-02,26.24711036682129,122.33999633789062
2016-11-03,25.965776443481445,122.13999938964844
2016-11-04,25.731719970703125,122.02999877929688
2016-11-07,26.1028995513916,124.58000183105469
2016-11-08,26.256563186645508,124.33999633789062
2016-11-09,26.214012145996094,122.19000244140625
2016-11-10,25.483482360839844,115.41999816894531
2016-11-11,25.634788513183594,114.77999877929688
2016-11-14,24.991735458374023,113.37999725341797
2016-11-15,25.322717666625977,113.58999633789062
2016-11-16,26.003602981567383,115.19000244140625
2016-11-17,25.9941463470459,115.02999877929688
2016-11-18,26.0201473236084,115.20999908447266
2016-11-21,26.41497230529785,117.95999908447266
2016-11-22,26.4315185546875,118.04000091552734
2016-11-23,26.29676055908203,117.69000244140625
2016-11-25,26.42915153503418,117.41000366210938
2016-11-28,26.377140045166016,116.93000030517578
2016-11-29,26.351133346557617,117.51000213623047
2016-11-30,26.128902435302734,117.0
2016-12-01,25.885395050048828,117.22000122070312
2016-12-02,25.982322692871094,120.80999755859375
2016-12-05,25.79555320739746,119.16000366210938
2016-12-06,25.9941463470459,124.56999969482422
2016-12-07,26.249473571777344,125.38999938964844
2016-12-08,26.50717544555664,123.23999786376953
2016-12-09,26.939817428588867,122.87999725341797
2016-12-12,26.786144256591797,122.83000183105469
2016-12-13,27.23297691345215,123.77999877929688
2016-12-14,27.23297691345215,123.44000244140625
2016-12-15,27.38191795349121,125.0
2016-12-16,27.417383193969727,124.22000122070312
2016-12-19,27.57577896118164,125.44999694824219
2016-12-20,27.649070739746094,125.12000274658203
2016-12-21,27.675073623657227,126.5
2016-12-22,27.4930362701416,125.58000183105469
2016-12-23,27.54741096496582,125.58999633789062
2016-12-27,27.722362518310547,128.35000610351562
2016-12-28,27.60415267944336,125.88999938964844
2016-12-29,27.597061157226562,125.33000183105469
2016-12-30,27.38191795349121,123.80000305175781
2017-01-03,27.459938049316406,127.48999786376953
2017-01-04,27.429203033447266,129.41000366210938
2017-01-05,27.56869125366211,131.80999755859375
2017-01-06,27.87602996826172,131.07000732421875
2017-01-09,28.13136100769043,130.9499969482422
2017-01-10,28.159732818603516,129.88999938964844
2017-01-11,28.311038970947266,130.5
2017-01-12,28.19283103942871,129.17999267578125
2017-01-13,28.1431884765625,133.6999969482422
2017-01-17,28.370149612426758,132.88999938964844
2017-01-18,28.367780685424805,133.25999450683594
2017-01-19,28.31813621520996,138.41000366210938
2017-01-20,28.370149612426758,138.60000610351562
2017-01-23,28.389057159423828,137.38999938964844
2017-01-24,28.363052368164062,140.11000061035156
2017-01-25,28.81460952758789,139.52000427246094
2017-01-26,28.82879638671875,138.9600067138672
2017-01-27,28.831159591674805,142.4499969482422
2017-01-30,28.75550651550293,141.22000122070312
2017-01-31,28.689308166503906,140.7100067138672
2017-02-01,30.438798904418945,140.77999877929688
2017-02-02,30.386791229248047,139.1999969482422
2017-02-03,30.516820907592773,140.25
2017-02-06,30.802886962890625,140.97000122070312
2017-02-07,31.096044540405273,144.0
2017-02-08,31.216611862182617,144.74000549316406
2017-02-09,31.442188262939453,144.13999938964844
2017-02-10,31.370946884155273,144.82000732421875
2017-02-13,31.648761749267578,143.1999969482422
2017-02-14,32.05954360961914,140.82000732421875
2017-02-15,32.17588424682617,142.27000427246094
2017-02-16,32.13789367675781,142.00999450683594
2017-02-17,32.22575378417969,142.22000122070312
2017-02-21,32.45844650268555,142.60000610351562
2017-02-22,32.55579376220703,143.86000061035156
2017-02-23,32.41807556152344,142.77999877929688
2017-02-24,32.44894790649414,143.25
2017-02-27,32.51305389404297,143.41000366210938
2017-02-28,32.52730178833008,142.1300048828125
2017-03-01,33.192142486572266,142.64999389648438
2017-03-02,32.99506378173828,139.52999877929688
2017-03-03,33.189762115478516,139.13999938964844
2017-03-06,33.085289001464844,141.94000244140625
2017-03-07,33.128028869628906,141.42999267578125
2017-03-08,33.00456237792969,140.32000732421875
2017-03-09,32.9285774230957,140.52999877929688
2017-03-10,33.03779602050781,140.88999938964844
2017-03-13,33.05204391479492,143.52000427246094
2017-03-14,33.00218200683594,143.19000244140625
2017-03-15,33.351226806640625,145.25
2017-03-16,33.40584182739258,144.38999938964844
2017-03-17,33.2396354675293,145.11000061035156
2017-03-20,33.58867645263672,145.8300018310547
2017-03-21,33.204002380371094,142.4199981689453
2017-03-22,33.57917022705078,142.64999389648438
2017-03-23,33.46044921875,141.83999633789062
2017-03-24,33.39396286010742,142.02000427246094
2017-03-27,33.450958251953125,144.05999755859375
2017-03-28,34.144287109375,145.1699981689453
2017-03-29,34.22026443481445,146.47000122070312
2017-03-30,34.17515563964844,148.05999755859375
2017-03-31,34.11104202270508,147.80999755859375
2017-04-03,34.120540618896484,146.9199981689453
2017-04-04,34.37460708618164,145.5
2017-04-05,34.1965217590332,143.6199951171875
2017-04-06,34.11104202270508,143.74000549316406
2017-04-07,34.03506088256836,143.11000061035156
2017-04-10,33.99470138549805,143.85000610351562
2017-04-11,33.62904357910156,144.35000610351562
2017-04-12,33.669403076171875,143.8300018310547
2017-04-13,33.49132537841797,142.9199981689453
2017-04-17,33.67652130126953,147.25
2017-04-18,33.52694320678711,143.36000061035156
2017-04-19,33.40346145629883,139.75999450683594
2017-04-20,33.82136917114258,141.17999267578125
2017-04-21,33.78099822998047,142.8699951171875
2017-04-24,34.10629653930664,143.8300018310547
2017-04-25,34.31761932373047,152.16000366210938
2017-04-26,34.115787506103516,150.1699981689453
2017-04-27,34.141902923583984,153.0800018310547
2017-04-28,34.108673095703125,152.1999969482422
2017-05-01,34.80437088012695,155.35000610351562
2017-05-02,35.02519989013672,156.4499969482422
2017-05-03,34.91835021972656,155.58999633789062
2017-05-04,34.792503356933594,157.25
2017-05-05,35.36949157714844,156.60000610351562
2017-05-08,36.331138610839844,156.3800048828125
2017-05-09,36.5638313293457,157.4600067138672
2017-05-10,36.39049530029297,160.27999877929688
2017-05-11,36.70520782470703,158.5399932861328
2017-05-12,37.21782302856445,160.80999755859375
2017-05-15,37.12245178222656,160.02000427246094
2017-05-16,37.06761932373047,159.41000366210938
2017-05-17,35.82304763793945,153.1999969482422
2017-05-18,36.36903762817383,155.6999969482422
2017-05-19,36.493019104003906,157.02000427246094
2017-05-22,36.714752197265625,157.16000366210938
2017-05-23,36.66944885253906,157.9499969482422
2017-05-24,36.55977249145508,157.75
2017-05-25,36.68613815307617,163.0500030517578
2017-05-26,36.624149322509766,162.42999267578125
2017-05-30,36.638450622558594,163.22000122070312
2017-05-31,36.42148971557617,163.07000732421875
2017-06-01,36.52162551879883,162.99000549316406
2017-06-02,37.06284713745117,165.17999267578125
2017-06-05,36.70044708251953,165.05999755859375
2017-06-06,36.82441711425781,165.1699981689453
2017-06-07,37.04376983642578,165.61000061035156
2017-06-08,36.95317077636719,165.8800048828125
2017-06-09,35.52024459838867,158.02999877929688
2017-06-12,34.67146301269531,151.44000244140625
2017-06-13,34.95042037963867,152.72000122070312
2017-06-14,34.609474182128906,152.1999969482422
2017-06-15,34.402042388916016,151.75999450683594
2017-06-16,33.92043685913086,152.3800048828125
2017-06-19,34.89081573486328,153.39999389648438
2017-06-20,34.57372283935547,152.0500030517578
2017-06-21,34.77875518798828,155.02999877929688
2017-06-22,34.72153854370117,154.88999938964844
2017-06-23,34.87650680541992,158.02000427246094
2017-06-26,34.76683807373047,157.5
2017-06-27,34.268524169921875,151.02999877929688
2017-06-28,34.76921844482422,153.41000366210938
2017-06-29,34.25660705566406,150.08999633789062
2017-06-30,34.337669372558594,149.41000366210938
2017-07-03,34.21369552612305,146.1699981689453
2017-07-05,34.35436248779297,147.61000061035156
2017-07-06,34.03010559082031,146.25
2017-07-07,34.37580871582031,150.17999267578125
2017-07-10,34.58562469482422,152.6699981689453
2017-07-11,34.697689056396484,154.3300018310547
2017-07-12,34.747764587402344,158.75
2017-07-13,35.23176193237305,158.2100067138672
2017-07-14,35.5345573425293,161.1199951171875
2017-07-17,35.65853500366211,161.6999969482422
2017-07-18,35.78252410888672,183.60000610351562
2017-07-19,36.006629943847656,183.86000061035156
2017-07-20,35.844505310058594,183.60000610351562
2017-07-21,35.82781219482422,188.5399932861328
2017-07-24,36.261749267578125,187.91000366210938
2017-07-25,36.416725158691406,186.97000122070312
2017-07-26,36.58838653564453,189.0800018310547
2017-07-27,35.8969612121582,182.67999267578125
2017-07-28,35.64423370361328,184.0399932861328
2017-07-31,35.46064376831055,181.66000366210938
2017-08-01,35.77537155151367,182.02999877929688
2017-08-02,37.46577453613281,180.74000549316406
2017-08-03,37.09145736694336,179.22999572753906
2017-08-04,37.286964416503906,180.27000427246094
2017-08-07,37.863948822021484,181.3300018310547
2017-08-08,38.166751861572266,178.36000061035156
2017-08-09,38.40039825439453,175.77999877929688
2017-08-10,37.17727279663086,169.13999938964844
2017-08-11,37.69429397583008,171.39999389648438
2017-08-14,38.26156997680664,171.0
2017-08-15,38.680450439453125,168.5
2017-08-16,38.52486801147461,169.97999572753906
2017-08-17,37.785247802734375,166.08999633789062
2017-08-18,37.69907760620117,166.5399932861328
2017-08-21,37.629669189453125,166.75999450683594
2017-08-22,38.244815826416016,169.33999633789062
2017-08-23,38.292686462402344,169.05999755859375
2017-08-24,38.12274932861328,168.1300048828125
2017-08-25,38.26397705078125,165.9499969482422
2017-08-28,38.64932632446289,167.1199951171875
2017-08-29,38.99401092529297,168.80999755859375
2017-08-30,39.099334716796875,174.69000244140625
2017-08-31,39.25491714477539,174.7100067138672
2017-09-01,39.266883850097656,174.74000549316406
2017-09-05,38.795345306396484,174.52000427246094
2017-09-06,38.7546501159668,179.25
2017-09-07,38.59906768798828,179.0
2017-09-08,37.96955871582031,176.4199981689453
2017-09-11,38.656517028808594,181.74000549316406
2017-09-12,38.503326416015625,185.14999389648438
2017-09-13,38.21370315551758,183.63999938964844
2017-09-14,37.885780334472656,182.6300048828125
2017-09-15,38.26875686645508,182.35000610351562
2017-09-18,37.9791259765625,184.6199951171875
2017-09-19,37.99348831176758,185.67999267578125
2017-09-20,37.35679244995117,185.50999450683594
2017-09-21,36.71530532836914,188.77999877929688
2017-09-22,36.35627746582031,187.35000610351562
2017-09-25,36.0355339050293,178.5500030517578
2017-09-26,36.65547561645508,179.3800048828125
2017-09-27,36.916378021240234,181.97000122070312
2017-09-28,36.688987731933594,180.6999969482422
2017-09-29,36.89004135131836,181.35000610351562
2017-10-02,36.81584167480469,177.00999450683594
2017-10-03,36.97621536254883,179.19000244140625
2017-10-04,36.73685836791992,184.4499969482422
2017-10-05,37.19403076171875,194.38999938964844
2017-10-06,37.172481536865234,198.02000427246094
2017-10-09,37.30173873901367,196.8699951171875
2017-10-10,37.316097259521484,195.0800018310547
2017-10-11,37.47169494628906,194.9499969482422
2017-10-12,37.34003829956055,195.86000061035156
2017-10-13,37.57701110839844,199.49000549316406
2017-10-16,38.26875686645508,202.67999267578125
2017-10-17,38.40998077392578,199.47999572753906
2017-10-18,38.24003219604492,195.5399932861328
2017-10-19,37.33525466918945,195.1300048828125
2017-10-20,37.39987564086914,194.16000366210938
2017-10-23,37.38072967529297,192.47000122070312
2017-10-24,37.60333251953125,196.02000427246094
2017-10-25,37.438175201416016,193.77000427246094
2017-10-26,37.67753601074219,195.2100067138672
2017-10-27,39.027523040771484,199.5399932861328
2017-10-30,39.905975341796875,198.3699951171875
2017-10-31,40.46128463745117,196.42999267578125
2017-11-01,39.946659088134766,198.0
2017-11-02,40.238677978515625,199.32000732421875
2017-11-03,41.28947067260742,200.00999450683594
2017-11-06,41.708343505859375,200.1300048828125
2017-11-07,41.842384338378906,195.88999938964844
2017-11-08,42.184669494628906,196.44000244140625
2017-11-09,42.09850311279297,193.89999389648438
2017-11-10,41.959171295166016,192.02000427246094
2017-11-13,41.79102325439453,195.0800018310547
2017-11-14,41.159244537353516,195.7100067138672
2017-11-15,40.61635208129883,192.1199951171875
2017-11-16,41.101593017578125,195.50999450683594
2017-11-17,40.873390197753906,193.1999969482422
2017-11-20,40.83254623413086,194.10000610351562
2017-11-21,41.59164047241211,196.22999572753906
2017-11-22,42.028839111328125,196.32000732421875
2017-11-24,42.03124237060547,195.75
2017-11-27,41.81984329223633,195.0500030517578
2017-11-28,41.5748291015625,199.17999267578125
2017-11-29,40.712432861328125,188.14999389648438
2017-11-30,41.28175735473633,187.5800018310547
2017-12-01,41.08958435058594,186.82000732421875
2017-12-04,40.789306640625,184.0399932861328
2017-12-05,40.75086975097656,184.2100067138672
2017-12-06,40.59952926635742,185.3000030517578
2017-12-07,40.67400360107422,185.1999969482422
2017-12-08,40.68600845336914,188.5399932861328
2017-12-11,41.478736877441406,186.22000122070312
2017-12-12,41.245723724365234,185.72999572753906
2017-12-13,41.382652282714844,187.86000061035156
2017-12-14,41.37063980102539,189.55999755859375
2017-12-15,41.79102325439453,190.1199951171875
2017-12-18,42.37956619262695,190.4199981689453
2017-12-19,41.927947998046875,187.02000427246094
2017-12-20,41.88230514526367,188.82000732421875
2017-12-21,42.04085159301758,188.6199951171875
2017-12-22,42.04085159301758,189.94000244140625
2017-12-26,40.974273681640625,187.75999450683594
2017-12-27,40.981483459472656,186.24000549316406
2017-12-28,41.09678649902344,192.7100067138672
2017-12-29,40.652374267578125,191.9600067138672
2018-01-02,41.3802375793457,201.07000732421875
2018-01-03,41.37303161621094,205.0500030517578
2018-01-04,41.565216064453125,205.6300048828125
2018-01-05,42.0384521484375,209.99000549316406
2018-01-08,41.88230514526367,212.0500030517578
2018-01-09,41.877506256103516,209.30999755859375
2018-01-10,41.867889404296875,212.52000427246094
2018-01-11,42.105709075927734,217.24000549316406
2018-01-12,42.54050064086914,221.22999572753906
2018-01-16,42.324310302734375,221.52999877929688
2018-01-17,43.02334976196289,217.5
2018-01-18,43.06178665161133,220.3300018310547
2018-01-19,42.86960983276367,220.4600067138672
2018-01-22,42.51889419555664,227.5800018310547
2018-01-23,42.52849578857422,250.2899932861328
2018-01-24,41.85107421875,261.29998779296875
2018-01-25,41.1039924621582,269.70001220703125
2018-01-26,41.20008087158203,274.6000061035156
2018-01-29,40.34729766845703,284.5899963378906
2018-01-30,40.10948181152344,278.79998779296875
2018-01-31,40.21998977661133,270.29998779296875
2018-02-01,40.3040657043457,265.07000732421875
2018-02-02,38.55526351928711,267.42999267578125
2018-02-05,37.59197998046875,254.25999450683594
2018-02-06,39.16301727294922,265.7200012207031
2018-02-07,38.324649810791016,264.55999755859375
2018-02-08,37.270084381103516,250.10000610351562
2018-02-09,37.7259521484375,249.47000122070312
2018-02-12,39.245506286621094,257.95001220703125
2018-02-13,39.63865661621094,258.2699890136719
2018-02-14,40.36949157714844,266.0
2018-02-15,41.72503662109375,280.2699890136719
2018-02-16,41.589962005615234,278.5199890136719
2018-02-20,41.450069427490234,278.54998779296875
2018-02-21,41.26193618774414,281.0400085449219
2018-02-22,41.606849670410156,278.1400146484375
2018-02-23,42.33045196533203,285.92999267578125
2018-02-26,43.16740417480469,294.1600036621094
2018-02-27,43.02751541137695,290.6099853515625
2018-02-28,42.962379455566406,291.3800048828125
2018-03-01,42.20984649658203,290.3900146484375
2018-03-02,42.5016975402832,301.04998779296875
2018-03-05,42.648826599121094,315.0
2018-03-06,42.61265563964844,325.2200012207031
2018-03-07,42.21707534790039,321.1600036621094
2018-03-08,42.677764892578125,317.0
2018-03-09,43.411014556884766,331.44000244140625
2018-03-12,43.83069610595703,321.29998779296875
2018-03-13,43.40860366821289,315.8800048828125
2018-03-14,43.03956604003906,321.54998779296875
2018-03-15,43.0902214050293,321.0899963378906
2018-03-16,42.938262939453125,318.45001220703125
2018-03-19,42.28219985961914,313.4800109863281
2018-03-20,42.267730712890625,317.5
2018-03-21,41.31017303466797,316.4800109863281
2018-03-22,40.72646713256836,306.70001220703125
2018-03-23,39.78337860107422,300.94000244140625
2018-03-26,41.67197036743164,320.3500061035156
2018-03-27,40.60345458984375,300.69000244140625
