date,AAPL,AMZN,FB,GOOG,NFLX
2014-03-27,71.865677649392,338.47,60.97,558.46,52.025714285714294
2014-03-28,71.785449527132,338.29,60.01,559.99,51.26714285714286
2014-03-31,71.76940390268001,336.365,60.24,556.97,50.28999999999999
2014-04-01,72.425937369838,342.99,62.62,567.16,52.09857142857143
2014-04-02,72.546279553227,341.96,62.72,567.0,51.84
2014-04-03,72.043516653734,333.62,59.49,569.74,50.67
2014-04-04,71.11153330015199,323.0,56.748999999999995,543.14,48.18714285714285
2014-04-07,69.995025265373,317.76,56.95,538.15,48.28571428571429
2014-04-08,69.99101385926,327.07,58.1901,554.9,49.841428571428565
2014-04-09,70.910962994503,331.805,62.41,564.14,50.43285714285714
2014-04-10,69.996362400744,317.11,59.16,540.95,47.81857142857143
2014-04-11,69.478891012169,311.73,58.53,530.6,46.67285714285714
2014-04-14,69.755678033965,315.91,58.89,532.52,47.36857142857142
2014-04-15,69.258250304602,316.08,59.09,536.44,46.60999999999999
2014-04-16,69.39866288991,323.68,59.72,556.54,47.34428571428572
2014-04-17,70.191584164908,324.91,58.94,536.1,49.39142857142856
2014-04-21,71.024619501037,330.87,61.24,528.62,49.784285714285716
2014-04-22,71.095353962163,329.32,63.0301,534.81,53.271428571428565
2014-04-23,70.16617859285999,324.58,61.36,526.94,50.5
2014-04-24,75.918534958872,337.15,60.87,525.16,49.152857142857144
2014-04-25,76.47612040857601,303.83,57.71,516.18,46.01142857142857
2014-04-28,79.437875255325,296.58,56.14,517.15,44.88714285714285
2014-04-29,79.20253943003101,300.38,58.15,527.7,45.69571428571428
2014-04-30,78.903021106928,304.13,59.78,526.66,46.00571428571429
2014-05-01,79.088882923496,307.89,61.15,531.35,48.074142857142846
2014-05-02,79.235967814305,308.01,60.46,527.93,48.664285714285704
2014-05-05,80.356487255198,310.05,61.22,527.81,49.19714285714285
2014-05-06,79.480663587197,297.38,58.53,515.14,46.59857142857143
2014-05-07,79.20253943003101,292.71,57.39,509.96,45.79142857142857
2014-05-08,79.062140216076,288.32,56.76,511.0,45.951428571428565
2014-05-09,78.733045183544,292.24,57.24,518.73,46.93571428571428
2014-05-12,79.712934887152,302.86,59.83,529.92,49.35
2014-05-13,79.83798427642901,304.64,59.83,533.09,49.591428571428565
2014-05-14,79.852775064408,297.62,59.23,526.65,50.268571428571434
2014-05-15,79.17374343446299,295.19,57.919,519.98,49.17
2014-05-16,80.342215684804,297.7,58.0199,520.63,49.98285714285714
2014-05-19,81.294204583815,296.755,59.21,528.86,52.07142857142857
2014-05-20,81.310339988883,301.19,58.56,529.77,53.095714285714294
2014-05-21,81.525478723123,305.01,60.49,538.94,55.8
2014-05-22,81.654561963667,304.91,60.52,545.06,55.97142857142857
2014-05-23,82.576969286721,312.24,61.351000000000006,552.7,57.478571428571435
2014-05-27,84.12327893906999,310.82,63.48,565.95,56.972857142857144
2014-05-28,83.905450970652,310.16,63.51,561.68,57.32
2014-05-29,85.434280600844,313.78,63.83,560.08,59.31428571428571
2014-05-30,85.114261733663,312.55,63.3,559.89,59.69
2014-06-02,84.529353299948,308.84,63.08,553.93,60.29428571428571
2014-06-03,85.724717892068,307.19,62.87,544.94,59.652857142857144
2014-06-04,86.70359913285999,306.78,63.34,544.66,60.45857142857143
2014-06-05,87.04378725637699,323.57,63.18600000000001,553.9,61.19285714285714
2014-06-06,86.80444541453501,329.67,62.5,556.33,61.44714285714285
2014-06-09,88.19343486747101,327.5,62.88,562.12,60.44142857142857
2014-06-10,88.711112446736,332.41,65.77,560.55,61.18428571428571
2014-06-11,88.344031981439,335.2,65.781,558.84,61.42857142857142
2014-06-12,86.866297800629,325.91,64.2901,551.35,60.35
2014-06-13,85.915653518706,326.27,64.5,551.76,61.10142857142856
2014-06-16,86.78158692402201,327.62,64.19,544.28,61.46571428571429
2014-06-17,86.66863908854602,325.62,64.4,543.01,63.378571428571426
2014-06-18,86.762762284776,334.38,65.6,553.37,64.09714285714286
2014-06-19,86.46156805684,327.0,64.3415,554.9,63.05571428571428
2014-06-20,85.567397692655,324.2,64.5,556.36,62.88285714285714
2014-06-23,85.492099135671,327.24,65.37,564.95,62.78857142857142
2014-06-24,84.97442155640701,324.16,65.72,564.62,62.33714285714286
2014-06-25,85.049720113391,327.44,67.44,578.65,63.45857142857143
2014-06-26,85.557985373032,325.69,67.13,576.0,62.801428571428566
2014-06-27,86.574515892316,324.57,67.6,577.24,63.154285714285706
2014-06-30,87.468686256501,324.78,67.29,575.28,62.94285714285714
2014-07-01,88.02401311425699,332.39,68.06,582.67,67.58571428571429
2014-07-02,87.986363835765,332.85,66.45,582.335,66.67714285714285
2014-07-03,88.50404141503,337.49199999999996,66.29,584.73,67.47857142857143
2014-07-07,90.328148957967,333.55,65.29,582.25,65.80285714285714
2014-07-08,89.746467605266,323.81,62.76,571.09,63.578571428571436
2014-07-09,89.78411688375799,329.97,64.97,576.08,63.28571428571429
2014-07-10,89.449979537141,327.92,64.8725,571.1,62.65
2014-07-11,89.624107450167,346.2,66.34,579.18,62.85142857142856
2014-07-14,90.78182276379499,355.32,67.9,584.87,64.65429999999999
2014-07-15,89.718230646397,354.44,67.165,584.78,64.15571428571428
2014-07-16,89.209965386755,355.9,67.66,582.66,63.491428571428564
2014-07-17,87.61918924727199,352.454,66.4099,573.7299,62.76571428571428
2014-07-18,88.88053419995,358.66,68.4199,595.08,63.45285714285714
2014-07-21,88.418389306461,359.76,69.4,589.47,64.56427142857143
2014-07-22,89.15349146901698,360.84,69.27,594.74,61.584285714285706
2014-07-23,91.47833441589701,358.14,71.29,595.98,61.128571428571426
2014-07-24,91.32773730192899,358.61,74.98,593.35,60.768571428571434
2014-07-25,91.931066989763,324.01,75.19,589.02,60.26571428571428
2014-07-28,93.200788906905,320.41,74.92,590.6,60.665714285714294
2014-07-29,92.598400451033,320.0,73.71,585.61,60.61142857142857
2014-07-30,92.381917099704,322.51,74.67699999999999,587.42,62.051428571428566
2014-07-31,89.98177559583999,312.99,72.65,571.6,60.38857142857143
2014-08-01,90.480628535859,307.06,72.36,566.07,60.771428571428565
2014-08-04,89.97236327621701,313.65,73.51,573.15,60.385714285714286
2014-08-05,89.529984253937,312.32,72.69,565.07,60.40714285714286
2014-08-06,89.37938713996901,313.89,72.47,566.374,61.47142857142857
2014-08-07,89.36997482034599,311.45,73.17,563.36,64.23857142857143
2014-08-08,89.61591251566,316.8,73.06,568.77,63.69285714285714
2014-08-11,90.79830528159401,318.33,73.44,567.88,64.50571428571429
2014-08-12,90.779386997339,319.32,72.83,562.73,63.77285714285714
2014-08-13,91.980698047528,326.28,73.77,574.78,64.50428571428571
2014-08-14,92.226635742842,333.21,74.296,574.65,64.41
2014-08-15,92.680674564961,333.63,73.63,573.48,65.58428571428571
2014-08-18,93.796853336002,334.53,74.59,582.16,66.57142857142857
2014-08-19,95.09275580746599,335.13,75.29,586.86,66.87857142857142
2014-08-20,95.13059237597601,335.78,74.81,584.49,67.45571428571428
2014-08-21,95.14005151810301,332.91,74.57,583.37,67.43571428571428
2014-08-22,95.84002803553601,331.59,74.57,582.56,68.45571428571428
2014-08-25,96.04812916234002,334.02,75.02,580.2,68.70428571428572
2014-08-26,95.432339009842,341.83,75.9601,577.86,68.48
2014-08-27,96.606218547861,343.18,74.63,571.0,67.8142857142857
2014-08-28,96.719728253391,340.02,73.855,569.2,67.88714285714285
2014-08-29,96.956206806577,339.04,74.82,571.6,68.2342857142857
2014-09-02,97.712938176775,342.38,76.68,577.33,68.08571428571429
2014-09-03,93.58875220919799,339.0,75.83,577.94,68.19857142857144
2014-09-04,92.813102554745,345.95,75.95,581.98,67.52428571428571
2014-09-05,93.61712963558,346.38,77.26,586.08,67.95428571428572
2014-09-08,93.040121965804,342.34,77.89,589.72,68.47571428571429
2014-09-09,92.690133707088,329.75,76.67,581.01,68.42999999999999
2014-09-10,95.53733548745701,331.33,77.43,583.1,69.19857142857144
2014-09-11,95.944078598938,330.52,77.92,581.35,68.7942857142857
2014-09-12,96.16163886786998,331.19,77.48,575.62,68.07857142857142
2014-09-15,96.13326144148701,323.89,74.58,573.1,65.39285714285714
2014-09-16,95.404907497672,327.76,76.08,579.95,65.27285714285715
2014-09-17,96.08596573084999,324.0,76.43,584.77,64.93285714285713
2014-09-18,96.284607715527,325.0,77.0,589.27,65.57285714285713
2014-09-19,95.499498918947,331.32,77.91,596.08,65.36
2014-09-22,95.594090340222,324.5,76.8,587.37,63.25428571428571
2014-09-23,97.088634796362,323.63,78.29,581.13,63.414285714285704
2014-09-24,96.246771147017,328.21,78.535,587.99,64.36571428571428
2014-09-25,92.576624001558,321.93,77.22,575.06,63.35571428571429
2014-09-26,95.30085693427,323.21,78.79,577.1,64.10714285714285
2014-09-29,94.695471838112,321.82,79.0,576.36,64.22285714285714
2014-09-30,95.30085693427,322.44,79.04,577.36,64.45428571428572
2014-10-01,93.815771620257,317.46,76.55,568.27,62.68571428571428
2014-10-02,94.496829853435,318.41,77.08,570.08,64.28285714285714
2014-10-03,94.23197387386601,322.74,77.44,575.28,65.64857142857143
2014-10-06,94.23197387386601,322.2,77.555,577.35,66.21142857142857
2014-10-07,93.409028508776,316.98,76.29,563.74,65.17857142857143
2014-10-08,95.348152644907,322.7,77.52,572.5,66.69428571428571
2014-10-09,95.556253771712,315.37,75.91,560.88,65.94571428571429
2014-10-10,95.281938650015,311.39,72.91,544.49,64.58285714285714
2014-10-13,94.41169757428801,306.45,72.99,533.21,62.654285714285706
2014-10-14,93.409028508776,308.31,73.59,537.94,64.16
2014-10-15,92.26447231135201,305.97,73.21,530.03,64.08428571428571
2014-10-16,91.053702119036,302.86,72.63,524.51,51.671428571428564
2014-10-17,92.387441159009,303.64,75.95,511.17,51.01285714285714
2014-10-20,94.36440186365,306.21,76.95,520.84,51.31714285714286
2014-10-21,96.927829380195,315.33,78.69,526.54,52.284285714285716
2014-10-22,97.419704770824,312.97,78.37,532.71,53.521428571428565
2014-10-23,99.160186922278,313.18,80.04,543.98,54.72
2014-10-24,99.52909346525,287.06,80.67,539.78,55.00285714285714
2014-10-27,99.42504290184701,289.97,80.28,540.77,54.2
2014-10-28,100.96688306863001,295.59,80.77,548.9,55.174285714285716
2014-10-29,101.53443159626998,294.12,75.86,549.33,54.014285714285705
2014-10-30,101.19390247968,299.07,74.11,550.31,54.14428571428571
2014-10-31,102.15873497669001,305.46,74.99,559.08,56.10999999999999
2014-11-03,103.48301487453001,305.72,73.88,555.22,55.48714285714286
2014-11-04,102.72628350433,302.81,75.76,554.11,54.68285714285714
2014-11-05,102.97222119965001,296.52,74.83,545.92,54.34
2014-11-06,103.2654546056,296.64,75.26,542.04,54.757142857142846
2014-11-07,103.55995590208,299.86,75.6,541.01,54.88
2014-11-10,103.38895514929001,305.11,75.0,547.49,55.32428571428571
2014-11-11,104.2154587878,312.01,74.61,550.29,54.65
2014-11-12,105.68796527021999,311.51,74.72,547.31,54.83714285714286
2014-11-13,107.17947183628,316.48,74.25,545.38,54.201428571428565
2014-11-14,108.47147752408002,327.82,74.88,544.4,55.14857142857144
2014-11-17,108.29097672945998,323.05,74.24,536.51,54.448571428571434
2014-11-18,109.69698291911999,324.93,74.34,535.03,54.43285714285714
2014-11-19,108.93697957336,326.54,73.33,536.99,51.871428571428574
2014-11-20,110.49498643217,330.54,73.6,534.83,52.591428571428565
2014-11-21,110.64698710133001,332.63,73.75,537.5,51.46857142857142
2014-11-24,112.69424611398,335.64,74.01,539.27,50.924285714285716
2014-11-25,111.72049182722,335.04,75.63,541.08,49.85571428571429
2014-11-26,113.05049768229999,333.57,77.62,540.37,50.165714285714294
2014-11-28,112.98399738955,338.64,77.7,541.83,49.51285714285714
2014-12-01,109.31698124624,326.0,75.1,533.8,48.83
2014-12-02,108.89897940607,326.31,75.46,533.75,50.33
2014-12-03,110.13398484293998,316.5,74.88,531.32,50.731428571428566
2014-12-04,109.71598300277,316.93,75.24,537.31,50.085714285714296
2014-12-05,109.25048095349001,312.63,76.36,525.26,50.131428571428565
2014-12-08,106.78047007976,306.64,76.52,526.98,48.49714285714286
2014-12-09,108.41447727315,312.5,76.84,533.37,49.11142857142857
2014-12-10,106.35296819775999,305.84,76.18,526.06,47.76
2014-12-11,106.03946681764,307.36,77.73,528.34,47.804285714285705
2014-12-12,104.24395891326999,307.32,77.83,518.66,47.78285714285714
2014-12-15,102.81420261905001,306.07,76.99,513.8,46.72
2014-12-16,101.40819642939002,295.06,74.69,495.39,45.20571428571429
2014-12-17,103.93995757497,298.88,76.11,504.89,47.664285714285704
2014-12-18,107.01797112531,297.73,78.4,511.1,47.77428571428571
2014-12-19,106.19146748679,299.9,79.88,516.35,48.588571428571434
2014-12-22,107.29347233815001,306.54,81.45,524.87,48.097142857142856
2014-12-23,106.91347066526,306.285,80.61,530.59,48.061428571428564
2014-12-24,106.40996844870001,303.03,80.77,528.77,48.871428571428574
2014-12-26,108.29097672945998,309.09,80.775,534.03,48.578571428571436
2014-12-29,108.21497639488001,312.04,80.02,530.33,48.847142857142856
2014-12-30,106.89447058161998,310.3,79.22,530.42,49.03285714285714
2014-12-31,104.8614616317,310.35,78.02,526.4,48.801428571428566
2015-01-02,103.86395724039,308.52,78.45,524.81,49.84857142857143
2015-01-05,100.9379443592,302.19,77.19,513.87,47.311428571428564
2015-01-06,100.94744440102,295.29,76.15,501.96,46.50142857142857
2015-01-07,102.36295063250999,298.42,76.15,501.1,46.74285714285714
2015-01-08,106.29596794683,300.46,78.175,502.68,47.779285714285706
2015-01-09,106.40996844870001,296.93,77.74,496.17,47.04142857142857
2015-01-12,103.78795690580999,291.41,76.72,492.55,45.54714285714285
2015-01-13,104.70946096255,294.74,76.45,496.18,46.25571428571429
2015-01-14,104.31045920603,293.27,76.28,500.87,46.32
2015-01-15,101.47944674306,286.95,74.05,501.79,46.25142857142857
2015-01-16,100.69094327183001,290.74,75.18,508.08,48.19142857142857
2015-01-20,103.28445468924,289.44,76.24,506.9,49.828571428571436
2015-01-21,104.07295816047,297.25,76.74,518.04,58.46857142857142
2015-01-22,106.78047007976,310.32,77.65,534.39,61.205714285714286
2015-01-23,107.33147250543001,312.39,77.83,539.95,62.49357142857142
2015-01-26,107.4454730073,309.66,77.495,535.21,63.79428571428571
2015-01-27,103.68345644576999,306.75,75.78,518.63,64.88142857142857
2015-01-28,109.54498224996999,303.91,76.24,510.0,63.20857142857143
2015-01-29,112.95549726408001,311.78,78.0,510.66,63.4
2015-01-30,111.30248998705,354.53,75.91,534.52,63.11428571428571
2015-02-02,112.69899613488998,364.47,74.99,528.48,63.00928571428571
2015-02-03,112.71799621853,363.55,75.4,529.24,65.27428571428571
2015-02-04,113.58250002433998,364.75,75.63,522.76,64.10142857142857
2015-02-05,114.39000357921002,373.89,75.615,527.58,64.13
2015-02-06,113.42673941701,374.28,74.47,531.0,63.48
2015-02-09,114.18018366268998,370.56,74.44,527.83,63.295
2015-02-10,116.37375551722,372.995,75.19,536.94,64.85
2015-02-11,119.10141443198,375.14,76.51,535.97,64.9842857142857
2015-02-12,120.60830292335,377.17,76.23,542.93,65.24714285714286
2015-02-13,121.19961359718,381.83,75.74,549.01,66.58571428571429
2015-02-17,121.91490876713999,375.43,75.6,542.84,67.13714285714285
2015-02-18,122.75895706768999,373.37,76.71,539.7,67.86571428571428
2015-02-19,122.50621944097,378.995,79.42,542.87,67.8
2015-02-20,123.50286404443999,383.66,79.895,538.95,68.3142857142857
2015-02-23,126.84567680536001,380.14,78.84,531.91,67.40571428571428
2015-02-24,126.05408348395001,378.59,78.45,536.09,67.83999999999999
2015-02-25,122.83048658468,385.37,79.56,543.87,68.33285714285714
2015-02-26,124.38029278625,384.8,80.41,555.48,69.00428571428571
2015-02-27,122.5157567099,380.16,78.97,558.4,67.84428571428572
2015-03-02,123.11660465266,385.655,79.75,571.34,68.60714285714285
2015-03-03,123.37411091385,384.61,79.6,573.64,67.81571428571428
2015-03-04,122.59205486136001,382.72,80.895,573.37,67.11
2015-03-05,120.56061657868999,387.83,81.21,575.33,66.80714285714285
2015-03-06,120.74182468841002,380.09,80.005,567.685,64.8742857142857
2015-03-09,121.25683721078,378.56,79.44,568.85,63.661428571428566
2015-03-10,118.74853548147,369.51,77.55,555.01,62.15142857142857
2015-03-11,116.58357543373998,366.37,77.57,551.18,62.88428571428571
2015-03-12,118.69131186788,374.24,78.93,555.51,64.04571428571428
2015-03-13,117.87110673966002,370.58,78.05,547.32,62.628571428571426
2015-03-16,119.16817531451001,373.35,78.07,554.51,60.28142857142856
2015-03-17,121.16146452145,371.92,79.365,550.84,59.78857142857142
2015-03-18,122.52529397883,375.135,80.91,559.5,60.44571428571428
2015-03-19,121.59541025789,373.24,82.75,557.99,60.74428571428571
2015-03-20,120.07421586312,378.49,83.8,560.36,61.185
2015-03-23,121.32359809331001,375.11,84.43,558.81,60.71428571428571
2015-03-24,120.82766010881001,374.09,85.31,570.19,62.61142857142857
2015-03-25,117.67082409206999,370.96,82.92,558.785,60.25
2015-03-26,118.49102922028999,367.35,83.01,555.17,59.75142857142857
2015-03-27,117.54683959594999,370.56,83.3,548.34,59.25285714285714
2015-03-30,120.52246750296001,374.59,83.195,552.03,60.36714285714285
2015-03-31,118.67223733001002,372.1,82.215,548.0,59.527142857142856
2015-04-01,118.50056648921999,370.255,81.665,542.56,59.01714285714286
2015-04-02,119.52105426501998,372.25,81.555,535.53,59.154285714285706
2015-04-06,121.45711985836999,377.04,82.44,536.765,60.33
2015-04-07,120.17912582138001,374.41,82.32,537.02,60.49428571428571
2015-04-08,119.78809779514,381.2,82.275,541.61,63.05
2015-04-09,120.70367561268,383.54,82.17,540.78,62.78571428571429
2015-04-10,121.21868813504999,382.65,82.04,540.01,64.93857142857142
2015-04-13,120.98025641173,382.36,83.01,539.17,67.81142857142856
2015-04-14,120.45570662043,385.11,83.515,530.39,68.38714285714285
2015-04-15,120.9134955292,383.45,82.705,532.53,67.92285714285714
2015-04-16,120.33172212431002,386.04,82.31,533.8,80.29285714285712
2015-04-17,118.97742993586,375.56,80.775,524.05,81.64999999999998
2015-04-20,121.69555158168998,389.51,83.09,535.38,81.05571428571426
2015-04-21,121.03748002533001,391.18,83.62,533.97,80.06285714285714
2015-04-22,122.66835301283001,389.8,84.63,539.365,79.66857142857141
2015-04-23,123.66976625076,389.99,82.41,547.0,79.86571428571428
2015-04-24,124.25153965566003,445.1,81.53,565.06,79.77071428571428
2015-04-27,126.51187239272,438.56,81.91,555.37,80.86857142857143
2015-04-28,124.51858318578002,429.31,80.68,553.68,80.43714285714285
2015-04-29,122.68742755068999,429.37,80.465,549.08,80.40714285714286
2015-04-30,119.35892069316999,421.78,78.77,537.34,79.5
2015-05-01,122.98308288761001,422.87,78.99,537.9,79.57571428571428
2015-05-04,122.74465116428999,423.04,78.81,540.78,79.27142857142857
2015-05-05,119.97884317379,421.19,77.56,530.8,80.79285714285712
2015-05-06,119.22539892811001,419.1,78.1,524.22,80.07714285714285
2015-05-07,119.95976863593,426.88,78.425,530.7,80.74857142857142
2015-05-08,122.21990797793998,433.69,78.51,538.22,82.08571428571429
2015-05-11,120.97491596751001,432.85,78.01,535.7,84.27785714285714
2015-05-12,120.53916876386002,431.02,77.46,529.04,83.37714285714286
2015-05-13,120.67803325733,426.87,78.44,529.62,82.87285714285714
2015-05-14,123.49363057322999,432.28,81.37,538.4,83.83571428571429
2015-05-15,123.32124706409999,426.0,80.42,533.85,87.60714285714285
2015-05-18,124.68116141395001,425.24,80.88,532.3,88.26714285714287
2015-05-19,124.56623907453002,421.71,80.63,537.36,88.06857142857143
2015-05-20,124.55666221291,423.86,80.55,539.27,88.78999999999998
2015-05-21,125.8303848082,431.63,80.48,542.51,89.00285714285714
2015-05-22,126.93172389435,427.63,80.54,540.11,88.83857142857143
2015-05-26,124.13528030168999,425.47,79.335,532.32,87.99285714285715
2015-05-27,126.45766924421999,431.42,80.55,539.79,89.85714285714285
2015-05-28,126.20388241133001,426.57,80.145,539.78,89.50714285714285
2015-05-29,124.76735316851999,429.23,79.19,532.11,89.15142857142855
2015-06-01,125.01156313979999,430.92,80.29,533.99,89.00285714285714
2015-06-02,124.46089359671998,430.99,80.445,539.18,89.13
2015-06-03,124.61412338262,436.59,82.44,540.31,88.80857142857144
2015-06-04,123.8862818996,430.78,82.05,536.7,89.34857142857143
2015-06-05,123.20632472467,426.95,82.14,533.33,90.46
2015-06-08,122.39229148708,423.5,80.67,526.83,89.6042857142857
2015-06-09,122.02837074556999,425.48,80.67,526.69,92.45
2015-06-10,123.4265925419,430.77,82.16,536.69,95.87142857142857
2015-06-11,123.14886355496,432.97,81.83,534.61,95.0942857142857
2015-06-12,121.7889492051,429.92,81.53,532.33,94.41857142857141
2015-06-15,121.54952766463,423.67,80.71,527.2,93.43142857142857
2015-06-16,122.20075425471,427.26,81.06,528.15,95.27285714285713
2015-06-17,121.91344840615,427.81,81.79,529.26,94.27142857142857
2015-06-18,122.46890638003,439.39,82.905,536.73,94.74285714285715
2015-06-19,121.24306809283999,434.92,82.51,536.69,93.87142857142857
2015-06-22,122.21033111633001,436.29,84.74,538.19,96.41428571428571
2015-06-23,121.65487314244,445.99,87.88,540.48,97.31285714285713
2015-06-24,122.68917419726002,440.84,88.86,537.84,96.94428571428571
2015-06-25,122.10498563851999,440.1,87.98,535.23,94.89142857142856
2015-06-26,121.38672101712,438.1,88.01,531.69,93.08857142857143
2015-06-29,119.26065773776001,429.86,85.8,521.52,92.23142857142857
2015-06-30,120.11778685264,434.09,85.765,520.51,93.84857142857143
2015-07-01,121.24306809283999,437.39,86.91,521.84,93.63571428571429
2015-07-02,121.08983830693998,437.71,87.285,523.4,94.04428571428569
2015-07-06,120.66845639571001,436.04,87.55,522.86,94.57142857142857
2015-07-07,120.37157368553001,436.72,87.22,525.02,94.09142857142857
2015-07-08,117.38359286049999,429.7,85.65,516.83,93.50714285714285
2015-07-09,114.98937745581999,434.39,85.88,520.68,95.72714285714285
2015-07-10,118.06355003542,443.51,87.95,530.13,97.22857142857143
2015-07-13,120.34284310068001,455.57,90.1,546.55,101.08714285714285
2015-07-14,120.29495879258002,465.57,89.68,561.1,100.37142857142857
2015-07-15,121.45375904845,461.19,89.76,560.22,98.13
2015-07-16,123.07224866201,475.48,90.85,579.85,115.81
2015-07-17,124.13528030168999,483.01,94.97,672.93,114.77
2015-07-20,126.48161139826999,488.1,97.91,663.02,110.55
2015-07-21,125.21746566459998,488.0,98.39,662.3,112.51
2015-07-22,119.92146118945,488.27,97.04,662.1,111.5
2015-07-23,119.86400001973999,482.18,95.44,644.28,110.1
2015-07-24,119.23192715291,529.42,96.95,623.56,109.34
2015-07-27,117.57513009286998,531.41,94.17,627.26,106.43
2015-07-28,118.15931865161001,526.03,95.29,628.0,106.9
2015-07-29,117.78582104848,529.0,96.99,631.93,107.08
2015-07-30,117.19205562812,536.76,95.21,632.59,111.56
2015-07-31,116.16733143491999,536.15,94.01,625.61,114.31
2015-08-03,113.42834901196998,535.03,94.14,631.21,112.56
2015-08-04,109.78914159685999,531.9,94.06,629.25,121.15
2015-08-05,110.51698307988,537.01,96.44,643.78,123.71
2015-08-06,110.75640462035,529.46,95.12,642.68,126.45
2015-08-07,111.13158917522,522.62,94.3,635.3,123.52
2015-08-10,115.17203822764,524.0,94.15,633.73,123.03
2015-08-11,109.17870546655001,527.46,93.62,660.78,122.74
2015-08-12,110.86222590506,525.91,94.19,659.56,120.51
2015-08-13,110.77564485392999,529.66,93.43,656.45,123.73
2015-08-14,111.55487431403999,531.52,94.42,657.12,123.39
2015-08-17,112.70928832902,535.22,93.93,660.87,125.36
2015-08-18,112.07436062078001,535.02,95.17,656.13,124.05
2015-08-19,110.64096321885,532.92,95.31,660.9,122.06
2015-08-20,108.37061565606,515.78,90.56,646.83,112.49
2015-08-21,101.74235518673001,494.47,86.06,612.48,103.96
2015-08-24,99.202644353779,463.37,82.09,589.61,96.88
2015-08-25,99.79909159485099,466.37,83.0,582.06,101.52
2015-08-26,105.52306108578001,500.77,87.19,628.62,110.13
2015-08-27,108.63035880943,518.37,89.73,637.61,117.66
2015-08-28,108.98630313071999,518.01,91.01,630.38,117.63
2015-08-31,108.47643694077,512.89,89.43,618.25,115.03
2015-09-01,103.62789807786,496.54,87.23,597.79,105.79
2015-09-02,108.07239203553002,510.55,89.89,614.34,105.44
2015-09-03,106.1772290276,504.72,88.15,606.25,101.06
2015-09-04,105.11901618054002,499.0,88.26,600.7,98.79
2015-09-08,108.04353168515,517.54,89.53,614.66,94.95
2015-09-09,105.96558645819,516.89,90.44,612.72,99.18
2015-09-10,108.29365472173001,522.24,91.98,621.35,99.48
2015-09-11,109.87135387553002,529.44,92.05,625.77,97.51
2015-09-14,110.9295667226,521.38,92.31,623.24,95.69
2015-09-15,111.86271805137,522.37,92.9,635.14,99.16
2015-09-16,111.98777956966002,527.39,93.45,635.98,104.08
2015-09-17,109.59237048858,538.87,94.34,642.9,104.21
2015-09-18,109.14022499938,540.26,94.4,629.25,102.62
2015-09-21,110.83336555468,548.39,95.55,635.44,100.3
2015-09-22,109.09212441542,538.4,92.96,622.69,98.47
2015-09-23,109.97717516023998,536.07,93.97,622.36,98.07
2015-09-24,110.63134310206001,533.75,94.41,625.8,103.76
2015-09-25,110.35235971511001,524.25,92.77,611.97,102.24
2015-09-28,108.16859320344,504.06,89.21,594.89,99.47
2015-09-29,104.91699372792,496.07,86.67,594.97,98.35
2015-09-30,105.77318412236001,511.67,89.73,608.42,103.24
2015-10-01,105.41723980108,520.72,90.95,611.29,105.98
2015-10-02,106.1868491444,532.54,92.07,626.91,106.11
2015-10-05,106.57165381605999,543.68,94.01,641.47,111.25
2015-10-06,107.081520006,537.48,92.8,645.44,108.33
2015-10-07,106.57165381605999,541.94,92.4,642.36,108.1
2015-10-08,105.34027886675,533.16,92.47,639.16,114.93
2015-10-09,107.86074946611001,539.8,93.24,643.61,113.33
2015-10-12,107.36050339296,550.19,94.26,646.67,113.45
2015-10-13,107.543285612,548.9,94.12,652.3,109.73
2015-10-14,106.02330715894001,544.83,94.07,651.16,110.23
2015-10-15,107.61062642954,562.44,95.96,661.74,101.09
2015-10-16,106.82177685263001,570.76,97.54,662.2,98.99
2015-10-19,107.48556491125,573.15,98.47,666.1,101.69
2015-10-20,109.44806873671,560.88,97.0,650.28,98.99
2015-10-21,109.43844861991998,555.77,97.11,642.61,97.96
2015-10-22,111.11234894164,563.91,99.67,651.79,97.32
2015-10-23,114.55635075299,599.03,102.19,702.0,100.04
2015-10-26,110.90070637222,608.61,103.77,712.78,103.04
2015-10-27,110.19843784645,611.01,103.7,708.49,103.07
2015-10-28,114.73913297203,617.1,104.2,712.95,105.8
2015-10-29,115.95126768774999,626.55,104.88,716.92,105.12
2015-10-30,114.96039565823,625.9,101.97,710.81,108.38
2015-11-02,116.5765752792,628.35,103.31,721.11,107.64
2015-11-03,117.91377151321001,625.31,102.58,722.16,109.74
2015-11-04,117.3654248561,640.95,103.94,728.11,114.05
2015-11-05,116.82669831578,655.65,108.76,731.25,113.5
2015-11-06,116.9619591309,659.37,107.095,733.76,114.06
2015-11-09,116.48854627798,655.49,106.49,724.89,109.86
2015-11-10,112.81718129616999,659.68,107.91,728.32,112.7
2015-11-11,112.17952316774999,673.25,109.01,735.4,112.86
2015-11-12,111.80272518278,665.6,108.02,731.23,108.92
2015-11-13,108.53714264633001,642.35,103.95,717.0,103.65
2015-11-16,110.31002547307,647.81,104.04,728.96,111.35
2015-11-17,109.84144336355,643.3,105.13,725.3,117.1
2015-11-18,113.31957860946999,663.54,107.77,740.0,120.63
2015-11-19,114.75914014181002,661.27,106.26,738.41,120.22
2015-11-20,115.26153745511002,668.45,107.32,756.6,123.84
2015-11-23,113.76400700201,678.99,106.95,755.98,125.03
2015-11-24,114.85575500976002,671.15,105.74,748.28,123.31
2015-11-25,114.03452863225,675.34,105.41,748.15,124.16
2015-11-27,113.82197592277001,673.26,105.45,750.26,125.44
2015-11-30,114.29538877568999,664.8,104.24,742.6,123.33
2015-12-01,113.36788604344,679.06,107.12,767.04,125.37
2015-12-02,112.34376844326,676.01,106.07,762.38,128.93
2015-12-03,111.30032786948,666.25,104.38,752.54,126.81
2015-12-04,115.00067731167,672.64,106.18,766.81,130.93
2015-12-07,114.27606580209999,669.83,105.61,763.25,125.36
2015-12-08,114.22775836813,677.33,106.49,762.37,126.98
2015-12-09,111.70611031483999,664.79,104.6,751.61,124.2
2015-12-10,112.23749208852,662.32,105.42,749.46,122.91
2015-12-11,109.34870753705,640.15,102.12,738.87,118.91
2015-12-14,108.67240346145,657.91,104.66,747.77,120.67
2015-12-15,106.74976758940001,658.64,104.55,743.4,118.6
2015-12-16,107.57099396691,675.77,106.79,758.09,122.64
2015-12-17,105.29088308347,670.65,106.22,749.43,122.51
2015-12-18,102.44074447918001,664.14,104.04,739.31,118.02
2015-12-21,103.69673776241999,664.51,104.77,747.77,116.63
2015-12-22,103.60012289448,663.15,105.51,750.0,116.24
2015-12-23,104.93340807209,663.7,104.63,750.31,118.16
2015-12-24,104.37304183802,662.79,105.02,748.4,117.33
2015-12-28,103.20400193591999,675.2,105.93,762.51,117.11
2015-12-29,105.05900740041001,693.97,107.26,776.6,119.12
2015-12-30,103.68707627562999,689.07,106.22,771.0,116.71
2015-12-31,101.69680999602,675.89,104.66,758.88,114.38
2016-01-04,101.78376337716999,636.99,102.22,741.84,109.96
2016-01-05,99.233130863492,633.79,102.73,742.58,107.66
2016-01-06,97.29117201785299,632.65,102.97,743.62,117.68
2016-01-07,93.185040130307,607.94,97.92,726.39,114.56
2016-01-08,93.677775956812,607.05,97.33,714.47,111.39
2016-01-11,95.194629383506,617.74,97.51,716.03,114.97
2016-01-12,96.57622199508002,617.89,99.37,726.07,116.58
2016-01-13,94.093219888964,581.81,95.44,700.56,106.56
2016-01-14,96.151116576134,593.0,98.37,714.72,107.06
2016-01-15,93.842021232314,570.18,94.97,694.45,104.04
2016-01-19,93.38793135298599,574.48,95.26,701.79,107.89
2016-01-20,93.513530681311,571.77,94.35,698.45,107.74
2016-01-21,93.04011782839399,575.02,94.16,706.59,102.35
2016-01-22,97.986799067037,596.38,97.94,725.25,100.72
2016-01-25,96.07382468178001,596.53,97.01,711.67,99.12
2016-01-26,96.605206455463,601.25,97.34,713.04,97.83
2016-01-27,90.257609631657,583.35,94.45,699.99,91.15
2016-01-28,90.90492924687,635.35,109.11,730.96,94.41
2016-01-29,94.044912454993,587.0,112.21,742.95,91.84
2016-02-01,93.165717156719,574.81,115.09,752.0,94.09
2016-02-02,91.281727231844,552.1,114.61,764.65,91.49
2016-02-03,93.08842526236499,531.07,112.69,726.95,90.74
2016-02-04,93.83235974552,536.26,110.49,708.01,89.71
2016-02-05,91.32627808772,502.13,104.07,683.57,82.79
2016-02-08,92.28791407269001,488.1,99.75,682.74,83.32
2016-02-09,92.268487083095,482.07,99.54,678.11,86.13
2016-02-10,91.569115457662,490.48,101.0,684.12,88.45
2016-02-11,91.015446254195,503.82,101.91,683.11,86.35
2016-02-12,91.297137603327,507.08,102.01,682.4,87.4
2016-02-16,93.871213724711,521.1,101.61,691.0,89.05
2016-02-17,95.308810954766,534.1,105.2,708.4,94.76
2016-02-18,93.50210092239901,525.0,103.47,697.35,90.49
2016-02-19,93.28840403685,534.9,104.57,700.91,89.23
2016-02-22,94.104337599855,559.5,107.16,706.46,91.93
2016-02-23,91.977082239165,552.94,105.46,695.85,89.12
2016-02-24,93.346685005636,554.04,106.88,699.56,91.61
2016-02-25,93.987775662283,555.15,108.07,705.75,94.53
2016-02-26,94.13347808424801,555.23,107.92,705.07,94.79
2016-02-29,93.919781198699,552.52,106.92,697.77,93.41
2016-03-01,97.649763201006,579.04,109.82,718.81,98.3
2016-03-02,97.863460086554,580.21,109.95,718.85,97.61
2016-03-03,98.59197219638,577.49,109.58,712.42,97.93
2016-03-04,100.05870991083,575.14,108.39,710.89,101.58
2016-03-07,98.95137150389401,562.8,105.73,695.16,95.49
2016-03-08,98.13543794088899,560.26,105.93,693.97,96.23
2016-03-09,98.222859394068,559.47,107.51,705.24,98.0
2016-03-10,98.271426868057,558.93,107.32,712.82,97.36
2016-03-11,99.330197801003,569.61,109.41,726.82,97.66
2016-03-14,99.582748665742,573.37,109.89,730.49,98.13
2016-03-15,101.58372859406,577.02,110.67,728.33,97.86
2016-03-16,102.93390437094,574.27,112.18,736.09,99.35
2016-03-17,102.76877495938,559.44,111.02,737.78,99.72
2016-03-18,102.88533689695,552.08,111.45,737.6,101.12
2016-03-21,102.87562340215,553.98,111.85,742.09,101.06
2016-03-22,103.66241648076999,560.48,112.25,740.75,99.84
2016-03-23,103.0893202877,569.63,112.54,738.06,99.59
2016-03-24,102.64249952701,582.95,113.05,735.3,98.36
2016-03-28,102.17625177672,579.87,113.69,733.53,101.21
2016-03-29,104.59491198134,593.86,116.14,744.77,104.13
2016-03-30,106.4210490033,598.69,114.7,750.53,102.19
2016-03-31,105.86737979984001,593.64,114.1,744.95,102.23
2016-04-01,106.83872927959999,598.5,116.06,749.91,105.7
2016-04-04,107.93635419174,593.19,112.55,745.29,104.35
2016-04-05,106.66388637325001,586.14,112.22,737.8,104.94
2016-04-06,107.78093827498002,602.08,113.71,745.69,104.83
2016-04-07,105.43027253394001,591.43,113.64,740.28,104.45
2016-04-08,105.54683447151,594.6,110.63,739.15,103.81
2016-04-11,105.89652028423001,595.93,108.99,736.1,102.68
2016-04-12,107.2758365455,603.17,110.61,743.09,106.98
2016-04-13,108.82999571313,614.82,110.51,751.72,109.65
2016-04-14,108.88827668191,620.75,110.84,753.2,110.42
2016-04-15,106.70274035243999,625.89,109.64,759.0,111.51
2016-04-18,104.40064208538999,635.35,110.45,766.61,108.4
2016-04-19,103.84697288192,627.9,112.29,753.93,94.34
2016-04-20,104.06066976747,632.99,112.42,752.67,96.77
2016-04-21,102.93390437094,631.0,113.44,759.14,94.98
2016-04-22,102.65221302181,620.5,110.56,718.77,95.9
2016-04-25,102.06940333395,626.2,110.1,723.15,93.56
2016-04-26,101.36031821371999,616.88,108.76,708.14,92.43
2016-04-27,95.01740611083599,606.57,108.89,705.84,91.04
2016-04-28,92.11307116633199,602.0,116.73,691.02,90.28
2016-04-29,91.054300233386,659.59,117.58,693.01,90.03
2016-05-02,90.95716528540899,683.85,118.57,698.21,93.11
2016-05-03,92.453043484251,671.32,117.43,692.36,91.54
2016-05-04,91.49140749928101,670.9,118.06,695.7,90.79
2016-05-05,91.12229469696899,659.09,117.81,701.43,89.37
2016-05-06,90.614105151255,673.95,119.49,711.12,90.84
2016-05-09,90.682515282409,679.75,119.24,712.9,90.54
2016-05-10,91.298206462794,703.07,120.5,723.18,92.89
2016-05-11,90.408874757793,713.23,119.52,715.29,90.02
2016-05-12,88.28816069202298,717.93,120.28,713.31,87.74
2016-05-13,88.46407245784701,709.92,119.81,710.83,87.88
2016-05-16,91.747758753233,710.66,118.67,716.49,89.12
2016-05-17,91.36661659394699,695.27,117.35,706.23,88.63
2016-05-18,92.412314313014,697.45,117.65,706.63,90.5
2016-05-19,92.06049078136499,698.52,116.81,700.32,89.55
2016-05-20,93.05732412103599,702.8,117.35,709.74,92.49
2016-05-23,94.23984210241,696.75,115.97,704.24,94.89
2016-05-24,95.676454856642,704.2,117.7,720.09,97.89
2016-05-25,97.357389507852,708.35,117.89,725.27,100.2
2016-05-26,98.12944670230301,714.91,119.47,724.12,102.81
2016-05-27,98.07080944702801,712.24,119.38,732.66,103.3
2016-05-31,97.59193852895099,722.79,118.81,735.72,102.57
2016-06-01,96.223735905873,719.44,118.78,734.15,101.51
2016-06-02,95.500543090818,728.24,118.93,730.4,101.25
2016-06-03,95.6960006084,725.54,118.47,722.34,99.59
2016-06-06,96.389874795818,726.73,118.79,716.55,100.74
2016-06-07,96.78078983098301,723.74,117.76,716.65,99.89
2016-06-08,96.692833948071,726.64,118.39,728.28,97.86
2016-06-09,97.386708135489,727.65,118.56,728.58,97.09
2016-06-10,96.585332313401,717.91,116.62,719.41,93.75
2016-06-13,95.12917380741101,715.24,113.95,718.36,93.85
2016-06-14,95.24644831796,719.3,114.94,718.27,94.12
2016-06-15,94.933716289828,714.26,114.6,718.92,94.29
2016-06-16,95.334404200873,717.51,114.39,710.36,95.44
2016-06-17,93.164825755707,706.39,113.02,691.72,94.45
2016-06-20,92.94004961048701,714.01,113.37,693.71,93.8
2016-06-21,93.73165255669599,715.82,114.38,695.94,90.99
2016-06-22,93.379829025047,710.6,113.91,697.46,90.01
2016-06-23,93.917337198399,722.08,115.08,701.87,91.66
2016-06-24,91.278660711035,698.96,112.08,675.22,88.44
2016-06-27,89.949549591474,691.36,108.97,668.26,85.33
2016-06-28,91.46434535273899,707.95,112.7,680.04,87.97
2016-06-29,92.255948298948,715.6,114.16,684.11,91.06
2016-06-30,93.428693404443,715.62,114.28,692.1,91.48
2016-07-01,93.71210680493799,725.68,114.19,699.21,96.67
2016-07-05,92.832547975816,728.1,114.0,694.49,97.91
2016-07-06,93.360283273289,737.61,116.7,697.77,94.6
2016-07-07,93.760971184333,736.57,115.85,695.36,95.1
2016-07-08,94.484163999389,745.81,117.24,705.63,97.06
2016-07-11,94.777350275762,753.78,117.87,715.09,94.67
2016-07-12,95.20735681444401,748.21,117.93,720.64,95.97
2016-07-13,94.66984864109199,742.63,116.78,716.98,96.43
2016-07-14,96.546240809884,741.2,117.29,720.95,98.02
2016-07-15,96.53646793400499,735.44,116.86,719.85,98.39
2016-07-18,97.562619901313,736.07,119.37,733.78,98.81
2016-07-19,97.60171140483,739.95,120.61,736.96,85.84
2016-07-20,97.689667287742,745.72,121.92,741.19,87.91
2016-07-21,97.17170486614799,744.43,120.61,738.63,85.99
2016-07-22,96.41919342345601,744.86,121.0,742.74,85.89
2016-07-25,95.12917380741101,739.61,121.63,739.77,87.66
2016-07-26,94.47439112351,735.59,121.22,738.42,91.41
2016-07-27,100.61175717559999,736.67,123.34,741.77,92.04
2016-07-28,101.97018692280001,752.61,125.0,745.91,91.65
2016-07-29,101.84313953636999,758.81,123.94,768.79,91.25
2016-08-01,103.64134869813,767.74,124.31,772.88,94.37
2016-08-02,102.10700718510999,760.58,123.09,771.07,93.56
2016-08-03,103.38725392527,754.64,122.51,773.18,93.1
2016-08-04,104.02249085741998,760.77,124.36,771.61,93.44
2016-08-05,105.60439517668001,765.98,125.15,782.22,97.03
2016-08-08,106.47886402396999,766.56,125.26,781.76,95.11
2016-08-09,106.91118570129,768.31,125.06,784.26,93.99
2016-08-10,106.11532079532,768.56,124.88,784.68,93.93
2016-08-11,106.04654234666,771.24,124.9,784.85,95.89
2016-08-12,106.29217966331998,772.56,124.88,783.22,96.59
2016-08-15,107.56949370993,768.49,123.9,782.44,95.31
2016-08-16,107.47123878326,764.04,123.3,777.14,95.12
2016-08-17,107.31403090059999,764.63,124.37,779.91,96.37
2016-08-18,107.17647400328,764.46,123.91,777.5,96.16
2016-08-19,107.45158779793002,757.31,123.56,775.42,95.87
2016-08-22,106.61642092129999,759.48,124.15,772.15,95.26
2016-08-23,106.95048767195,762.45,124.37,772.08,95.94
2016-08-24,106.14479727332,757.25,123.48,769.64,95.18
2016-08-25,105.69282461068,759.22,123.89,769.41,97.32
2016-08-26,105.0738185727,769.0,124.96,769.54,97.58
2016-08-29,104.95591266071,771.29,126.54,772.15,97.3
2016-08-30,104.15022226208,767.58,125.84,769.09,97.45
2016-08-31,104.24847718874001,769.16,126.12,767.05,97.45
2016-09-01,104.86748322671,770.62,126.17,768.78,97.38
2016-09-02,105.85003249333,772.44,126.51,771.46,97.38
2016-09-06,105.82055601534,788.87,129.73,780.08,100.09
2016-09-07,106.46903853131,784.48,131.05,780.35,99.15
2016-09-08,103.6785986141,784.06,130.27,775.32,99.66
2016-09-09,101.33030586687,760.14,127.1,759.66,96.5
2016-09-12,103.59999467277001,771.49,128.69,769.02,99.05
2016-09-13,106.06619333199,761.01,127.21,759.69,96.09
2016-09-14,109.81953153049,761.09,127.77,762.49,97.01
2016-09-15,113.55321874366001,769.69,128.35,771.76,97.34
2016-09-16,112.91456172036001,778.52,129.07,768.88,99.48
2016-09-19,111.59794570308,775.1,128.65,765.7,98.06
2016-09-20,111.58812021042,780.22,128.64,771.41,98.25
2016-09-21,111.56846922508001,789.74,129.94,776.22,94.88
2016-09-22,112.61979694037,804.7,130.08,787.21,95.83
2016-09-23,110.74312784112,805.75,127.96,786.9,95.94
2016-09-26,110.91016121645,799.16,127.31,774.21,94.56
2016-09-27,111.11649656243999,816.11,128.69,783.01,97.07
2016-09-28,111.96148893173,828.72,129.23,781.56,97.48
2016-09-29,110.22237672981001,829.05,128.09,775.01,96.67
2016-09-30,111.07719459177,837.31,128.27,777.29,98.55
2016-10-03,110.55644348046002,836.74,128.77,772.56,102.63
2016-10-04,111.02806712844,834.03,128.19,776.43,102.34
2016-10-05,111.07719459177,844.36,128.47,776.47,106.28
2016-10-06,111.90253597573,841.66,128.74,776.86,105.07
2016-10-07,112.06956935106001,839.43,128.99,775.08,104.82
2016-10-10,114.02484239164,841.71,130.24,785.94,103.33
2016-10-11,114.2704797083,831.0,128.88,783.07,100.59
2016-10-12,115.29233094558998,834.09,129.05,786.14,99.5
2016-10-13,114.93861320959999,829.28,127.82,778.19,100.23
2016-10-14,115.57727023291001,822.96,127.88,778.53,101.47
2016-10-17,115.49866629158001,812.95,127.54,779.96,99.8
2016-10-18,115.42006235024999,817.65,128.57,795.26,118.79
2016-10-19,115.07617010693001,817.69,130.11,801.56,121.87
2016-10-20,115.01721715093001,810.32,130.0,796.97,123.35
2016-10-21,114.56524448828002,818.99,132.07,799.37,127.5
2016-10-24,115.59692121824,838.09,133.28,813.11,127.33
2016-10-25,116.18645077821002,835.18,132.29,807.67,126.51
2016-10-26,113.57286972898999,822.59,131.04,799.07,126.97
2016-10-27,112.48224004304,818.36,129.69,795.35,126.47
2016-10-28,111.73550260041,776.32,131.29,795.37,126.57
2016-10-31,111.55864373241998,789.82,130.99,784.54,124.87
2016-11-01,109.54441773584,785.41,129.5,783.61,123.3
2016-11-02,109.6426726625,765.56,127.17,768.7,122.34
2016-11-03,108.47343903522,767.03,120.0,762.13,122.14
2016-11-04,107.49566698164,755.05,120.75,762.02,122.03
2016-11-07,109.04627518782,784.93,122.15,782.52,124.58
2016-11-08,109.68824673815,787.75,124.22,790.51,124.34
2016-11-09,109.51047000114,771.88,123.18,785.31,122.19
2016-11-10,106.45863601571999,742.38,120.8,762.56,115.42
2016-11-11,107.09073108066,739.01,119.02,754.02,114.78
2016-11-14,104.40432705466,719.07,115.08,736.08,113.38
2016-11-15,105.78703500921999,743.24,117.2,758.49,113.59
2016-11-16,108.63146280145,746.49,116.34,764.48,115.19
2016-11-17,108.5919568599,756.4,117.79,771.23,115.03
2016-11-18,108.70059819918,760.16,117.02,760.54,115.21
2016-11-21,110.34997125926,780.0,121.77,769.2,117.96
2016-11-22,110.41910665699,785.33,121.47,768.27,118.04
2016-11-23,109.85614698978,780.12,120.84,760.99,117.69
2016-11-25,110.4092301716,780.37,120.38,761.68,117.41
2016-11-28,110.19194749303001,766.77,120.41,768.24,116.93
2016-11-29,110.08330615373998,762.52,120.87,770.84,117.51
2016-11-30,109.15491652711,750.57,118.42,758.04,117.0
2016-12-01,108.13763853196998,743.65,115.1,747.92,117.22
2016-12-02,108.54257443295,740.34,115.4,750.5,120.81
2016-12-05,107.76233208715999,759.36,117.43,762.52,119.16
2016-12-06,108.5919568599,764.72,117.31,759.11,124.57
2016-12-07,109.65861728198,770.42,117.95,771.19,125.39
2016-12-08,110.73515418946,767.33,118.91,776.42,123.24
2016-12-09,112.54255101578,768.66,119.68,789.29,122.88
2016-12-12,111.90057946545,760.12,117.77,789.27,122.83
2016-12-13,113.76723520411001,774.34,120.31,796.1,123.78
2016-12-14,113.76723520411001,768.82,120.21,797.07,123.44
2016-12-15,114.38945378366002,761.0,120.57,797.85,125.0
2016-12-16,114.53760106450001,757.77,119.87,790.8,124.22
2016-12-19,115.19932558561001,766.0,119.24,794.2,125.45
2016-12-20,115.50549663269,771.22,119.09,796.42,125.12
2016-12-21,115.61413797198,770.6,119.04,794.56,126.5
2016-12-22,114.85364859696999,766.34,117.4,791.26,125.58
2016-12-23,115.08080776094,760.59,117.27,789.91,125.59
2016-12-27,115.81166767978,771.4,118.01,791.55,128.35
2016-12-28,115.31784341029,772.13,116.92,785.05,125.89
2016-12-29,115.28821395411998,765.15,116.35,782.79,125.33
2016-12-30,114.38945378366002,749.87,115.05,771.82,123.8
2017-01-03,114.71537780152,753.67,116.86,786.14,127.49
2017-01-04,114.58698349145,757.18,118.69,786.9,129.41
2017-01-05,115.16969612943998,780.45,120.67,794.02,131.81
2017-01-06,116.45363923011001,795.99,123.41,806.15,131.07
2017-01-09,117.5202996522,796.92,124.9,806.65,130.95
2017-01-10,117.63881747687,795.9,124.35,804.79,129.89
2017-01-11,118.27091254181002,799.02,126.09,807.91,130.5
2017-01-12,117.77708827233,813.64,126.62,806.36,129.18
2017-01-13,117.56968207915001,817.14,128.34,807.88,133.7
2017-01-17,118.51782467656,809.72,127.87,804.61,132.89
2017-01-18,118.50794819116999,807.48,127.92,806.07,133.26
2017-01-19,118.30054199798,809.04,127.55,802.175,138.41
2017-01-20,118.51782467656,808.33,127.04,805.02,138.6
2017-01-23,118.59683655968,817.88,128.93,819.31,137.39
2017-01-24,118.48819522039,822.44,129.37,823.87,140.11
2017-01-25,120.37460392982,836.52,131.48,835.67,139.52
2017-01-26,120.43386284216001,839.15,132.78,832.15,138.96
2017-01-27,120.44373932754999,835.77,132.18,823.31,142.45
2017-01-30,120.12769179508001,830.38,130.98,802.32,141.22
2017-01-31,119.85115020417,823.48,130.32,796.79,140.71
2017-02-01,127.15974939256,832.35,133.23,795.695,140.78
2017-02-02,126.94246671398001,839.95,130.84,798.53,139.2
2017-02-03,127.48567341041999,810.2,130.98,801.49,140.25
2017-02-06,128.68072814257,807.64,132.06,801.34,140.97
2017-02-07,129.9054123309,812.5,131.84,806.97,144.0
2017-02-08,130.40911308577,819.71,134.2,808.38,144.74
2017-02-09,131.34737919779,821.36,134.14,809.56,144.14
2017-02-10,131.04980924039,827.46,134.19,813.67,144.82
2017-02-13,132.21033207426,836.53,134.05,819.24,143.2
2017-02-14,133.92631882862,836.39,133.85,820.45,140.82
2017-02-15,134.41234975905002,842.7,133.44,818.98,142.27
2017-02-16,134.24868628248,844.14,133.84,824.16,142.01
2017-02-17,134.62064872923,845.07,133.53,828.07,142.22
2017-02-21,135.59271059008,856.44,133.72,831.66,142.6
2017-02-22,135.99938953187,855.61,136.12,830.76,143.86
2017-02-23,135.42408761421999,852.19,135.36,831.33,142.78
2017-02-24,135.55303459576,845.24,135.44,828.64,143.25
2017-02-27,135.82084755742,848.64,136.41,829.28,143.41
2017-02-28,135.8803615489,845.04,135.54,823.21,142.13
2017-03-01,138.65768115133002,853.08,137.42,835.24,142.65
2017-03-02,137.83440426918997,848.91,136.76,830.63,139.53
2017-03-03,138.64776215275,849.88,137.17,829.08,139.14
2017-03-06,138.21132621523,846.61,137.42,827.78,141.94
2017-03-07,138.38986818966998,846.02,137.3,831.91,141.43
2017-03-08,137.87408026351002,850.5,137.72,835.37,140.32
2017-03-09,137.55667230894,853.0,138.24,838.68,140.53
2017-03-10,138.01294624363,852.46,138.79,843.25,140.89
2017-03-13,138.07246023511001,854.59,139.6,845.54,143.52
2017-03-14,137.86416126493,852.53,139.32,845.62,143.19
2017-03-15,139.3222540562,852.97,139.72,847.2,145.25
2017-03-16,139.55039102354,853.42,139.99,848.78,144.39
2017-03-17,138.85606112294,852.31,139.84,852.12,145.11
2017-03-20,140.31415391421,856.97,139.94,848.4,145.83
2017-03-21,138.70727614423998,843.2,138.51,830.46,142.42
2017-03-22,140.27447791989,848.06,139.59,829.59,142.65
2017-03-23,139.77852799088998,847.38,139.53,817.58,141.84
2017-03-24,139.50079603064,845.61,140.34,814.43,142.02
2017-03-27,139.73885199657,846.82,140.32,819.51,144.06
2017-03-28,142.63519958196002,856.0,141.76,820.92,145.17
2017-03-29,142.95260753652,874.32,142.65,831.41,146.47
2017-03-30,142.7641465635,876.34,142.41,831.5,148.06
2017-03-31,142.49633360183998,886.54,142.05,829.56,147.81
2017-04-03,142.53600959616,891.51,142.28,838.55,146.92
2017-04-04,143.59734244423,906.83,141.73,834.57,145.5
2017-04-05,142.85341755072,909.28,141.85,831.41,143.62
2017-04-06,142.49633360183998,898.28,141.17,827.88,143.74
2017-04-07,142.17892564727,894.88,140.78,824.67,143.11
2017-04-10,142.01030267141002,907.04,141.04,824.73,143.85
2017-04-11,140.48277689007,902.36,139.92,823.35,144.35
2017-04-12,140.65139986594,896.23,139.58,824.32,143.83
2017-04-13,139.90747497243,884.67,139.39,823.56,142.92
2017-04-17,140.68115686168002,901.99,141.42,837.17,147.25
2017-04-18,140.05625995113002,903.78,140.96,836.82,143.36
2017-04-19,139.54047202496,899.2,142.27,838.21,139.76
2017-04-20,141.28621577506001,902.06,143.8,841.65,141.18
2017-04-21,141.1175927992,898.53,143.68,843.19,142.87
2017-04-24,142.47649560468,907.41,145.47,862.76,143.83
2017-04-25,143.36920547689,907.62,146.49,872.3,152.16
2017-04-26,142.48720812314,909.29,146.56,871.6239999999999,150.17
2017-04-27,142.62528058338,918.76,147.7,874.25,153.08
2017-04-28,142.48641460326002,924.99,150.25,905.96,152.2
2017-05-01,145.41251918439,948.43,152.46,912.57,155.35
2017-05-02,146.31514805518,946.68,152.78,916.44,156.45
2017-05-03,145.86879311907,941.03,151.8,927.04,155.59
2017-05-04,145.34308619433,937.53,150.85,931.66,157.25
2017-05-05,147.75340284928998,934.15,150.24,927.13,156.6
2017-05-08,151.76067827566,949.04,151.06,934.3,156.38
2017-05-09,152.71290213935,952.82,150.48,932.17,157.46
2017-05-10,152.01857223873998,948.95,150.29,928.78,160.28
2017-05-11,153.32788005131002,947.62,150.04,930.6,158.54
2017-05-12,155.46919178961,961.35,150.33,932.22,160.81
2017-05-15,155.07080821039,957.97,150.19,937.08,160.02
2017-05-16,154.84173765234,966.07,149.78,943.0,159.41
2017-05-17,149.64283194355,944.52,144.85,919.62,153.2
2017-05-18,151.92357793456998,958.49,147.66,930.24,155.7
2017-05-19,152.34188069275,959.84,148.06,934.01,157.02
2017-05-22,153.36771840923998,970.7,148.24,941.86,157.16
2017-05-23,153.17848620911002,971.54,148.07,948.82,157.95
2017-05-24,152.72034509301,980.35,150.04,954.96,157.75
2017-05-25,153.24820333546998,993.38,151.96,969.54,163.05
2017-05-26,152.98925400898,995.78,152.13,971.47,162.43
2017-05-30,153.04901154586,996.7,152.38,975.88,163.22
2017-05-31,152.14268890314,994.62,151.46,964.86,163.07
2017-06-01,152.56099166132,995.95,151.53,966.95,162.99
2017-06-02,154.82181847338,1006.73,153.61,975.6,165.18
2017-06-05,153.30796087235,1011.34,153.63,983.68,165.06
2017-06-06,153.82585952533998,1002.97,152.81,976.57,165.17
2017-06-07,154.74214175754,1010.07,153.12,981.08,165.61
2017-06-08,154.36367735728,1009.94,154.71,983.41,165.88
2017-06-09,148.37796407954,978.31,149.63,949.83,158.03
2017-06-12,144.7327543297,964.83,148.44,942.9,151.44
2017-06-13,145.99762219371001,980.79,150.68,953.4,152.72
2017-06-14,144.57340089801,976.47,150.25,950.76,152.2
2017-06-15,143.70691661321,964.17,149.8,942.31,151.76
2017-06-16,141.69507953817,987.71,150.64,939.78,152.38
2017-06-19,145.7486324567,995.17,152.87,957.37,153.4
2017-06-20,144.4240070558,992.59,152.25,950.63,152.05
2017-06-21,145.28053175112,1002.23,153.91,959.45,155.03
2017-06-22,145.04150160359,1001.3,153.4,957.09,154.89
2017-06-23,145.75859204618,1003.74,155.07,965.59,158.03
2017-06-26,145.23073380372,993.98,153.59,952.27,157.5
2017-06-27,143.15913919179,976.78,150.58,927.33,151.03
2017-06-28,145.2406933932,990.33,153.24,940.49,153.41
2017-06-29,143.09938165491002,975.93,151.04,917.79,150.09
2017-06-30,143.43800769723998,968.0,150.98,908.73,149.41
2017-07-03,142.92010904426002,953.66,148.43,898.7,146.17
2017-07-05,143.5077248236,971.4,150.34,911.94,147.61
2017-07-06,142.15322065427,965.14,148.82,906.69,146.25
2017-07-07,143.59736112893,978.76,151.44,918.59,150.18
2017-07-10,144.47380500321,996.47,153.5,928.8,152.67
2017-07-11,144.94190570879,994.13,155.27,930.09,154.33
2017-07-12,145.15105708788,1006.51,158.9,943.83,158.75
2017-07-13,147.17285375241002,999.855,159.26,947.16,158.17
2017-07-14,148.43772161642,1001.81,159.97,955.99,161.12
2017-07-17,148.95562026940001,1010.04,159.73,953.42,161.7
2017-07-18,149.47351892238999,1024.38,162.86,965.4,183.6
2017-07-19,150.40972033354998,1026.87,164.14,970.89,183.86
2017-07-20,149.73246824888,1028.7,164.53,968.15,183.6
2017-07-21,149.66275112251,1025.67,164.43,972.92,188.54
2017-07-24,151.47539640795,1038.95,166.0,980.34,187.91
2017-07-25,152.12276972418002,1039.87,165.28,950.7,186.97
2017-07-26,152.83986016677,1052.8,165.61,947.8,189.08
2017-07-27,149.95157921745002,1046.0,170.44,934.09,182.68
2017-07-28,148.89586273252,1020.04,172.45,941.53,184.04
2017-07-31,148.24848941629,987.78,169.25,930.5,181.66
2017-08-01,149.44364015393998,996.19,169.86,930.83,182.03
2017-08-02,156.50498909556998,995.89,169.25,930.39,180.74
2017-08-03,154.94133354715,986.92,168.59,923.65,179.23
2017-08-04,155.75801988453998,987.58,169.62,927.96,180.27
2017-08-07,,,171.98,929.36,181.33
2017-08-08,159.43310840281998,989.84,171.23,926.79,178.36
2017-08-09,160.40914817191003,982.01,171.18,922.9,175.78
2017-08-10,155.27,956.92,167.4,907.24,169.14
2017-08-11,157.48,967.99,168.08,914.39,171.4
2017-08-14,159.85,983.3,170.75,922.67,171.0
2017-08-15,161.6,982.74,171.0,922.22,168.5
2017-08-16,160.95,978.18,170.0,926.96,169.98
2017-08-17,157.87,960.57,166.91,910.98,166.09
2017-08-18,157.5,958.47,167.41,910.67,166.54
2017-08-21,157.21,953.29,167.78,906.66,166.76
2017-08-22,159.78,966.9,169.64,924.69,169.34
2017-08-23,159.98,958.0,168.71,927.0,169.06
2017-08-24,159.27,952.45,167.74,921.28,168.13
2017-08-25,159.86,945.26,166.32,915.89,165.95
2017-08-28,161.47,946.02,167.24,913.81,167.12
2017-08-29,162.91,954.06,168.05,921.29,168.81
2017-08-30,163.35,967.59,169.92,929.57,174.69
2017-08-31,164.0,980.6,172.0,939.33,174.71
2017-09-01,164.05,978.25,172.02,937.34,174.74
2017-09-05,162.08,965.27,170.72,928.45,174.52
2017-09-06,161.91,967.8,172.09,927.81,179.25
2017-09-07,161.26,979.47,173.21,935.95,179.0
2017-09-08,158.63,965.9,170.95,926.5,176.42
2017-09-11,161.5,977.96,173.51,929.08,181.74
2017-09-12,160.82,982.58,172.96,932.07,185.15
2017-09-13,159.65,999.6,173.05,935.09,183.64
2017-09-14,158.28,992.21,170.96,925.11,182.63
2017-09-15,159.88,986.79,171.58,920.29,182.1
2017-09-18,158.67,974.19,170.01,915.0,184.62
2017-09-19,158.73,969.86,172.52,921.81,185.68
2017-09-20,156.07,973.21,172.17,931.58,185.51
2017-09-21,153.39,964.65,171.11,932.45,188.78
2017-09-22,151.89,955.1,170.54,928.53,187.35
2017-09-25,150.55,939.79,162.87,920.97,178.55
2017-09-26,153.14,938.6,164.21,924.86,179.38
2017-09-27,154.23,950.87,167.68,944.49,181.97
2017-09-28,153.28,956.4,168.73,949.5,180.7
2017-09-29,154.12,961.35,170.81,959.11,181.35
2017-10-02,153.81,959.19,169.47,953.27,177.01
2017-10-03,154.48,957.1,169.96,957.79,179.19
2017-10-04,153.4508,965.45,168.42,951.68,184.45
2017-10-05,155.39,980.85,171.24,969.96,194.39
2017-10-06,155.3,989.58,172.23,978.89,198.02
2017-10-09,155.84,990.99,172.5,977.0,196.87
2017-10-10,155.9,987.2,171.59,972.6,195.08
2017-10-11,156.55,995.0,172.74,989.25,194.95
2017-10-12,156.0,1000.93,172.55,987.83,195.86
2017-10-13,156.99,1002.94,173.74,989.68,199.49
2017-10-16,159.88,1006.34,174.52,992.0,202.68
2017-10-17,160.47,1009.13,176.11,992.18,199.48
2017-10-18,159.76,997.0,176.03,992.81,195.54
2017-10-19,155.98,986.61,174.56,984.45,195.13
2017-10-20,156.16,982.91,174.98,988.2,194.16
2017-10-23,156.17,966.3,171.27,968.45,192.47
2017-10-24,157.1,975.9,171.8,970.54,196.02
2017-10-25,156.405,972.91,170.6,973.33,193.77
2017-10-26,157.41,972.43,170.63,972.56,195.21
2017-10-27,163.05,1100.95,177.88,1019.27,199.54
2017-10-30,166.72,1110.85,179.87,1017.11,198.37
2017-10-31,169.04,1105.28,180.06,1016.64,196.43
2017-11-01,166.89,1103.68,182.66,1025.5,198.0
2017-11-02,168.11,1094.22,178.92,1025.58,199.32
2017-11-03,172.5,1111.6,178.92,1032.48,200.01
2017-11-06,174.25,1120.66,180.17,1025.9,200.13
2017-11-07,174.81,1123.17,180.25,1033.33,195.89
2017-11-09,175.88,1129.13,179.3,1031.26,193.9
2017-11-10,174.67,1125.35,178.46,1028.07,192.02
2017-11-13,173.97,1129.17,178.77,1025.75,195.08
2017-11-14,171.34,1136.84,178.07,1026.0,195.71
2017-11-15,169.08,1126.69,177.95,1020.91,192.12
2017-11-16,171.1,1137.29,179.59,1032.5,195.51
2017-11-17,170.15,1129.88,179.0,1019.09,193.2
2017-11-20,169.98,1126.31,178.74,1018.38,194.1
2017-11-21,173.14,1139.49,181.86,1034.49,196.23
2017-11-22,174.96,1156.16,180.87,1035.96,196.32
2017-11-24,174.97,1186.0,182.78,1040.61,195.75
2017-11-27,174.09,1195.83,183.03,1054.21,195.05
2017-11-28,173.07,1193.6,182.42,1047.41,199.18
2017-11-29,169.48,1161.27,175.13,1021.66,188.15
2017-11-30,171.85,1176.75,177.18,1021.41,187.58
2017-12-01,171.05,1162.35,175.1,1010.17,186.82
2017-12-04,169.8,1133.95,171.47,998.68,184.04
2017-12-05,169.64,1141.57,172.83,1005.15,184.21
2017-12-06,169.01,1152.35,176.06,1018.38,185.3
2017-12-07,169.452,1159.79,180.14,1030.93,185.2
2017-12-08,169.37,1162.0,179.0,1037.05,188.54
2017-12-11,172.67,1168.92,179.04,1041.1,186.22
2017-12-12,171.7,1165.08,176.96,1040.48,185.73
2017-12-13,172.27,1164.13,178.3,1040.61,187.86
2017-12-14,172.22,1174.26,178.39,1049.15,189.56
2017-12-15,173.87,1179.14,180.18,1064.19,190.12
2017-12-18,176.42,1190.58,180.82,1077.14,190.42
2017-12-19,174.54,1187.38,179.51,1070.68,187.02
2017-12-20,174.35,1177.62,177.89,1064.95,188.82
2017-12-21,175.01,1174.76,177.45,1063.63,188.62
2017-12-22,175.01,1168.36,177.2,1060.12,189.94
2017-12-26,170.57,1176.76,175.99,1056.74,187.76
2017-12-27,170.6,1182.26,177.62,1049.37,186.24
2017-12-28,171.08,1186.1,177.92,1048.14,192.71
2017-12-29,169.23,1169.47,176.46,1046.4,191.96
2018-01-02,172.26,1189.01,181.42,1065.0,201.07
2018-01-03,172.23,1204.2,184.67,1082.48,205.05
2018-01-04,173.03,1209.59,184.33,1086.4,205.63
2018-01-05,175.0,1229.14,186.85,1102.23,209.99
2018-01-08,174.35,1246.87,188.28,1106.94,212.05
2018-01-09,174.33,1252.7,187.87,1106.26,209.31
2018-01-10,174.29,1254.33,187.84,1102.61,212.52
2018-01-11,175.28,1276.68,187.77,1105.52,217.24
2018-01-12,177.09,1305.2,179.37,1122.26,221.23
2018-01-16,176.19,1304.86,178.39,1121.76,221.53
2018-01-17,179.1,1295.0,177.6,1131.98,217.5
2018-01-18,179.26,1293.32,179.8,1129.79,220.33
2018-01-19,178.46,1294.58,181.29,1137.51,220.46
2018-01-22,177.0,1327.31,185.37,1155.81,227.58
2018-01-23,177.04,1362.54,189.35,1169.97,250.29
2018-01-24,174.22,1357.51,186.55,1164.24,261.279
2018-01-25,171.11,1377.95,187.48,1170.37,269.74
2018-01-26,171.51,1402.05,190.0,1175.84,274.6
2018-01-29,167.96,1417.68,185.98,1175.58,284.59
2018-01-30,166.97,1437.82,187.12,1163.69,278.8
2018-01-31,167.43,1451.65,186.89,1169.94,270.3
2018-02-01,167.78,1390.0,193.09,1167.7,265.07
2018-02-02,160.37,1431.0,190.28,1111.9,267.43
2018-02-05,157.49,1396.62,182.65,1064.35,255.59
2018-02-06,163.03,1442.84,185.31,1080.6,265.72
2018-02-07,159.54,1416.78,180.18,1048.58,264.56
2018-02-08,155.32,1350.47,171.5499,1001.0,250.0542
2018-02-09,155.97,1338.99,175.98,1035.88,249.18
2018-02-12,162.71,1386.23,176.41,1051.94,257.95
2018-02-13,164.34,1414.51,173.15,1052.1,258.27
2018-02-14,167.37,1451.05,179.52,1069.7,266.0
2018-02-15,172.99,1461.76,179.96,1089.52,280.27
2018-02-16,172.43,1448.69,177.36,1094.8,278.52
2018-02-20,171.85,1468.35,176.01,1102.46,278.55
2018-02-21,171.07,1482.92,177.91,1111.34,281.04
2018-02-22,172.6,1484.76,178.99,1106.63,278.14
2018-02-23,175.555,1500.0,183.29,1126.79,285.93
2018-02-26,178.97,1521.95,184.93,1143.75,294.16
2018-02-27,178.39,1511.98,181.46,1118.29,290.61
2018-02-28,178.12,1512.45,178.32,1104.73,291.38
2018-03-01,175.0,1493.45,175.94,1069.52,290.39
2018-03-02,176.21,1500.25,176.62,1078.92,301.05
2018-03-05,176.82,1523.61,180.4,1090.93,315.0
2018-03-06,176.67,1537.64,179.78,1095.06,325.22
2018-03-07,175.03,1545.0,183.71,1109.64,321.16
2018-03-08,176.94,1551.86,182.34,1126.0,317.0
2018-03-09,179.98,1578.89,185.23,1160.04,331.44
2018-03-12,181.72,1598.39,184.76,1164.5,321.3
2018-03-13,179.97,1588.18,181.88,1138.17,315.88
2018-03-14,178.44,1591.0,184.19,1149.49,321.55
2018-03-15,178.65,1582.32,183.86,1149.58,321.09
2018-03-16,178.02,1571.68,185.09,1135.73,318.45
2018-03-19,175.3,1544.93,172.56,1099.82,313.48
2018-03-20,175.24,1586.51,168.15,1097.71,317.5
2018-03-21,171.27,1581.86,169.39,1090.88,316.48
2018-03-22,168.845,1544.1,164.89,1049.08,306.7
2018-03-23,164.94,1495.56,159.39,1021.57,300.94
2018-03-26,172.77,1555.86,160.06,1053.21,320.35
2018-03-27,168.34,1497.05,152.19,1005.1,300.69
