Date,Price,Volume
2000-07-30,100,0.002199179799021
2000-07-31,129.216266718073,0.019069390773026
2000-08-01,147.605515845292,0.005113246228199
2000-08-02,107.282251219109,0.018026348123082
2000-08-03,106.036826468042,0.00856842960239
2000-08-04,118.872756516864,0.002199179799021
2000-08-05,101.904544402279,0.002979735303441
2000-08-06,106.392900819302,1
2000-08-06,106.392900819302,1
2000-08-06,106.392900819302,1
2000-08-06,106.392900819302,1
2000-08-07,107.646053019559,0.016148617983396
2000-08-08,106.666467974862,0.012098536225957
2000-08-09,101.981028641006,0.01389924430655
2000-08-10,110.100329918641,0.019922195704738
2000-08-11,138.65648106302,0.015612696668338
2000-08-12,113.180781986535,0.018413507015166
2000-08-13,137.639947089369,0.010296813435999
2000-08-14,142.646169168777,0.019723966545395
2000-08-15,154.37654958154,0.015612696668338
2000-08-16,121.762728505048,0.007486373281787
2000-08-17,,0.01270295282346
2000-08-18,165.010495141818,0.019333405840143
2000-08-19,131.636995689027,0.005546041733973
2000-08-20,13000,0.00099186771959
2000-08-21,61.3029512606811,0.005113246228199
2000-08-22,64.0101726976535,0.014484577638074
2000-08-23,102.10845015599,0.019333405840143
2000-08-24,126.567243480883,0.007486373281787
2000-08-25,175.089658780912,0.00126091099576
2000-08-26,176.819249542964,0.006475879783295
2000-08-27,231.534131096496,0.01666123014459
2000-08-28,,0.019723966545395
2000-08-29,243.013874053181,0.014484577638074
2000-08-30,228.070570054147,0.001119726514742
2000-08-31,202.308406113948,0.017147192750969
2000-09-01,205.682754529905,0.009709302749161
2000-09-02,185.13893666098,0.01389924430655
2000-09-03,238.126291232074,0.001977502079469
2000-09-04,,0.003603243716811
2000-09-05,262.918953176869,0.008019166367096
2000-09-06,243.305864732921,0.01505687160774
2000-09-07,309.703010365222,0.004313865941326
2000-09-08,264.864905860518,0.008019166367096
2000-09-09,299.246071651668,0.003603243716811
2000-09-10,276.190774459818,0.009132454269451
2000-09-11,226.604264245332,0.017603266338215
2000-09-12,203.433205686981,0.00099186771959
2000-09-13,171.471915463836,0.012098536225957
2000-09-14,162.695436817206,0.008019166367096
2000-09-15,150.513370084372,0.001119726514742
2000-09-16,158.615955339988,0.00099186771959
2000-09-17,175.829792529606,0.003603243716811
2000-09-18,169.022592202753,0.01389924430655
2000-09-19,166.476027537088,0.004313865941326
2000-09-20,174.630124180723,0.005546041733973
2000-09-21,155.1968555314,0.01666123014459
2000-09-22,177.031264182951,0.019333405840143
2000-09-23,207.425304895078,0.01270295282346
2000-09-24,213.89547431565,0.01270295282346
2000-09-25,341.869194232524,0.006475879783295
2000-09-26,406.636627041026,0.017603266338215
2000-09-27,393.651296893718,0.004702453868844
2000-09-28,362.501783662768,0.015612696668338
2000-09-29,342.61005807949,0.011494107034212
2000-09-30,306.815676079787,0.008019166367096
2000-10-01,380.697156508021,0.002199179799021
2000-10-02,327.812627702946,0.000876415024678
2000-10-03,319.327669076155,0.006971528322268
2000-10-04,284.393412592782,0.009709302749161
2000-10-05,347.093816011147,0.006971528322268
2000-10-06,258.755577707613,0.018413507015166
2000-10-07,238.265134487518,0.01505687160774
2000-10-08,230.212530024302,0.016148617983396
2000-10-09,242.954506571879,0.019333405840143
2000-10-10,263.764006974969,0.005546041733973
2000-10-11,250.108997270381,0.009709302749161
2000-10-12,301.78393171882,0.010296813435999
2000-10-13,318.194254405699,0.004313865941326
2000-10-14,516.04412246412,0.009709302749161
2000-10-15,377.861593212068,0.003947507915045
2000-10-16,423.54006141794,0.006971528322268
2000-10-17,340.22991108027,0.011494107034212
2000-10-18,287.154338093601,0.009132454269451
2000-10-19,422.85813853102,0.018026348123082
2000-10-20,593.477666132297,0.006000450034849
2000-10-21,405.354700062973,0.010892608851628
2000-10-22,383.833070801629,0.00099186771959
2000-10-23,375.042059023402,0.002979735303441
2000-10-24,242.425817262125,0.016148617983396
2000-10-25,237.681051013434,0.01666123014459
2000-10-26,254.575613137378,0.003603243716811
2000-10-27,263.235988770214,0.003280790738734
2000-10-28,174.892617553368,0.005113246228199
2000-10-29,216.094069227332,0.014484577638074
2000-10-30,224.667743192512,0.019847627373851
2000-10-31,219.694997180762,0.013304262494938
2000-11-01,187.066022463034,0.002199179799021
2000-11-02,213.546246221036,0.019069390773026
2000-11-03,254.043941336145,0.003280790738734
2000-11-04,228.397748876406,0.003603243716811
2000-11-05,230.213270930395,0.015612696668338
2000-11-06,268.917830126899,0.018762017345847
2000-11-07,180.098413784098,0.00856842960239
2000-11-08,182.545339344276,0.001119726514742
2000-11-09,123.409389596018,0.013304262494938
2000-11-10,101.587992726668,0.001773729642312
2000-11-11,110.484543478665,0.010296813435999
2000-11-12,106.272046265856,0.016148617983396
2000-11-13,97.1226497454806,0.01389924430655
2000-11-14,90.6293253070927,0.019069390773026
2000-11-15,106.316400805901,0.001977502079469
2000-11-16,121.241648890672,0.01270295282346
2000-11-17,102.548090798202,0.003947507915045
2000-11-18,107.653745017422,0.003947507915045
2000-11-19,97.0046156834714,0.006000450034849
2000-11-20,155.341152616658,0.01666123014459
2000-11-21,132.65507457492,0.008019166367096
2000-11-22,123.369828968822,0.002699548325659
2000-11-23,113.910175102583,0.006971528322268
2000-11-24,103.296650731766,0.019922195704738
2000-11-25,105.196053619849,0.017603266338215
2000-11-26,109.995081427773,0.019069390773026
2000-11-27,78.7849115656649,0.008019166367096
2000-11-28,69.5536800056035,0.010892608851628
2000-11-29,52.8791604786513,0.01505687160774
2000-11-30,67.037380698474,0.002439600928959
2000-12-01,108.669960229098,0.00856842960239
2000-12-02,141.877193229585,0.006000450034849
2000-12-03,150.536935107099,0.013304262494938
2000-12-04,182.858328444866,0.010296813435999
2000-12-05,187.180566069681,0.016148617983396
2000-12-06,258.118058106571,0.002439600928959
2000-12-07,292.070435774751,0.010892608851628
2000-12-08,276.166974491327,0.008019166367096
2000-12-09,218.130918027057,0.001119726514742
2000-12-10,190.014978468709,0.004702453868844
2000-12-11,200.310569056078,0.005113246228199
2000-12-12,155.198013998103,0.006971528322268
2000-12-13,146.986858376539,0.004313865941326
2000-12-14,190.247992727184,0.019847627373851
2000-12-15,189.462362148223,0.011494107034212
2000-12-16,279.015556234917,0.004313865941326
2000-12-17,368.964582671915,0.011494107034212
2000-12-18,344.87249699168,0.001586982591783
2000-12-19,260.164119355133,0.004702453868844
2000-12-20,255.112441522749,0.016148617983396
2000-12-21,229.418289046694,0.019723966545395
2000-12-22,244.960639928247,0.002699548325659
2000-12-23,334.949287280522,0.002439600928959
2000-12-24,264.901572395622,0.004313865941326
2000-12-25,242.648220616835,0.019069390773026
2000-12-26,256.744835216415,0.01270295282346
2000-12-27,318.963720418134,0.018762017345847
2000-12-28,349.750572175527,0.00856842960239
2000-12-29,376.184523778345,0.018026348123082
2000-12-30,487.353465864612,0.003603243716811
2000-12-31,532.55848676977,0.009132454269451
2001-01-01,502.849986959327,0.003947507915045
2001-01-02,503.583188510145,0.009132454269451
2001-01-03,432.825493554782,0.001977502079469
2001-01-04,478.02718204695,0.002979735303441
2001-01-05,571.444678982992,0.019333405840143
2001-01-06,311.764571565868,0.014484577638074
2001-01-07,393.813755092432,0.006971528322268
2001-01-08,385.512628071866,0.00141635188708
2001-01-09,418.531284321034,0.019333405840143
2001-01-10,473.061992814094,0.018762017345847
2001-01-11,295.954515049587,0.009709302749161
2001-01-12,230.677334762528,0.00126091099576
2001-01-13,213.662930560424,0.004702453868844
2001-01-14,180.570544239118,0.004702453868844
2001-01-15,188.850573202754,0.019069390773026
2001-01-16,168.67505285834,0.004313865941326
2001-01-17,118.600400144366,0.002979735303441
2001-01-18,132.717037334328,0.014484577638074
2001-01-19,163.734333680584,0.012098536225957
2001-01-20,181.47460073097,0.019069390773026
2001-01-21,155.797301915421,0.009132454269451
2001-01-22,146.406049143504,0.004702453868844
2001-01-23,161.752846798844,0.017603266338215
2001-01-24,180.676717522069,0.002199179799021
2001-01-25,218.783262536975,0.018413507015166
2001-01-26,204.219698854283,0.00141635188708
2001-01-27,152.17334009956,0.010296813435999
2001-01-28,131.529467183116,0.010892608851628
2001-01-29,144.89478718481,0.003280790738734
2001-01-30,166.467942638394,0.01666123014459
2001-01-31,257.189375178859,0.00856842960239
2001-02-01,260.668364681691,0.01505687160774
2001-02-02,271.014376701909,0.003947507915045
2001-02-03,258.969969086526,0.009709302749161
2001-02-04,236.409672372015,0.001119726514742
2001-02-05,273.669517539702,0.01505687160774
2001-02-06,290.794479258233,0.001119726514742
2001-02-07,276.209839162392,0.002199179799021
2001-02-08,220.35092449932,0.00126091099576
2001-02-09,212.854199337328,0.004702453868844
2001-02-10,194.885261750972,0.001119726514742
2001-02-11,248.004212139106,0.001977502079469
2001-02-12,296.74433586748,0.01666123014459
2001-02-13,239.465368596172,0.006000450034849
2001-02-14,299.41856616828,0.018026348123082
2001-02-15,264.395772457041,0.018762017345847
2001-02-16,268.828765660596,0.005113246228199
2001-02-17,338.533614878501,0.015612696668338
2001-02-18,273.054879670028,0.004313865941326
2001-02-19,279.150938014452,0.004702453868844
2001-02-20,220.447059827538,0.005546041733973
2001-02-21,148.027436504582,0.001977502079469
2001-02-22,178.522956670811,0.019922195704738
2001-02-23,177.747263831203,0.005546041733973
2001-02-24,149.289765999834,0.01505687160774
2001-02-25,107.617018904138,0.000876415024678
2001-02-26,98.3255822118013,0.01389924430655
2001-02-27,127.32210003814,0.019333405840143
2001-02-28,136.621443513386,0.018026348123082
2001-03-01,125.544670045813,0.002699548325659
2001-03-02,108.663607946167,0.014484577638074
2001-03-03,109.883351380104,0.002979735303441
2001-03-04,79.8347028667987,0.002439600928959
2001-03-05,103.432537135853,0.001119726514742
2001-03-06,113.245431251172,0.00126091099576
2001-03-07,142.369749324146,0.00126091099576
2001-03-08,125.930026524895,0.008019166367096
2001-03-09,147.923043016904,0.009709302749161
2001-03-10,168.051940967453,0.019069390773026
2001-03-11,122.444682967673,0.019333405840143
2001-03-12,124.892266862367,0.001119726514742
2001-03-13,131.693036609424,0.001586982591783
2001-03-14,116.220610710841,0.005546041733973
2001-03-15,107.067125033477,0.013304262494938
2001-03-16,115.664416111071,0.004313865941326
2001-03-17,113.648398357214,0.019723966545395
2001-03-18,92.0347466688534,0.01505687160774
2001-03-19,102.560903668587,0.012098536225957
2001-03-20,106.273958805428,0.005546041733973
2001-03-21,110.592912925188,0.019069390773026
2001-03-22,111.609777258018,0.001119726514742
2001-03-23,120.881775029801,0.006000450034849
2001-03-24,113.025403203248,0.019069390773026
2001-03-25,94.1661655843412,0.018413507015166
2001-03-26,80.3744205276056,0.002199179799021
2001-03-27,99.2667826669544,0.00856842960239
2001-03-28,65.6453829236687,0.010296813435999
2001-03-29,72.4122448054867,0.019069390773026
2001-03-30,53.7269982411531,0.015612696668338
2001-03-31,38.5573044959533,0.01270295282346
2001-04-01,31.2129118573745,0.00126091099576
2001-04-02,29.3509562255084,0.016148617983396
2001-04-03,33.6302720511394,0.019922195704738
2001-04-04,23.7064299446165,0.003603243716811
2001-04-05,32.8043597624058,0.004313865941326
2001-04-06,40.9890995276362,0.01270295282346
2001-04-07,39.5193903994667,0.009709302749161
2001-04-08,36.9195893148683,0.001773729642312
2001-04-09,30.2058556838111,0.016148617983396
2001-04-10,33.6375809019496,0.001773729642312
2001-04-11,33.7643062134842,0.00141635188708
2001-04-12,44.3368906338178,0.019552134698773
2001-04-13,38.2664660734012,0.002439600928959
2001-04-14,42.2735983450009,0.018413507015166
2001-04-15,41.5495308917452,0.019333405840143
2001-04-16,34.7258018712368,0.011494107034212
2001-04-17,50.2969172898974,0.017147192750969
2001-04-18,52.6604588344919,0.019552134698773
2001-04-19,59.022325313898,0.015612696668338
2001-04-20,47.1909541938663,0.003603243716811
2001-04-21,40.4342856225881,0.006000450034849
2001-04-22,40.7113120088464,0.005546041733973
2001-04-23,35.8597307162448,0.003603243716811
2001-04-24,40.0456243551406,0.017603266338215
2001-04-25,43.28007904182,0.01389924430655
2001-04-26,36.6430515853424,0.016148617983396
2001-04-27,37.7056902771546,0.001119726514742
2001-04-28,37.3605748939315,0.019552134698773
2001-04-29,35.7947395641095,0.002699548325659
2001-04-30,28.1638288625797,0.018762017345847
2001-05-01,23.5926869588227,0.002979735303441
2001-05-02,24.3620583173979,0.019847627373851
2001-05-03,29.5423214657325,0.00126091099576
2001-05-04,24.0896983948021,0.006475879783295
2001-05-05,30.4236604036619,0.003280790738734
2001-05-06,31.2415857572166,0.000876415024678
2001-05-07,23.9935769104305,0.019922195704738
2001-05-08,25.3420266943782,0.001773729642312
2001-05-09,29.9526895918473,0.018026348123082
2001-05-10,31.2649624998159,0.017603266338215
2001-05-11,49.2211557065984,0.019723966545395
2001-05-12,51.8345574852683,0.00141635188708
2001-05-13,61.3484475516109,0.000876415024678
2001-05-14,60.8720673570643,0.010892608851628
2001-05-15,73.3167599169822,0.002439600928959
2001-05-16,44.9555771762294,0.002199179799021
2001-05-17,37.4936027587531,0.002979735303441
2001-05-18,34.512262928156,0.01666123014459
2001-05-19,37.7921000847229,0.01666123014459
2001-05-20,38.8522632500842,0.001773729642312
2001-05-21,47.7897769824356,0.018026348123082
2001-05-22,50.8154051381704,0.002699548325659
2001-05-23,52.439780483847,0.005546041733973
2001-05-24,50.433345096981,0.001119726514742
2001-05-25,51.5954461617265,0.006971528322268
2001-05-26,60.3002296867319,0.018762017345847
2001-05-27,69.4353361517465,0.003280790738734
2001-05-28,81.9650586555108,0.018026348123082
2001-05-29,77.3469993198627,0.019847627373851
2001-05-30,66.6390307808193,0.001977502079469
2001-05-31,60.0399657945895,0.000876415024678
2001-06-01,63.745954218676,0.006971528322268
2001-06-02,87.1122204409507,0.011494107034212
2001-06-03,90.4742274755726,0.011494107034212
2001-06-04,98.6980862317861,0.001977502079469
2001-06-05,70.1295758998624,0.007486373281787
2001-06-06,118.667643843207,0.003947507915045
2001-06-07,94.2190368183266,0.01270295282346
2001-06-08,134.17954246572,0.018026348123082
2001-06-09,118.862730721914,0.006475879783295
2001-06-10,142.524163233341,0.01505687160774
2001-06-11,166.094298142343,0.004702453868844
2001-06-12,166.570654060235,0.002439600928959
2001-06-13,159.515084882296,0.00099186771959
2001-06-14,130.842791651473,0.000876415024678
2001-06-15,128.159763564778,0.019947114020072
2001-06-16,158.143821097638,0.017603266338215
2001-06-17,168.667511278054,0.007486373281787
2001-06-18,139.943279035209,0.008019166367096
2001-06-19,174.661096539775,0.01389924430655
2001-06-20,135.926840947248,0.00099186771959
2001-06-21,140.342327605403,0.019947114020072
2001-06-22,116.262114609769,0.001977502079469
2001-06-23,98.4264630499428,0.009709302749161
2001-06-24,120.935317541841,0.00141635188708
2001-06-25,109.146133624062,0.006000450034849
2001-06-26,79.8118926382523,0.002699548325659
2001-06-27,70.9466947963749,0.012098536225957
2001-06-28,81.7162752175912,0.019922195704738
2001-06-29,69.9215112151202,0.017147192750969
2001-06-30,88.2637838558776,0.011494107034212
2001-07-01,106.90990473617,0.003280790738734
2001-07-02,107.4089025047,0.010892608851628
2001-07-03,134.476512081703,0.004702453868844
2001-07-04,193.249072098037,0.001586982591783
2001-07-05,128.670205764951,0.019552134698773
2001-07-06,160.547584037661,0.002199179799021
2001-07-07,179.548762001576,0.01270295282346
2001-07-08,166.635131216014,0.019333405840143
2001-07-09,188.412875392723,0.00126091099576
2001-07-10,201.942075060276,0.003280790738734
2001-07-11,178.173452305323,0.002979735303441
2001-07-12,237.555482184894,0.018413507015166
2001-07-13,241.882139038441,0.01389924430655
2001-07-14,303.722340233811,0.018413507015166
2001-07-15,286.278425226644,0.01666123014459
2001-07-16,204.352721638889,0.01505687160774
2001-07-17,212.471347960689,0.014484577638074
2001-07-18,200.69587453015,0.008019166367096
2001-07-19,154.412121101827,0.003603243716811
2001-07-20,108.987320884158,0.019552134698773
2001-07-21,122.061099846619,0.008019166367096
2001-07-22,155.782373890831,0.003280790738734
2001-07-23,203.960753276998,0.019552134698773
2001-07-24,224.701438691464,0.00099186771959
2001-07-25,222.648209419401,0.019723966545395
2001-07-26,228.943891457053,0.019847627373851
2001-07-27,228.704755663846,0.018413507015166
2001-07-28,265.434724052926,0.010296813435999
2001-07-29,238.1119167821,0.01389924430655
2001-07-30,183.17149660615,0.016148617983396
2001-07-31,173.568233915295,0.009132454269451
2001-08-01,178.756625369742,0.019947114020072
2001-08-02,168.168954414559,0.002979735303441
2001-08-03,167.357237329052,0.001586982591783
2001-08-04,257.320904319477,0.01270295282346
2001-08-05,304.051617564279,0.019723966545395
2001-08-06,228.111141907742,0.008019166367096
2001-08-07,257.383048810356,0.003280790738734
2001-08-08,164.884249678981,0.004313865941326
2001-08-09,184.755530698889,0.019922195704738
2001-08-10,201.236403974603,0.00126091099576
2001-08-11,200.276650203208,0.003603243716811
2001-08-12,163.327686141137,0.012098536225957
2001-08-13,132.822400646698,0.018026348123082
2001-08-14,142.810624088706,0.002699548325659
2001-08-15,125.043099797231,0.018762017345847
2001-08-16,146.360803690492,0.019947114020072
2001-08-17,127.913087536332,0.019847627373851
2001-08-18,117.7676704772,0.013304262494938
2001-08-19,135.721915795641,0.005113246228199
2001-08-20,133.462782429791,0.004313865941326
2001-08-21,127.809709997938,0.01666123014459
2001-08-22,133.547470888729,0.009709302749161
2001-08-23,142.525098215327,0.007486373281787
2001-08-24,138.758507101553,0.01389924430655
2001-08-25,143.73341987719,0.003947507915045
2001-08-26,139.043131967621,0.014484577638074
2001-08-27,149.47134008485,0.004313865941326
2001-08-28,156.752284911372,0.006475879783295
2001-08-29,171.660905564931,0.013304262494938
2001-08-30,199.611808541084,0.009132454269451
2001-08-31,160.81471770561,0.002439600928959
2001-09-01,121.35417892861,0.002979735303441
2001-09-02,113.910493533324,0.019847627373851
2001-09-03,108.978916405333,0.010892608851628
2001-09-04,118.348249643711,0.006000450034849
2001-09-05,91.8044195239756,0.01270295282346
2001-09-06,94.4598623530241,0.012098536225957
2001-09-07,102.02981606899,0.018762017345847
2001-09-08,72.8408014546745,0.018762017345847
2001-09-09,78.6701435196688,0.003947507915045
2001-09-10,103.010156465564,0.010296813435999
2001-09-11,104.559986985401,0.001773729642312
2001-09-12,86.6147967761718,0.001119726514742
2001-09-13,76.4083509740124,0.003603243716811
2001-09-14,74.5225841585848,0.00856842960239
2001-09-15,66.4697483998607,0.009709302749161
2001-09-16,34.6697193237418,0.01389924430655
2001-09-17,45.9893046821673,0.004313865941326
2001-09-18,41.4724079831775,0.017603266338215
2001-09-19,39.6156561743605,0.001119726514742
2001-09-20,47.1896186699838,0.00141635188708
2001-09-21,48.9707351555352,0.018026348123082
2001-09-22,43.969720512817,0.010296813435999
2001-09-23,42.7301567716702,0.00126091099576
2001-09-24,47.0864462861474,0.001977502079469
2001-09-25,52.0473632213685,0.01505687160774
2001-09-26,49.5930014762717,0.001773729642312
2001-09-27,57.5577763869069,0.008019166367096
2001-09-28,66.6735651558047,0.002199179799021
2001-09-29,59.8752760688779,0.019333405840143
2001-09-30,48.4770598618104,0.019069390773026
2001-10-01,51.2443704251204,0.019333405840143
2001-10-02,56.9637702817723,0.00856842960239
2001-10-03,51.440733907391,0.004702453868844
2001-10-04,46.6777293946831,0.002199179799021
2001-10-05,51.4453909231153,0.010892608851628
2001-10-06,52.5583442372354,0.019723966545395
2001-10-07,68.2844247703144,0.016148617983396
2001-10-08,74.944717981355,0.018413507015166
2001-10-09,119.530990535376,0.019069390773026
2001-10-10,131.553514911645,0.001977502079469
2001-10-11,108.873315049329,0.005113246228199
2001-10-12,103.608869134215,0.01505687160774
2001-10-13,100.637783553516,0.002199179799021
2001-10-14,71.1961387133989,0.000876415024678
2001-10-15,80.7033611617998,0.019333405840143
2001-10-16,80.8767013351952,0.01666123014459
2001-10-17,79.7038229604522,0.019723966545395
2001-10-18,70.6440484740811,0.010296813435999
2001-10-19,56.0603740904546,0.015612696668338
2001-10-20,53.1438421365389,0.006475879783295
2001-10-21,44.1643439035687,0.001119726514742
2001-10-22,43.8192864472849,0.009709302749161
2001-10-23,36.1915145322323,0.001119726514742
2001-10-24,26.9956041642402,0.006475879783295
2001-10-25,27.2380721568807,0.01270295282346
2001-10-26,28.0328161249513,0.003603243716811
2001-10-27,30.9391646424398,0.003280790738734
2001-10-28,30.9783942364561,0.019723966545395
2001-10-29,41.1169729084906,0.01270295282346
2001-10-30,35.8458270532349,0.018026348123082
2001-10-31,44.3063587787321,0.01666123014459
2001-11-01,35.9669948764326,0.012098536225957
2001-11-02,31.0666039497324,0.007486373281787
2001-11-03,28.34015133179,0.001586982591783
2001-11-04,26.7032296696297,0.004313865941326
2001-11-05,35.8862690056766,0.002199179799021
2001-11-06,31.2015280381707,0.004702453868844
2001-11-07,23.9666663771436,0.019333405840143
2001-11-08,27.5951264194003,0.001773729642312
2001-11-09,27.1902238007081,0.010892608851628
2001-11-10,19.7143933367523,0.01389924430655
2001-11-11,20.9181940820435,0.014484577638074
2001-11-12,25.0054102139126,0.00126091099576
2001-11-13,22.9197010065163,0.007486373281787
2001-11-14,31.0015933906926,0.009709302749161
2001-11-15,41.8072995575246,0.01505687160774
2001-11-16,36.0437480406928,0.019552134698773
2001-11-17,42.4207283284378,0.018413507015166
2001-11-18,27.6072589559374,0.007486373281787
2001-11-19,28.2795147681864,0.008019166367096
2001-11-20,24.0605062695448,0.00856842960239
2001-11-21,28.9084469816726,0.00099186771959
2001-11-22,24.0282164833668,0.003280790738734
2001-11-23,29.2183490660081,0.019333405840143
2001-11-24,24.6362510686608,0.008019166367096
2001-11-25,22.3887432119307,0.004313865941326
2001-11-26,19.0577745390593,0.019922195704738
2001-11-27,19.718839733373,0.009709302749161
2001-11-28,14.8344425070167,0.006000450034849
2001-11-29,16.7149468639007,0.019723966545395
2001-11-30,14.4631347093632,0.006000450034849
2001-12-01,22.4205125490462,0.01270295282346
2001-12-02,21.1296835357678,0.005113246228199
2001-12-03,17.9566045136564,0.002199179799021
2001-12-04,19.5723084949719,0.006475879783295
2001-12-05,16.4077846304853,0.012098536225957
2001-12-06,18.2907184206988,0.018762017345847
2001-12-07,16.554168003155,0.00099186771959
2001-12-08,18.0686266642133,0.000876415024678
2001-12-09,18.0914607781017,0.008019166367096
2001-12-10,19.9773062096827,0.017603266338215
2001-12-11,17.2527656743751,0.00099186771959
2001-12-12,14.9718084773963,0.008019166367096
2001-12-13,19.7671158944212,0.002439600928959
2001-12-14,25.801924150049,0.000876415024678
2001-12-15,30.7138334734025,0.002199179799021
2001-12-16,27.1163186397632,0.019847627373851
2001-12-17,34.6447268458307,0.002439600928959
2001-12-18,32.1167956629093,0.019723966545395
2001-12-19,30.880069060723,0.006971528322268
2001-12-20,37.7806962164164,0.002979735303441
2001-12-21,36.5829469519019,0.010892608851628
2001-12-22,35.9383860994129,0.018413507015166
2001-12-23,33.3591893283092,0.01505687160774
2001-12-24,28.9097853214974,0.009709302749161
2001-12-25,24.8599016359408,0.01505687160774
2001-12-26,22.9313181997695,0.001773729642312
2001-12-27,23.4035815275726,0.010296813435999
2001-12-28,21.8030317962966,0.00141635188708
2001-12-29,17.0521817857626,0.010892608851628
2001-12-30,16.3863982907632,0.01666123014459
2001-12-31,15.5091821938202,0.014484577638074
2002-01-01,15.571823930472,0.003603243716811
2002-01-02,16.8757312406066,0.01666123014459
2002-01-03,17.7199375369663,0.003603243716811
2002-01-04,14.8676604954537,0.001977502079469
2002-01-05,12.4721003059485,0.019069390773026
2002-01-06,11.1896884658903,0.00099186771959
2002-01-07,9.53213377409702,0.009132454269451
2002-01-08,6.86882068658705,0.003280790738734
2002-01-09,6.19192663274737,0.019333405840143
2002-01-10,4.60444708465965,0.01270295282346
2002-01-11,3.54069565772016,0.001586982591783
2002-01-12,2.73538855900905,0.003280790738734
2002-01-13,2.19383312707499,0.00141635188708
2002-01-14,1.73188559222013,0.018762017345847
2002-01-15,1.42906665375725,0.019847627373851
2002-01-16,1.3430908527809,0.00126091099576
2002-01-17,1.56502917855259,0.00856842960239
2002-01-18,1.18345268903483,0.00099186771959
2002-01-19,1.44822959130077,0.019723966545395
2002-01-20,1.59241222003719,0.004702453868844
2002-01-21,1.75408576643341,0.01666123014459
2002-01-22,1.65076065840071,0.017603266338215
2002-01-23,1.69835586592651,0.016148617983396
2002-01-24,1.88183055758086,0.013304262494938
2002-01-25,2.11221085533764,0.019069390773026
2002-01-26,1.9537399782934,0.003947507915045
2002-01-27,2.24158066155715,0.018413507015166
2002-01-28,2.82289189436145,0.013304262494938
2002-01-29,3.39354045794285,0.019922195704738
2002-01-30,3.867659344206,0.009709302749161
2002-01-31,3.39278785611416,0.010296813435999
2002-02-01,3.36219511518409,0.000876415024678
2002-02-02,3.42808177932302,0.01389924430655
2002-02-03,3.09408750304731,0.001119726514742
2002-02-04,3.20017277222082,0.003280790738734
2002-02-05,3.27708897733212,0.003947507915045
2002-02-06,3.2122000807441,0.002439600928959
2002-02-07,3.08630584615946,0.019723966545395
2002-02-08,3.03408302131708,0.019552134698773
2002-02-09,3.02415753273711,0.002439600928959
2002-02-10,2.78240970628779,0.017147192750969
2002-02-11,2.5306471711766,0.00126091099576
2002-02-12,2.48011551790624,0.010892608851628
2002-02-13,1.96119562163119,0.001977502079469
2002-02-14,1.33921371935279,0.017603266338215
2002-02-15,1.26969622477266,0.018762017345847
2002-02-16,0.99296166422794,0.005546041733973
2002-02-17,1.36600306466504,0.007486373281787
2002-02-18,1.56294966058524,0.006475879783295
2002-02-19,1.98616313194483,0.004702453868844
2002-02-20,2.27675198029126,0.016148617983396
2002-02-21,2.11392267599803,0.006971528322268
2002-02-22,2.31341387854624,0.017603266338215
2002-02-23,2.54139404046602,0.007486373281787
2002-02-24,1.91006562375863,0.003280790738734
2002-02-25,2.21240404749358,0.001119726514742
2002-02-26,1.83091930867727,0.01505687160774
2002-02-27,1.4321124740188,0.019847627373851
2002-02-28,1.64442057785988,0.002699548325659
2002-03-01,1.45182040908733,0.01505687160774
2002-03-02,1.18603659384243,0.002979735303441
2002-03-03,1.48914295103897,0.001977502079469
2002-03-04,1.03558631445141,0.002199179799021
2002-03-05,0.878873260459628,0.001119726514742
2002-03-06,1.08951626632694,0.001773729642312
2002-03-07,1.84056174856103,0.006971528322268
2002-03-08,1.84588700442814,0.017603266338215
2002-03-09,2.19384735572771,0.014484577638074
2002-03-10,1.779363193635,0.017603266338215
2002-03-11,2.66782965304596,0.001977502079469
2002-03-12,2.34721136819148,0.00099186771959
2002-03-13,1.32316650093841,0.01389924430655
2002-03-14,1.33901813931261,0.018026348123082
2002-03-15,1.36406671872202,0.002699548325659
2002-03-16,1.15449539390591,0.001977502079469
2002-03-17,1.2034416664374,0.006475879783295
2002-03-18,1.5492486268544,0.00141635188708
2002-03-19,1.17112518431393,0.010892608851628
2002-03-20,1.28145013272825,0.00099186771959
2002-03-21,1.04193027161576,0.012098536225957
2002-03-22,1.3885650920452,0.003280790738734
2002-03-23,1.54096616113674,0.013304262494938
2002-03-24,1.37689994923326,0.00099186771959
2002-03-25,1.44050110580472,0.012098536225957
2002-03-26,1.31934412058903,0.002979735303441
2002-03-27,1.4871188908517,0.019069390773026
2002-03-28,1.46514602018415,0.006971528322268
2002-03-29,1.88448079169284,0.018762017345847
2002-03-30,3.17773232050884,0.005113246228199
2002-03-31,3.36932731755198,0.019922195704738
2002-04-01,3.97187846781227,0.006475879783295
2002-04-02,4.24065843971432,0.019069390773026
2002-04-03,3.79387025440863,0.001977502079469
2002-04-04,4.13707865272829,0.00126091099576
2002-04-05,4.97970725641485,0.00126091099576
2002-04-06,5.84005002481207,0.001977502079469
2002-04-07,5.96595840518598,0.001586982591783
2002-04-08,5.72684838388907,0.003280790738734
2002-04-09,8.17593259505265,0.003947507915045
2002-04-10,9.74756049723151,0.01270295282346
2002-04-11,12.7244398985305,0.010296813435999
2002-04-12,11.0570946744927,0.015612696668338
2002-04-13,14.5507558828148,0.013304262494938
2002-04-14,10.7604144076624,0.006000450034849
2002-04-15,11.7212549559374,0.01666123014459
2002-04-16,11.6730645836015,0.003280790738734
2002-04-17,11.9370447937489,0.018026348123082
2002-04-18,10.8858290068178,0.010296813435999
2002-04-19,12.9828464096863,0.004313865941326
2002-04-20,14.3146388416195,0.001119726514742
2002-04-21,14.7364094981437,0.006475879783295
2002-04-22,22.0529507040392,0.012098536225957
2002-04-23,26.89275433034,0.00856842960239
2002-04-24,27.6194594865523,0.000876415024678
2002-04-25,27.2818836377556,0.002439600928959
2002-04-26,18.1523866697012,0.009132454269451
2002-04-27,15.809888370626,0.01389924430655
2002-04-28,14.2158377869387,0.016148617983396
2002-04-29,11.9672567723612,0.002439600928959
2002-04-30,11.5929784523003,0.015612696668338
2002-05-01,16.5197352138331,0.00856842960239
2002-05-02,18.1264052481859,0.01389924430655
2002-05-03,17.1232336849893,0.01666123014459
2002-05-04,13.6442816709443,0.006000450034849
2002-05-05,16.3408760442638,0.01505687160774
2002-05-06,15.4497258494757,0.019333405840143
2002-05-07,22.2332479452464,0.001119726514742
2002-05-08,22.7174606205408,0.019922195704738
2002-05-09,29.959939053708,0.018413507015166
2002-05-10,32.6025012244677,0.005113246228199
2002-05-11,32.7702402501523,0.001586982591783
2002-05-12,33.2731167921486,0.018026348123082
2002-05-13,37.332570740027,0.00099186771959
2002-05-14,36.7626222010466,0.012098536225957
2002-05-15,26.602149657079,0.017147192750969
2002-05-16,18.0658242819149,0.001119726514742
2002-05-17,15.4950334349635,0.013304262494938
2002-05-18,13.0258034869915,0.006971528322268
2002-05-19,13.4476785369834,0.018762017345847
2002-05-20,12.9705617271348,0.006000450034849
2002-05-21,14.1721581755447,0.018026348123082
2002-05-22,13.4197316352629,0.017603266338215
2002-05-23,14.8663553114831,0.001977502079469
2002-05-24,15.7479861862652,0.005113246228199
2002-05-25,19.4429993864198,0.003280790738734
2002-05-26,16.07760266095,0.011494107034212
2002-05-27,10.8832446362492,0.01505687160774
2002-05-28,9.51675139758462,0.019922195704738
2002-05-29,10.8998850547443,0.01270295282346
2002-05-30,9.4599225950296,0.014484577638074
2002-05-31,8.51013058680656,0.014484577638074
2002-06-01,6.51060474907669,0.006971528322268
2002-06-02,5.30469580300281,0.019723966545395
2002-06-03,5.05193795135112,0.013304262494938
2002-06-04,3.5269192420161,0.01666123014459
2002-06-05,3.38796465222056,0.019847627373851
2002-06-06,3.36629920329279,0.017603266338215
2002-06-07,3.20319862537335,0.01270295282346
2002-06-08,3.25137867241786,0.003280790738734
2002-06-09,2.81884979703959,0.00141635188708
2002-06-10,3.60616072914169,0.006000450034849
2002-06-11,4.18326312180771,0.007486373281787
2002-06-12,3.53555823177474,0.003603243716811
2002-06-13,3.44715826794693,0.018413507015166
2002-06-14,2.98829423760927,0.002439600928959
2002-06-15,3.8154814664409,0.019947114020072
2002-06-16,3.68826539073365,0.002699548325659
2002-06-17,2.87186183180546,0.013304262494938
2002-06-18,3.3675906916254,0.019723966545395
2002-06-19,3.76762005493951,0.017147192750969
2002-06-20,3.58128939289441,0.001586982591783
2002-06-21,3.19276763082059,0.015612696668338
2002-06-22,2.90715032579449,0.019333405840143
2002-06-23,2.84280172667666,0.015612696668338
2002-06-24,2.2773680928621,0.014484577638074
2002-06-25,3.2351314035213,0.013304262494938
2002-06-26,3.15587218041387,0.00099186771959
2002-06-27,4.85613105307107,0.00856842960239
2002-06-28,4.39217339812098,0.019552134698773
2002-06-29,4.17008738746619,0.003280790738734
2002-06-30,3.89229952412066,0.012098536225957
2002-07-01,4.61955579883377,0.010296813435999
2002-07-02,5.58536314342884,0.01505687160774
2002-07-03,5.88982516095633,0.006000450034849
2002-07-04,7.32128754451503,0.00856842960239
2002-07-05,9.13767045551479,0.018413507015166
2002-07-06,11.0491950944718,0.01505687160774
2002-07-07,10.0650382529217,0.006971528322268
2002-07-08,7.92730063920673,0.019333405840143
2002-07-09,5.66905941419339,0.00141635188708
2002-07-10,4.19236633220697,0.009709302749161
2002-07-11,3.89658395668736,0.015612696668338
2002-07-12,2.98116182449568,0.003947507915045
2002-07-13,2.888222040646,0.019947114020072
2002-07-14,3.85467912624504,0.001586982591783
2002-07-15,3.69902418592174,0.009132454269451
2002-07-16,2.50863798899314,0.005113246228199
2002-07-17,2.93824717181963,0.001977502079469
2002-07-18,2.780896717532,0.003280790738734
2002-07-19,2.49151108231255,0.009709302749161
2002-07-20,2.3365741233057,0.018762017345847
2002-07-21,1.77466670307878,0.019847627373851
2002-07-22,1.76353842504791,0.012098536225957
2002-07-23,2.03040086367449,0.013304262494938
2002-07-24,1.63766706111959,0.018762017345847
2002-07-25,1.81713196339501,0.002699548325659
2002-07-26,2.03216452893249,0.019723966545395
2002-07-27,1.79577819239852,0.019723966545395
2002-07-28,2.17554165277117,0.001119726514742
2002-07-29,1.70836049750759,0.00126091099576
2002-07-30,1.84684849834353,0.009709302749161
